// Generated by scripts/gen_java_regex.sh from Java 21.0.11. Do not edit.

//! What `Character` says of each code point, as runs of code points: the
//! first, the last and, where it varies, what they share.

/// `Character.getType` of every code point it does not call UNASSIGNED.
pub(super) const CATEGORIES: &[(u32, u32, u8)] = &[
    (0x0000, 0x001F, 15), (0x0020, 0x0020, 12), (0x0021, 0x0023, 24), (0x0024, 0x0024, 26), (0x0025, 0x0027, 24),
    (0x0028, 0x0028, 21), (0x0029, 0x0029, 22), (0x002A, 0x002A, 24), (0x002B, 0x002B, 25), (0x002C, 0x002C, 24),
    (0x002D, 0x002D, 20), (0x002E, 0x002F, 24), (0x0030, 0x0039, 9), (0x003A, 0x003B, 24), (0x003C, 0x003E, 25),
    (0x003F, 0x0040, 24), (0x0041, 0x005A, 1), (0x005B, 0x005B, 21), (0x005C, 0x005C, 24), (0x005D, 0x005D, 22),
    (0x005E, 0x005E, 27), (0x005F, 0x005F, 23), (0x0060, 0x0060, 27), (0x0061, 0x007A, 2), (0x007B, 0x007B, 21),
    (0x007C, 0x007C, 25), (0x007D, 0x007D, 22), (0x007E, 0x007E, 25), (0x007F, 0x009F, 15), (0x00A0, 0x00A0, 12),
    (0x00A1, 0x00A1, 24), (0x00A2, 0x00A5, 26), (0x00A6, 0x00A6, 28), (0x00A7, 0x00A7, 24), (0x00A8, 0x00A8, 27),
    (0x00A9, 0x00A9, 28), (0x00AA, 0x00AA, 5), (0x00AB, 0x00AB, 29), (0x00AC, 0x00AC, 25), (0x00AD, 0x00AD, 16),
    (0x00AE, 0x00AE, 28), (0x00AF, 0x00AF, 27), (0x00B0, 0x00B0, 28), (0x00B1, 0x00B1, 25), (0x00B2, 0x00B3, 11),
    (0x00B4, 0x00B4, 27), (0x00B5, 0x00B5, 2), (0x00B6, 0x00B7, 24), (0x00B8, 0x00B8, 27), (0x00B9, 0x00B9, 11),
    (0x00BA, 0x00BA, 5), (0x00BB, 0x00BB, 30), (0x00BC, 0x00BE, 11), (0x00BF, 0x00BF, 24), (0x00C0, 0x00D6, 1),
    (0x00D7, 0x00D7, 25), (0x00D8, 0x00DE, 1), (0x00DF, 0x00F6, 2), (0x00F7, 0x00F7, 25), (0x00F8, 0x00FF, 2),
    (0x0100, 0x0100, 1), (0x0101, 0x0101, 2), (0x0102, 0x0102, 1), (0x0103, 0x0103, 2), (0x0104, 0x0104, 1),
    (0x0105, 0x0105, 2), (0x0106, 0x0106, 1), (0x0107, 0x0107, 2), (0x0108, 0x0108, 1), (0x0109, 0x0109, 2),
    (0x010A, 0x010A, 1), (0x010B, 0x010B, 2), (0x010C, 0x010C, 1), (0x010D, 0x010D, 2), (0x010E, 0x010E, 1),
    (0x010F, 0x010F, 2), (0x0110, 0x0110, 1), (0x0111, 0x0111, 2), (0x0112, 0x0112, 1), (0x0113, 0x0113, 2),
    (0x0114, 0x0114, 1), (0x0115, 0x0115, 2), (0x0116, 0x0116, 1), (0x0117, 0x0117, 2), (0x0118, 0x0118, 1),
    (0x0119, 0x0119, 2), (0x011A, 0x011A, 1), (0x011B, 0x011B, 2), (0x011C, 0x011C, 1), (0x011D, 0x011D, 2),
    (0x011E, 0x011E, 1), (0x011F, 0x011F, 2), (0x0120, 0x0120, 1), (0x0121, 0x0121, 2), (0x0122, 0x0122, 1),
    (0x0123, 0x0123, 2), (0x0124, 0x0124, 1), (0x0125, 0x0125, 2), (0x0126, 0x0126, 1), (0x0127, 0x0127, 2),
    (0x0128, 0x0128, 1), (0x0129, 0x0129, 2), (0x012A, 0x012A, 1), (0x012B, 0x012B, 2), (0x012C, 0x012C, 1),
    (0x012D, 0x012D, 2), (0x012E, 0x012E, 1), (0x012F, 0x012F, 2), (0x0130, 0x0130, 1), (0x0131, 0x0131, 2),
    (0x0132, 0x0132, 1), (0x0133, 0x0133, 2), (0x0134, 0x0134, 1), (0x0135, 0x0135, 2), (0x0136, 0x0136, 1),
    (0x0137, 0x0138, 2), (0x0139, 0x0139, 1), (0x013A, 0x013A, 2), (0x013B, 0x013B, 1), (0x013C, 0x013C, 2),
    (0x013D, 0x013D, 1), (0x013E, 0x013E, 2), (0x013F, 0x013F, 1), (0x0140, 0x0140, 2), (0x0141, 0x0141, 1),
    (0x0142, 0x0142, 2), (0x0143, 0x0143, 1), (0x0144, 0x0144, 2), (0x0145, 0x0145, 1), (0x0146, 0x0146, 2),
    (0x0147, 0x0147, 1), (0x0148, 0x0149, 2), (0x014A, 0x014A, 1), (0x014B, 0x014B, 2), (0x014C, 0x014C, 1),
    (0x014D, 0x014D, 2), (0x014E, 0x014E, 1), (0x014F, 0x014F, 2), (0x0150, 0x0150, 1), (0x0151, 0x0151, 2),
    (0x0152, 0x0152, 1), (0x0153, 0x0153, 2), (0x0154, 0x0154, 1), (0x0155, 0x0155, 2), (0x0156, 0x0156, 1),
    (0x0157, 0x0157, 2), (0x0158, 0x0158, 1), (0x0159, 0x0159, 2), (0x015A, 0x015A, 1), (0x015B, 0x015B, 2),
    (0x015C, 0x015C, 1), (0x015D, 0x015D, 2), (0x015E, 0x015E, 1), (0x015F, 0x015F, 2), (0x0160, 0x0160, 1),
    (0x0161, 0x0161, 2), (0x0162, 0x0162, 1), (0x0163, 0x0163, 2), (0x0164, 0x0164, 1), (0x0165, 0x0165, 2),
    (0x0166, 0x0166, 1), (0x0167, 0x0167, 2), (0x0168, 0x0168, 1), (0x0169, 0x0169, 2), (0x016A, 0x016A, 1),
    (0x016B, 0x016B, 2), (0x016C, 0x016C, 1), (0x016D, 0x016D, 2), (0x016E, 0x016E, 1), (0x016F, 0x016F, 2),
    (0x0170, 0x0170, 1), (0x0171, 0x0171, 2), (0x0172, 0x0172, 1), (0x0173, 0x0173, 2), (0x0174, 0x0174, 1),
    (0x0175, 0x0175, 2), (0x0176, 0x0176, 1), (0x0177, 0x0177, 2), (0x0178, 0x0179, 1), (0x017A, 0x017A, 2),
    (0x017B, 0x017B, 1), (0x017C, 0x017C, 2), (0x017D, 0x017D, 1), (0x017E, 0x0180, 2), (0x0181, 0x0182, 1),
    (0x0183, 0x0183, 2), (0x0184, 0x0184, 1), (0x0185, 0x0185, 2), (0x0186, 0x0187, 1), (0x0188, 0x0188, 2),
    (0x0189, 0x018B, 1), (0x018C, 0x018D, 2), (0x018E, 0x0191, 1), (0x0192, 0x0192, 2), (0x0193, 0x0194, 1),
    (0x0195, 0x0195, 2), (0x0196, 0x0198, 1), (0x0199, 0x019B, 2), (0x019C, 0x019D, 1), (0x019E, 0x019E, 2),
    (0x019F, 0x01A0, 1), (0x01A1, 0x01A1, 2), (0x01A2, 0x01A2, 1), (0x01A3, 0x01A3, 2), (0x01A4, 0x01A4, 1),
    (0x01A5, 0x01A5, 2), (0x01A6, 0x01A7, 1), (0x01A8, 0x01A8, 2), (0x01A9, 0x01A9, 1), (0x01AA, 0x01AB, 2),
    (0x01AC, 0x01AC, 1), (0x01AD, 0x01AD, 2), (0x01AE, 0x01AF, 1), (0x01B0, 0x01B0, 2), (0x01B1, 0x01B3, 1),
    (0x01B4, 0x01B4, 2), (0x01B5, 0x01B5, 1), (0x01B6, 0x01B6, 2), (0x01B7, 0x01B8, 1), (0x01B9, 0x01BA, 2),
    (0x01BB, 0x01BB, 5), (0x01BC, 0x01BC, 1), (0x01BD, 0x01BF, 2), (0x01C0, 0x01C3, 5), (0x01C4, 0x01C4, 1),
    (0x01C5, 0x01C5, 3), (0x01C6, 0x01C6, 2), (0x01C7, 0x01C7, 1), (0x01C8, 0x01C8, 3), (0x01C9, 0x01C9, 2),
    (0x01CA, 0x01CA, 1), (0x01CB, 0x01CB, 3), (0x01CC, 0x01CC, 2), (0x01CD, 0x01CD, 1), (0x01CE, 0x01CE, 2),
    (0x01CF, 0x01CF, 1), (0x01D0, 0x01D0, 2), (0x01D1, 0x01D1, 1), (0x01D2, 0x01D2, 2), (0x01D3, 0x01D3, 1),
    (0x01D4, 0x01D4, 2), (0x01D5, 0x01D5, 1), (0x01D6, 0x01D6, 2), (0x01D7, 0x01D7, 1), (0x01D8, 0x01D8, 2),
    (0x01D9, 0x01D9, 1), (0x01DA, 0x01DA, 2), (0x01DB, 0x01DB, 1), (0x01DC, 0x01DD, 2), (0x01DE, 0x01DE, 1),
    (0x01DF, 0x01DF, 2), (0x01E0, 0x01E0, 1), (0x01E1, 0x01E1, 2), (0x01E2, 0x01E2, 1), (0x01E3, 0x01E3, 2),
    (0x01E4, 0x01E4, 1), (0x01E5, 0x01E5, 2), (0x01E6, 0x01E6, 1), (0x01E7, 0x01E7, 2), (0x01E8, 0x01E8, 1),
    (0x01E9, 0x01E9, 2), (0x01EA, 0x01EA, 1), (0x01EB, 0x01EB, 2), (0x01EC, 0x01EC, 1), (0x01ED, 0x01ED, 2),
    (0x01EE, 0x01EE, 1), (0x01EF, 0x01F0, 2), (0x01F1, 0x01F1, 1), (0x01F2, 0x01F2, 3), (0x01F3, 0x01F3, 2),
    (0x01F4, 0x01F4, 1), (0x01F5, 0x01F5, 2), (0x01F6, 0x01F8, 1), (0x01F9, 0x01F9, 2), (0x01FA, 0x01FA, 1),
    (0x01FB, 0x01FB, 2), (0x01FC, 0x01FC, 1), (0x01FD, 0x01FD, 2), (0x01FE, 0x01FE, 1), (0x01FF, 0x01FF, 2),
    (0x0200, 0x0200, 1), (0x0201, 0x0201, 2), (0x0202, 0x0202, 1), (0x0203, 0x0203, 2), (0x0204, 0x0204, 1),
    (0x0205, 0x0205, 2), (0x0206, 0x0206, 1), (0x0207, 0x0207, 2), (0x0208, 0x0208, 1), (0x0209, 0x0209, 2),
    (0x020A, 0x020A, 1), (0x020B, 0x020B, 2), (0x020C, 0x020C, 1), (0x020D, 0x020D, 2), (0x020E, 0x020E, 1),
    (0x020F, 0x020F, 2), (0x0210, 0x0210, 1), (0x0211, 0x0211, 2), (0x0212, 0x0212, 1), (0x0213, 0x0213, 2),
    (0x0214, 0x0214, 1), (0x0215, 0x0215, 2), (0x0216, 0x0216, 1), (0x0217, 0x0217, 2), (0x0218, 0x0218, 1),
    (0x0219, 0x0219, 2), (0x021A, 0x021A, 1), (0x021B, 0x021B, 2), (0x021C, 0x021C, 1), (0x021D, 0x021D, 2),
    (0x021E, 0x021E, 1), (0x021F, 0x021F, 2), (0x0220, 0x0220, 1), (0x0221, 0x0221, 2), (0x0222, 0x0222, 1),
    (0x0223, 0x0223, 2), (0x0224, 0x0224, 1), (0x0225, 0x0225, 2), (0x0226, 0x0226, 1), (0x0227, 0x0227, 2),
    (0x0228, 0x0228, 1), (0x0229, 0x0229, 2), (0x022A, 0x022A, 1), (0x022B, 0x022B, 2), (0x022C, 0x022C, 1),
    (0x022D, 0x022D, 2), (0x022E, 0x022E, 1), (0x022F, 0x022F, 2), (0x0230, 0x0230, 1), (0x0231, 0x0231, 2),
    (0x0232, 0x0232, 1), (0x0233, 0x0239, 2), (0x023A, 0x023B, 1), (0x023C, 0x023C, 2), (0x023D, 0x023E, 1),
    (0x023F, 0x0240, 2), (0x0241, 0x0241, 1), (0x0242, 0x0242, 2), (0x0243, 0x0246, 1), (0x0247, 0x0247, 2),
    (0x0248, 0x0248, 1), (0x0249, 0x0249, 2), (0x024A, 0x024A, 1), (0x024B, 0x024B, 2), (0x024C, 0x024C, 1),
    (0x024D, 0x024D, 2), (0x024E, 0x024E, 1), (0x024F, 0x0293, 2), (0x0294, 0x0294, 5), (0x0295, 0x02AF, 2),
    (0x02B0, 0x02C1, 4), (0x02C2, 0x02C5, 27), (0x02C6, 0x02D1, 4), (0x02D2, 0x02DF, 27), (0x02E0, 0x02E4, 4),
    (0x02E5, 0x02EB, 27), (0x02EC, 0x02EC, 4), (0x02ED, 0x02ED, 27), (0x02EE, 0x02EE, 4), (0x02EF, 0x02FF, 27),
    (0x0300, 0x036F, 6), (0x0370, 0x0370, 1), (0x0371, 0x0371, 2), (0x0372, 0x0372, 1), (0x0373, 0x0373, 2),
    (0x0374, 0x0374, 4), (0x0375, 0x0375, 27), (0x0376, 0x0376, 1), (0x0377, 0x0377, 2), (0x037A, 0x037A, 4),
    (0x037B, 0x037D, 2), (0x037E, 0x037E, 24), (0x037F, 0x037F, 1), (0x0384, 0x0385, 27), (0x0386, 0x0386, 1),
    (0x0387, 0x0387, 24), (0x0388, 0x038A, 1), (0x038C, 0x038C, 1), (0x038E, 0x038F, 1), (0x0390, 0x0390, 2),
    (0x0391, 0x03A1, 1), (0x03A3, 0x03AB, 1), (0x03AC, 0x03CE, 2), (0x03CF, 0x03CF, 1), (0x03D0, 0x03D1, 2),
    (0x03D2, 0x03D4, 1), (0x03D5, 0x03D7, 2), (0x03D8, 0x03D8, 1), (0x03D9, 0x03D9, 2), (0x03DA, 0x03DA, 1),
    (0x03DB, 0x03DB, 2), (0x03DC, 0x03DC, 1), (0x03DD, 0x03DD, 2), (0x03DE, 0x03DE, 1), (0x03DF, 0x03DF, 2),
    (0x03E0, 0x03E0, 1), (0x03E1, 0x03E1, 2), (0x03E2, 0x03E2, 1), (0x03E3, 0x03E3, 2), (0x03E4, 0x03E4, 1),
    (0x03E5, 0x03E5, 2), (0x03E6, 0x03E6, 1), (0x03E7, 0x03E7, 2), (0x03E8, 0x03E8, 1), (0x03E9, 0x03E9, 2),
    (0x03EA, 0x03EA, 1), (0x03EB, 0x03EB, 2), (0x03EC, 0x03EC, 1), (0x03ED, 0x03ED, 2), (0x03EE, 0x03EE, 1),
    (0x03EF, 0x03F3, 2), (0x03F4, 0x03F4, 1), (0x03F5, 0x03F5, 2), (0x03F6, 0x03F6, 25), (0x03F7, 0x03F7, 1),
    (0x03F8, 0x03F8, 2), (0x03F9, 0x03FA, 1), (0x03FB, 0x03FC, 2), (0x03FD, 0x042F, 1), (0x0430, 0x045F, 2),
    (0x0460, 0x0460, 1), (0x0461, 0x0461, 2), (0x0462, 0x0462, 1), (0x0463, 0x0463, 2), (0x0464, 0x0464, 1),
    (0x0465, 0x0465, 2), (0x0466, 0x0466, 1), (0x0467, 0x0467, 2), (0x0468, 0x0468, 1), (0x0469, 0x0469, 2),
    (0x046A, 0x046A, 1), (0x046B, 0x046B, 2), (0x046C, 0x046C, 1), (0x046D, 0x046D, 2), (0x046E, 0x046E, 1),
    (0x046F, 0x046F, 2), (0x0470, 0x0470, 1), (0x0471, 0x0471, 2), (0x0472, 0x0472, 1), (0x0473, 0x0473, 2),
    (0x0474, 0x0474, 1), (0x0475, 0x0475, 2), (0x0476, 0x0476, 1), (0x0477, 0x0477, 2), (0x0478, 0x0478, 1),
    (0x0479, 0x0479, 2), (0x047A, 0x047A, 1), (0x047B, 0x047B, 2), (0x047C, 0x047C, 1), (0x047D, 0x047D, 2),
    (0x047E, 0x047E, 1), (0x047F, 0x047F, 2), (0x0480, 0x0480, 1), (0x0481, 0x0481, 2), (0x0482, 0x0482, 28),
    (0x0483, 0x0487, 6), (0x0488, 0x0489, 7), (0x048A, 0x048A, 1), (0x048B, 0x048B, 2), (0x048C, 0x048C, 1),
    (0x048D, 0x048D, 2), (0x048E, 0x048E, 1), (0x048F, 0x048F, 2), (0x0490, 0x0490, 1), (0x0491, 0x0491, 2),
    (0x0492, 0x0492, 1), (0x0493, 0x0493, 2), (0x0494, 0x0494, 1), (0x0495, 0x0495, 2), (0x0496, 0x0496, 1),
    (0x0497, 0x0497, 2), (0x0498, 0x0498, 1), (0x0499, 0x0499, 2), (0x049A, 0x049A, 1), (0x049B, 0x049B, 2),
    (0x049C, 0x049C, 1), (0x049D, 0x049D, 2), (0x049E, 0x049E, 1), (0x049F, 0x049F, 2), (0x04A0, 0x04A0, 1),
    (0x04A1, 0x04A1, 2), (0x04A2, 0x04A2, 1), (0x04A3, 0x04A3, 2), (0x04A4, 0x04A4, 1), (0x04A5, 0x04A5, 2),
    (0x04A6, 0x04A6, 1), (0x04A7, 0x04A7, 2), (0x04A8, 0x04A8, 1), (0x04A9, 0x04A9, 2), (0x04AA, 0x04AA, 1),
    (0x04AB, 0x04AB, 2), (0x04AC, 0x04AC, 1), (0x04AD, 0x04AD, 2), (0x04AE, 0x04AE, 1), (0x04AF, 0x04AF, 2),
    (0x04B0, 0x04B0, 1), (0x04B1, 0x04B1, 2), (0x04B2, 0x04B2, 1), (0x04B3, 0x04B3, 2), (0x04B4, 0x04B4, 1),
    (0x04B5, 0x04B5, 2), (0x04B6, 0x04B6, 1), (0x04B7, 0x04B7, 2), (0x04B8, 0x04B8, 1), (0x04B9, 0x04B9, 2),
    (0x04BA, 0x04BA, 1), (0x04BB, 0x04BB, 2), (0x04BC, 0x04BC, 1), (0x04BD, 0x04BD, 2), (0x04BE, 0x04BE, 1),
    (0x04BF, 0x04BF, 2), (0x04C0, 0x04C1, 1), (0x04C2, 0x04C2, 2), (0x04C3, 0x04C3, 1), (0x04C4, 0x04C4, 2),
    (0x04C5, 0x04C5, 1), (0x04C6, 0x04C6, 2), (0x04C7, 0x04C7, 1), (0x04C8, 0x04C8, 2), (0x04C9, 0x04C9, 1),
    (0x04CA, 0x04CA, 2), (0x04CB, 0x04CB, 1), (0x04CC, 0x04CC, 2), (0x04CD, 0x04CD, 1), (0x04CE, 0x04CF, 2),
    (0x04D0, 0x04D0, 1), (0x04D1, 0x04D1, 2), (0x04D2, 0x04D2, 1), (0x04D3, 0x04D3, 2), (0x04D4, 0x04D4, 1),
    (0x04D5, 0x04D5, 2), (0x04D6, 0x04D6, 1), (0x04D7, 0x04D7, 2), (0x04D8, 0x04D8, 1), (0x04D9, 0x04D9, 2),
    (0x04DA, 0x04DA, 1), (0x04DB, 0x04DB, 2), (0x04DC, 0x04DC, 1), (0x04DD, 0x04DD, 2), (0x04DE, 0x04DE, 1),
    (0x04DF, 0x04DF, 2), (0x04E0, 0x04E0, 1), (0x04E1, 0x04E1, 2), (0x04E2, 0x04E2, 1), (0x04E3, 0x04E3, 2),
    (0x04E4, 0x04E4, 1), (0x04E5, 0x04E5, 2), (0x04E6, 0x04E6, 1), (0x04E7, 0x04E7, 2), (0x04E8, 0x04E8, 1),
    (0x04E9, 0x04E9, 2), (0x04EA, 0x04EA, 1), (0x04EB, 0x04EB, 2), (0x04EC, 0x04EC, 1), (0x04ED, 0x04ED, 2),
    (0x04EE, 0x04EE, 1), (0x04EF, 0x04EF, 2), (0x04F0, 0x04F0, 1), (0x04F1, 0x04F1, 2), (0x04F2, 0x04F2, 1),
    (0x04F3, 0x04F3, 2), (0x04F4, 0x04F4, 1), (0x04F5, 0x04F5, 2), (0x04F6, 0x04F6, 1), (0x04F7, 0x04F7, 2),
    (0x04F8, 0x04F8, 1), (0x04F9, 0x04F9, 2), (0x04FA, 0x04FA, 1), (0x04FB, 0x04FB, 2), (0x04FC, 0x04FC, 1),
    (0x04FD, 0x04FD, 2), (0x04FE, 0x04FE, 1), (0x04FF, 0x04FF, 2), (0x0500, 0x0500, 1), (0x0501, 0x0501, 2),
    (0x0502, 0x0502, 1), (0x0503, 0x0503, 2), (0x0504, 0x0504, 1), (0x0505, 0x0505, 2), (0x0506, 0x0506, 1),
    (0x0507, 0x0507, 2), (0x0508, 0x0508, 1), (0x0509, 0x0509, 2), (0x050A, 0x050A, 1), (0x050B, 0x050B, 2),
    (0x050C, 0x050C, 1), (0x050D, 0x050D, 2), (0x050E, 0x050E, 1), (0x050F, 0x050F, 2), (0x0510, 0x0510, 1),
    (0x0511, 0x0511, 2), (0x0512, 0x0512, 1), (0x0513, 0x0513, 2), (0x0514, 0x0514, 1), (0x0515, 0x0515, 2),
    (0x0516, 0x0516, 1), (0x0517, 0x0517, 2), (0x0518, 0x0518, 1), (0x0519, 0x0519, 2), (0x051A, 0x051A, 1),
    (0x051B, 0x051B, 2), (0x051C, 0x051C, 1), (0x051D, 0x051D, 2), (0x051E, 0x051E, 1), (0x051F, 0x051F, 2),
    (0x0520, 0x0520, 1), (0x0521, 0x0521, 2), (0x0522, 0x0522, 1), (0x0523, 0x0523, 2), (0x0524, 0x0524, 1),
    (0x0525, 0x0525, 2), (0x0526, 0x0526, 1), (0x0527, 0x0527, 2), (0x0528, 0x0528, 1), (0x0529, 0x0529, 2),
    (0x052A, 0x052A, 1), (0x052B, 0x052B, 2), (0x052C, 0x052C, 1), (0x052D, 0x052D, 2), (0x052E, 0x052E, 1),
    (0x052F, 0x052F, 2), (0x0531, 0x0556, 1), (0x0559, 0x0559, 4), (0x055A, 0x055F, 24), (0x0560, 0x0588, 2),
    (0x0589, 0x0589, 24), (0x058A, 0x058A, 20), (0x058D, 0x058E, 28), (0x058F, 0x058F, 26), (0x0591, 0x05BD, 6),
    (0x05BE, 0x05BE, 20), (0x05BF, 0x05BF, 6), (0x05C0, 0x05C0, 24), (0x05C1, 0x05C2, 6), (0x05C3, 0x05C3, 24),
    (0x05C4, 0x05C5, 6), (0x05C6, 0x05C6, 24), (0x05C7, 0x05C7, 6), (0x05D0, 0x05EA, 5), (0x05EF, 0x05F2, 5),
    (0x05F3, 0x05F4, 24), (0x0600, 0x0605, 16), (0x0606, 0x0608, 25), (0x0609, 0x060A, 24), (0x060B, 0x060B, 26),
    (0x060C, 0x060D, 24), (0x060E, 0x060F, 28), (0x0610, 0x061A, 6), (0x061B, 0x061B, 24), (0x061C, 0x061C, 16),
    (0x061D, 0x061F, 24), (0x0620, 0x063F, 5), (0x0640, 0x0640, 4), (0x0641, 0x064A, 5), (0x064B, 0x065F, 6),
    (0x0660, 0x0669, 9), (0x066A, 0x066D, 24), (0x066E, 0x066F, 5), (0x0670, 0x0670, 6), (0x0671, 0x06D3, 5),
    (0x06D4, 0x06D4, 24), (0x06D5, 0x06D5, 5), (0x06D6, 0x06DC, 6), (0x06DD, 0x06DD, 16), (0x06DE, 0x06DE, 28),
    (0x06DF, 0x06E4, 6), (0x06E5, 0x06E6, 4), (0x06E7, 0x06E8, 6), (0x06E9, 0x06E9, 28), (0x06EA, 0x06ED, 6),
    (0x06EE, 0x06EF, 5), (0x06F0, 0x06F9, 9), (0x06FA, 0x06FC, 5), (0x06FD, 0x06FE, 28), (0x06FF, 0x06FF, 5),
    (0x0700, 0x070D, 24), (0x070F, 0x070F, 16), (0x0710, 0x0710, 5), (0x0711, 0x0711, 6), (0x0712, 0x072F, 5),
    (0x0730, 0x074A, 6), (0x074D, 0x07A5, 5), (0x07A6, 0x07B0, 6), (0x07B1, 0x07B1, 5), (0x07C0, 0x07C9, 9),
    (0x07CA, 0x07EA, 5), (0x07EB, 0x07F3, 6), (0x07F4, 0x07F5, 4), (0x07F6, 0x07F6, 28), (0x07F7, 0x07F9, 24),
    (0x07FA, 0x07FA, 4), (0x07FD, 0x07FD, 6), (0x07FE, 0x07FF, 26), (0x0800, 0x0815, 5), (0x0816, 0x0819, 6),
    (0x081A, 0x081A, 4), (0x081B, 0x0823, 6), (0x0824, 0x0824, 4), (0x0825, 0x0827, 6), (0x0828, 0x0828, 4),
    (0x0829, 0x082D, 6), (0x0830, 0x083E, 24), (0x0840, 0x0858, 5), (0x0859, 0x085B, 6), (0x085E, 0x085E, 24),
    (0x0860, 0x086A, 5), (0x0870, 0x0887, 5), (0x0888, 0x0888, 27), (0x0889, 0x088E, 5), (0x0890, 0x0891, 16),
    (0x0898, 0x089F, 6), (0x08A0, 0x08C8, 5), (0x08C9, 0x08C9, 4), (0x08CA, 0x08E1, 6), (0x08E2, 0x08E2, 16),
    (0x08E3, 0x0902, 6), (0x0903, 0x0903, 8), (0x0904, 0x0939, 5), (0x093A, 0x093A, 6), (0x093B, 0x093B, 8),
    (0x093C, 0x093C, 6), (0x093D, 0x093D, 5), (0x093E, 0x0940, 8), (0x0941, 0x0948, 6), (0x0949, 0x094C, 8),
    (0x094D, 0x094D, 6), (0x094E, 0x094F, 8), (0x0950, 0x0950, 5), (0x0951, 0x0957, 6), (0x0958, 0x0961, 5),
    (0x0962, 0x0963, 6), (0x0964, 0x0965, 24), (0x0966, 0x096F, 9), (0x0970, 0x0970, 24), (0x0971, 0x0971, 4),
    (0x0972, 0x0980, 5), (0x0981, 0x0981, 6), (0x0982, 0x0983, 8), (0x0985, 0x098C, 5), (0x098F, 0x0990, 5),
    (0x0993, 0x09A8, 5), (0x09AA, 0x09B0, 5), (0x09B2, 0x09B2, 5), (0x09B6, 0x09B9, 5), (0x09BC, 0x09BC, 6),
    (0x09BD, 0x09BD, 5), (0x09BE, 0x09C0, 8), (0x09C1, 0x09C4, 6), (0x09C7, 0x09C8, 8), (0x09CB, 0x09CC, 8),
    (0x09CD, 0x09CD, 6), (0x09CE, 0x09CE, 5), (0x09D7, 0x09D7, 8), (0x09DC, 0x09DD, 5), (0x09DF, 0x09E1, 5),
    (0x09E2, 0x09E3, 6), (0x09E6, 0x09EF, 9), (0x09F0, 0x09F1, 5), (0x09F2, 0x09F3, 26), (0x09F4, 0x09F9, 11),
    (0x09FA, 0x09FA, 28), (0x09FB, 0x09FB, 26), (0x09FC, 0x09FC, 5), (0x09FD, 0x09FD, 24), (0x09FE, 0x09FE, 6),
    (0x0A01, 0x0A02, 6), (0x0A03, 0x0A03, 8), (0x0A05, 0x0A0A, 5), (0x0A0F, 0x0A10, 5), (0x0A13, 0x0A28, 5),
    (0x0A2A, 0x0A30, 5), (0x0A32, 0x0A33, 5), (0x0A35, 0x0A36, 5), (0x0A38, 0x0A39, 5), (0x0A3C, 0x0A3C, 6),
    (0x0A3E, 0x0A40, 8), (0x0A41, 0x0A42, 6), (0x0A47, 0x0A48, 6), (0x0A4B, 0x0A4D, 6), (0x0A51, 0x0A51, 6),
    (0x0A59, 0x0A5C, 5), (0x0A5E, 0x0A5E, 5), (0x0A66, 0x0A6F, 9), (0x0A70, 0x0A71, 6), (0x0A72, 0x0A74, 5),
    (0x0A75, 0x0A75, 6), (0x0A76, 0x0A76, 24), (0x0A81, 0x0A82, 6), (0x0A83, 0x0A83, 8), (0x0A85, 0x0A8D, 5),
    (0x0A8F, 0x0A91, 5), (0x0A93, 0x0AA8, 5), (0x0AAA, 0x0AB0, 5), (0x0AB2, 0x0AB3, 5), (0x0AB5, 0x0AB9, 5),
    (0x0ABC, 0x0ABC, 6), (0x0ABD, 0x0ABD, 5), (0x0ABE, 0x0AC0, 8), (0x0AC1, 0x0AC5, 6), (0x0AC7, 0x0AC8, 6),
    (0x0AC9, 0x0AC9, 8), (0x0ACB, 0x0ACC, 8), (0x0ACD, 0x0ACD, 6), (0x0AD0, 0x0AD0, 5), (0x0AE0, 0x0AE1, 5),
    (0x0AE2, 0x0AE3, 6), (0x0AE6, 0x0AEF, 9), (0x0AF0, 0x0AF0, 24), (0x0AF1, 0x0AF1, 26), (0x0AF9, 0x0AF9, 5),
    (0x0AFA, 0x0AFF, 6), (0x0B01, 0x0B01, 6), (0x0B02, 0x0B03, 8), (0x0B05, 0x0B0C, 5), (0x0B0F, 0x0B10, 5),
    (0x0B13, 0x0B28, 5), (0x0B2A, 0x0B30, 5), (0x0B32, 0x0B33, 5), (0x0B35, 0x0B39, 5), (0x0B3C, 0x0B3C, 6),
    (0x0B3D, 0x0B3D, 5), (0x0B3E, 0x0B3E, 8), (0x0B3F, 0x0B3F, 6), (0x0B40, 0x0B40, 8), (0x0B41, 0x0B44, 6),
    (0x0B47, 0x0B48, 8), (0x0B4B, 0x0B4C, 8), (0x0B4D, 0x0B4D, 6), (0x0B55, 0x0B56, 6), (0x0B57, 0x0B57, 8),
    (0x0B5C, 0x0B5D, 5), (0x0B5F, 0x0B61, 5), (0x0B62, 0x0B63, 6), (0x0B66, 0x0B6F, 9), (0x0B70, 0x0B70, 28),
    (0x0B71, 0x0B71, 5), (0x0B72, 0x0B77, 11), (0x0B82, 0x0B82, 6), (0x0B83, 0x0B83, 5), (0x0B85, 0x0B8A, 5),
    (0x0B8E, 0x0B90, 5), (0x0B92, 0x0B95, 5), (0x0B99, 0x0B9A, 5), (0x0B9C, 0x0B9C, 5), (0x0B9E, 0x0B9F, 5),
    (0x0BA3, 0x0BA4, 5), (0x0BA8, 0x0BAA, 5), (0x0BAE, 0x0BB9, 5), (0x0BBE, 0x0BBF, 8), (0x0BC0, 0x0BC0, 6),
    (0x0BC1, 0x0BC2, 8), (0x0BC6, 0x0BC8, 8), (0x0BCA, 0x0BCC, 8), (0x0BCD, 0x0BCD, 6), (0x0BD0, 0x0BD0, 5),
    (0x0BD7, 0x0BD7, 8), (0x0BE6, 0x0BEF, 9), (0x0BF0, 0x0BF2, 11), (0x0BF3, 0x0BF8, 28), (0x0BF9, 0x0BF9, 26),
    (0x0BFA, 0x0BFA, 28), (0x0C00, 0x0C00, 6), (0x0C01, 0x0C03, 8), (0x0C04, 0x0C04, 6), (0x0C05, 0x0C0C, 5),
    (0x0C0E, 0x0C10, 5), (0x0C12, 0x0C28, 5), (0x0C2A, 0x0C39, 5), (0x0C3C, 0x0C3C, 6), (0x0C3D, 0x0C3D, 5),
    (0x0C3E, 0x0C40, 6), (0x0C41, 0x0C44, 8), (0x0C46, 0x0C48, 6), (0x0C4A, 0x0C4D, 6), (0x0C55, 0x0C56, 6),
    (0x0C58, 0x0C5A, 5), (0x0C5D, 0x0C5D, 5), (0x0C60, 0x0C61, 5), (0x0C62, 0x0C63, 6), (0x0C66, 0x0C6F, 9),
    (0x0C77, 0x0C77, 24), (0x0C78, 0x0C7E, 11), (0x0C7F, 0x0C7F, 28), (0x0C80, 0x0C80, 5), (0x0C81, 0x0C81, 6),
    (0x0C82, 0x0C83, 8), (0x0C84, 0x0C84, 24), (0x0C85, 0x0C8C, 5), (0x0C8E, 0x0C90, 5), (0x0C92, 0x0CA8, 5),
    (0x0CAA, 0x0CB3, 5), (0x0CB5, 0x0CB9, 5), (0x0CBC, 0x0CBC, 6), (0x0CBD, 0x0CBD, 5), (0x0CBE, 0x0CBE, 8),
    (0x0CBF, 0x0CBF, 6), (0x0CC0, 0x0CC4, 8), (0x0CC6, 0x0CC6, 6), (0x0CC7, 0x0CC8, 8), (0x0CCA, 0x0CCB, 8),
    (0x0CCC, 0x0CCD, 6), (0x0CD5, 0x0CD6, 8), (0x0CDD, 0x0CDE, 5), (0x0CE0, 0x0CE1, 5), (0x0CE2, 0x0CE3, 6),
    (0x0CE6, 0x0CEF, 9), (0x0CF1, 0x0CF2, 5), (0x0CF3, 0x0CF3, 8), (0x0D00, 0x0D01, 6), (0x0D02, 0x0D03, 8),
    (0x0D04, 0x0D0C, 5), (0x0D0E, 0x0D10, 5), (0x0D12, 0x0D3A, 5), (0x0D3B, 0x0D3C, 6), (0x0D3D, 0x0D3D, 5),
    (0x0D3E, 0x0D40, 8), (0x0D41, 0x0D44, 6), (0x0D46, 0x0D48, 8), (0x0D4A, 0x0D4C, 8), (0x0D4D, 0x0D4D, 6),
    (0x0D4E, 0x0D4E, 5), (0x0D4F, 0x0D4F, 28), (0x0D54, 0x0D56, 5), (0x0D57, 0x0D57, 8), (0x0D58, 0x0D5E, 11),
    (0x0D5F, 0x0D61, 5), (0x0D62, 0x0D63, 6), (0x0D66, 0x0D6F, 9), (0x0D70, 0x0D78, 11), (0x0D79, 0x0D79, 28),
    (0x0D7A, 0x0D7F, 5), (0x0D81, 0x0D81, 6), (0x0D82, 0x0D83, 8), (0x0D85, 0x0D96, 5), (0x0D9A, 0x0DB1, 5),
    (0x0DB3, 0x0DBB, 5), (0x0DBD, 0x0DBD, 5), (0x0DC0, 0x0DC6, 5), (0x0DCA, 0x0DCA, 6), (0x0DCF, 0x0DD1, 8),
    (0x0DD2, 0x0DD4, 6), (0x0DD6, 0x0DD6, 6), (0x0DD8, 0x0DDF, 8), (0x0DE6, 0x0DEF, 9), (0x0DF2, 0x0DF3, 8),
    (0x0DF4, 0x0DF4, 24), (0x0E01, 0x0E30, 5), (0x0E31, 0x0E31, 6), (0x0E32, 0x0E33, 5), (0x0E34, 0x0E3A, 6),
    (0x0E3F, 0x0E3F, 26), (0x0E40, 0x0E45, 5), (0x0E46, 0x0E46, 4), (0x0E47, 0x0E4E, 6), (0x0E4F, 0x0E4F, 24),
    (0x0E50, 0x0E59, 9), (0x0E5A, 0x0E5B, 24), (0x0E81, 0x0E82, 5), (0x0E84, 0x0E84, 5), (0x0E86, 0x0E8A, 5),
    (0x0E8C, 0x0EA3, 5), (0x0EA5, 0x0EA5, 5), (0x0EA7, 0x0EB0, 5), (0x0EB1, 0x0EB1, 6), (0x0EB2, 0x0EB3, 5),
    (0x0EB4, 0x0EBC, 6), (0x0EBD, 0x0EBD, 5), (0x0EC0, 0x0EC4, 5), (0x0EC6, 0x0EC6, 4), (0x0EC8, 0x0ECE, 6),
    (0x0ED0, 0x0ED9, 9), (0x0EDC, 0x0EDF, 5), (0x0F00, 0x0F00, 5), (0x0F01, 0x0F03, 28), (0x0F04, 0x0F12, 24),
    (0x0F13, 0x0F13, 28), (0x0F14, 0x0F14, 24), (0x0F15, 0x0F17, 28), (0x0F18, 0x0F19, 6), (0x0F1A, 0x0F1F, 28),
    (0x0F20, 0x0F29, 9), (0x0F2A, 0x0F33, 11), (0x0F34, 0x0F34, 28), (0x0F35, 0x0F35, 6), (0x0F36, 0x0F36, 28),
    (0x0F37, 0x0F37, 6), (0x0F38, 0x0F38, 28), (0x0F39, 0x0F39, 6), (0x0F3A, 0x0F3A, 21), (0x0F3B, 0x0F3B, 22),
    (0x0F3C, 0x0F3C, 21), (0x0F3D, 0x0F3D, 22), (0x0F3E, 0x0F3F, 8), (0x0F40, 0x0F47, 5), (0x0F49, 0x0F6C, 5),
    (0x0F71, 0x0F7E, 6), (0x0F7F, 0x0F7F, 8), (0x0F80, 0x0F84, 6), (0x0F85, 0x0F85, 24), (0x0F86, 0x0F87, 6),
    (0x0F88, 0x0F8C, 5), (0x0F8D, 0x0F97, 6), (0x0F99, 0x0FBC, 6), (0x0FBE, 0x0FC5, 28), (0x0FC6, 0x0FC6, 6),
    (0x0FC7, 0x0FCC, 28), (0x0FCE, 0x0FCF, 28), (0x0FD0, 0x0FD4, 24), (0x0FD5, 0x0FD8, 28), (0x0FD9, 0x0FDA, 24),
    (0x1000, 0x102A, 5), (0x102B, 0x102C, 8), (0x102D, 0x1030, 6), (0x1031, 0x1031, 8), (0x1032, 0x1037, 6),
    (0x1038, 0x1038, 8), (0x1039, 0x103A, 6), (0x103B, 0x103C, 8), (0x103D, 0x103E, 6), (0x103F, 0x103F, 5),
    (0x1040, 0x1049, 9), (0x104A, 0x104F, 24), (0x1050, 0x1055, 5), (0x1056, 0x1057, 8), (0x1058, 0x1059, 6),
    (0x105A, 0x105D, 5), (0x105E, 0x1060, 6), (0x1061, 0x1061, 5), (0x1062, 0x1064, 8), (0x1065, 0x1066, 5),
    (0x1067, 0x106D, 8), (0x106E, 0x1070, 5), (0x1071, 0x1074, 6), (0x1075, 0x1081, 5), (0x1082, 0x1082, 6),
    (0x1083, 0x1084, 8), (0x1085, 0x1086, 6), (0x1087, 0x108C, 8), (0x108D, 0x108D, 6), (0x108E, 0x108E, 5),
    (0x108F, 0x108F, 8), (0x1090, 0x1099, 9), (0x109A, 0x109C, 8), (0x109D, 0x109D, 6), (0x109E, 0x109F, 28),
    (0x10A0, 0x10C5, 1), (0x10C7, 0x10C7, 1), (0x10CD, 0x10CD, 1), (0x10D0, 0x10FA, 2), (0x10FB, 0x10FB, 24),
    (0x10FC, 0x10FC, 4), (0x10FD, 0x10FF, 2), (0x1100, 0x1248, 5), (0x124A, 0x124D, 5), (0x1250, 0x1256, 5),
    (0x1258, 0x1258, 5), (0x125A, 0x125D, 5), (0x1260, 0x1288, 5), (0x128A, 0x128D, 5), (0x1290, 0x12B0, 5),
    (0x12B2, 0x12B5, 5), (0x12B8, 0x12BE, 5), (0x12C0, 0x12C0, 5), (0x12C2, 0x12C5, 5), (0x12C8, 0x12D6, 5),
    (0x12D8, 0x1310, 5), (0x1312, 0x1315, 5), (0x1318, 0x135A, 5), (0x135D, 0x135F, 6), (0x1360, 0x1368, 24),
    (0x1369, 0x137C, 11), (0x1380, 0x138F, 5), (0x1390, 0x1399, 28), (0x13A0, 0x13F5, 1), (0x13F8, 0x13FD, 2),
    (0x1400, 0x1400, 20), (0x1401, 0x166C, 5), (0x166D, 0x166D, 28), (0x166E, 0x166E, 24), (0x166F, 0x167F, 5),
    (0x1680, 0x1680, 12), (0x1681, 0x169A, 5), (0x169B, 0x169B, 21), (0x169C, 0x169C, 22), (0x16A0, 0x16EA, 5),
    (0x16EB, 0x16ED, 24), (0x16EE, 0x16F0, 10), (0x16F1, 0x16F8, 5), (0x1700, 0x1711, 5), (0x1712, 0x1714, 6),
    (0x1715, 0x1715, 8), (0x171F, 0x1731, 5), (0x1732, 0x1733, 6), (0x1734, 0x1734, 8), (0x1735, 0x1736, 24),
    (0x1740, 0x1751, 5), (0x1752, 0x1753, 6), (0x1760, 0x176C, 5), (0x176E, 0x1770, 5), (0x1772, 0x1773, 6),
    (0x1780, 0x17B3, 5), (0x17B4, 0x17B5, 6), (0x17B6, 0x17B6, 8), (0x17B7, 0x17BD, 6), (0x17BE, 0x17C5, 8),
    (0x17C6, 0x17C6, 6), (0x17C7, 0x17C8, 8), (0x17C9, 0x17D3, 6), (0x17D4, 0x17D6, 24), (0x17D7, 0x17D7, 4),
    (0x17D8, 0x17DA, 24), (0x17DB, 0x17DB, 26), (0x17DC, 0x17DC, 5), (0x17DD, 0x17DD, 6), (0x17E0, 0x17E9, 9),
    (0x17F0, 0x17F9, 11), (0x1800, 0x1805, 24), (0x1806, 0x1806, 20), (0x1807, 0x180A, 24), (0x180B, 0x180D, 6),
    (0x180E, 0x180E, 16), (0x180F, 0x180F, 6), (0x1810, 0x1819, 9), (0x1820, 0x1842, 5), (0x1843, 0x1843, 4),
    (0x1844, 0x1878, 5), (0x1880, 0x1884, 5), (0x1885, 0x1886, 6), (0x1887, 0x18A8, 5), (0x18A9, 0x18A9, 6),
    (0x18AA, 0x18AA, 5), (0x18B0, 0x18F5, 5), (0x1900, 0x191E, 5), (0x1920, 0x1922, 6), (0x1923, 0x1926, 8),
    (0x1927, 0x1928, 6), (0x1929, 0x192B, 8), (0x1930, 0x1931, 8), (0x1932, 0x1932, 6), (0x1933, 0x1938, 8),
    (0x1939, 0x193B, 6), (0x1940, 0x1940, 28), (0x1944, 0x1945, 24), (0x1946, 0x194F, 9), (0x1950, 0x196D, 5),
    (0x1970, 0x1974, 5), (0x1980, 0x19AB, 5), (0x19B0, 0x19C9, 5), (0x19D0, 0x19D9, 9), (0x19DA, 0x19DA, 11),
    (0x19DE, 0x19FF, 28), (0x1A00, 0x1A16, 5), (0x1A17, 0x1A18, 6), (0x1A19, 0x1A1A, 8), (0x1A1B, 0x1A1B, 6),
    (0x1A1E, 0x1A1F, 24), (0x1A20, 0x1A54, 5), (0x1A55, 0x1A55, 8), (0x1A56, 0x1A56, 6), (0x1A57, 0x1A57, 8),
    (0x1A58, 0x1A5E, 6), (0x1A60, 0x1A60, 6), (0x1A61, 0x1A61, 8), (0x1A62, 0x1A62, 6), (0x1A63, 0x1A64, 8),
    (0x1A65, 0x1A6C, 6), (0x1A6D, 0x1A72, 8), (0x1A73, 0x1A7C, 6), (0x1A7F, 0x1A7F, 6), (0x1A80, 0x1A89, 9),
    (0x1A90, 0x1A99, 9), (0x1AA0, 0x1AA6, 24), (0x1AA7, 0x1AA7, 4), (0x1AA8, 0x1AAD, 24), (0x1AB0, 0x1ABD, 6),
    (0x1ABE, 0x1ABE, 7), (0x1ABF, 0x1ACE, 6), (0x1B00, 0x1B03, 6), (0x1B04, 0x1B04, 8), (0x1B05, 0x1B33, 5),
    (0x1B34, 0x1B34, 6), (0x1B35, 0x1B35, 8), (0x1B36, 0x1B3A, 6), (0x1B3B, 0x1B3B, 8), (0x1B3C, 0x1B3C, 6),
    (0x1B3D, 0x1B41, 8), (0x1B42, 0x1B42, 6), (0x1B43, 0x1B44, 8), (0x1B45, 0x1B4C, 5), (0x1B50, 0x1B59, 9),
    (0x1B5A, 0x1B60, 24), (0x1B61, 0x1B6A, 28), (0x1B6B, 0x1B73, 6), (0x1B74, 0x1B7C, 28), (0x1B7D, 0x1B7E, 24),
    (0x1B80, 0x1B81, 6), (0x1B82, 0x1B82, 8), (0x1B83, 0x1BA0, 5), (0x1BA1, 0x1BA1, 8), (0x1BA2, 0x1BA5, 6),
    (0x1BA6, 0x1BA7, 8), (0x1BA8, 0x1BA9, 6), (0x1BAA, 0x1BAA, 8), (0x1BAB, 0x1BAD, 6), (0x1BAE, 0x1BAF, 5),
    (0x1BB0, 0x1BB9, 9), (0x1BBA, 0x1BE5, 5), (0x1BE6, 0x1BE6, 6), (0x1BE7, 0x1BE7, 8), (0x1BE8, 0x1BE9, 6),
    (0x1BEA, 0x1BEC, 8), (0x1BED, 0x1BED, 6), (0x1BEE, 0x1BEE, 8), (0x1BEF, 0x1BF1, 6), (0x1BF2, 0x1BF3, 8),
    (0x1BFC, 0x1BFF, 24), (0x1C00, 0x1C23, 5), (0x1C24, 0x1C2B, 8), (0x1C2C, 0x1C33, 6), (0x1C34, 0x1C35, 8),
    (0x1C36, 0x1C37, 6), (0x1C3B, 0x1C3F, 24), (0x1C40, 0x1C49, 9), (0x1C4D, 0x1C4F, 5), (0x1C50, 0x1C59, 9),
    (0x1C5A, 0x1C77, 5), (0x1C78, 0x1C7D, 4), (0x1C7E, 0x1C7F, 24), (0x1C80, 0x1C88, 2), (0x1C90, 0x1CBA, 1),
    (0x1CBD, 0x1CBF, 1), (0x1CC0, 0x1CC7, 24), (0x1CD0, 0x1CD2, 6), (0x1CD3, 0x1CD3, 24), (0x1CD4, 0x1CE0, 6),
    (0x1CE1, 0x1CE1, 8), (0x1CE2, 0x1CE8, 6), (0x1CE9, 0x1CEC, 5), (0x1CED, 0x1CED, 6), (0x1CEE, 0x1CF3, 5),
    (0x1CF4, 0x1CF4, 6), (0x1CF5, 0x1CF6, 5), (0x1CF7, 0x1CF7, 8), (0x1CF8, 0x1CF9, 6), (0x1CFA, 0x1CFA, 5),
    (0x1D00, 0x1D2B, 2), (0x1D2C, 0x1D6A, 4), (0x1D6B, 0x1D77, 2), (0x1D78, 0x1D78, 4), (0x1D79, 0x1D9A, 2),
    (0x1D9B, 0x1DBF, 4), (0x1DC0, 0x1DFF, 6), (0x1E00, 0x1E00, 1), (0x1E01, 0x1E01, 2), (0x1E02, 0x1E02, 1),
    (0x1E03, 0x1E03, 2), (0x1E04, 0x1E04, 1), (0x1E05, 0x1E05, 2), (0x1E06, 0x1E06, 1), (0x1E07, 0x1E07, 2),
    (0x1E08, 0x1E08, 1), (0x1E09, 0x1E09, 2), (0x1E0A, 0x1E0A, 1), (0x1E0B, 0x1E0B, 2), (0x1E0C, 0x1E0C, 1),
    (0x1E0D, 0x1E0D, 2), (0x1E0E, 0x1E0E, 1), (0x1E0F, 0x1E0F, 2), (0x1E10, 0x1E10, 1), (0x1E11, 0x1E11, 2),
    (0x1E12, 0x1E12, 1), (0x1E13, 0x1E13, 2), (0x1E14, 0x1E14, 1), (0x1E15, 0x1E15, 2), (0x1E16, 0x1E16, 1),
    (0x1E17, 0x1E17, 2), (0x1E18, 0x1E18, 1), (0x1E19, 0x1E19, 2), (0x1E1A, 0x1E1A, 1), (0x1E1B, 0x1E1B, 2),
    (0x1E1C, 0x1E1C, 1), (0x1E1D, 0x1E1D, 2), (0x1E1E, 0x1E1E, 1), (0x1E1F, 0x1E1F, 2), (0x1E20, 0x1E20, 1),
    (0x1E21, 0x1E21, 2), (0x1E22, 0x1E22, 1), (0x1E23, 0x1E23, 2), (0x1E24, 0x1E24, 1), (0x1E25, 0x1E25, 2),
    (0x1E26, 0x1E26, 1), (0x1E27, 0x1E27, 2), (0x1E28, 0x1E28, 1), (0x1E29, 0x1E29, 2), (0x1E2A, 0x1E2A, 1),
    (0x1E2B, 0x1E2B, 2), (0x1E2C, 0x1E2C, 1), (0x1E2D, 0x1E2D, 2), (0x1E2E, 0x1E2E, 1), (0x1E2F, 0x1E2F, 2),
    (0x1E30, 0x1E30, 1), (0x1E31, 0x1E31, 2), (0x1E32, 0x1E32, 1), (0x1E33, 0x1E33, 2), (0x1E34, 0x1E34, 1),
    (0x1E35, 0x1E35, 2), (0x1E36, 0x1E36, 1), (0x1E37, 0x1E37, 2), (0x1E38, 0x1E38, 1), (0x1E39, 0x1E39, 2),
    (0x1E3A, 0x1E3A, 1), (0x1E3B, 0x1E3B, 2), (0x1E3C, 0x1E3C, 1), (0x1E3D, 0x1E3D, 2), (0x1E3E, 0x1E3E, 1),
    (0x1E3F, 0x1E3F, 2), (0x1E40, 0x1E40, 1), (0x1E41, 0x1E41, 2), (0x1E42, 0x1E42, 1), (0x1E43, 0x1E43, 2),
    (0x1E44, 0x1E44, 1), (0x1E45, 0x1E45, 2), (0x1E46, 0x1E46, 1), (0x1E47, 0x1E47, 2), (0x1E48, 0x1E48, 1),
    (0x1E49, 0x1E49, 2), (0x1E4A, 0x1E4A, 1), (0x1E4B, 0x1E4B, 2), (0x1E4C, 0x1E4C, 1), (0x1E4D, 0x1E4D, 2),
    (0x1E4E, 0x1E4E, 1), (0x1E4F, 0x1E4F, 2), (0x1E50, 0x1E50, 1), (0x1E51, 0x1E51, 2), (0x1E52, 0x1E52, 1),
    (0x1E53, 0x1E53, 2), (0x1E54, 0x1E54, 1), (0x1E55, 0x1E55, 2), (0x1E56, 0x1E56, 1), (0x1E57, 0x1E57, 2),
    (0x1E58, 0x1E58, 1), (0x1E59, 0x1E59, 2), (0x1E5A, 0x1E5A, 1), (0x1E5B, 0x1E5B, 2), (0x1E5C, 0x1E5C, 1),
    (0x1E5D, 0x1E5D, 2), (0x1E5E, 0x1E5E, 1), (0x1E5F, 0x1E5F, 2), (0x1E60, 0x1E60, 1), (0x1E61, 0x1E61, 2),
    (0x1E62, 0x1E62, 1), (0x1E63, 0x1E63, 2), (0x1E64, 0x1E64, 1), (0x1E65, 0x1E65, 2), (0x1E66, 0x1E66, 1),
    (0x1E67, 0x1E67, 2), (0x1E68, 0x1E68, 1), (0x1E69, 0x1E69, 2), (0x1E6A, 0x1E6A, 1), (0x1E6B, 0x1E6B, 2),
    (0x1E6C, 0x1E6C, 1), (0x1E6D, 0x1E6D, 2), (0x1E6E, 0x1E6E, 1), (0x1E6F, 0x1E6F, 2), (0x1E70, 0x1E70, 1),
    (0x1E71, 0x1E71, 2), (0x1E72, 0x1E72, 1), (0x1E73, 0x1E73, 2), (0x1E74, 0x1E74, 1), (0x1E75, 0x1E75, 2),
    (0x1E76, 0x1E76, 1), (0x1E77, 0x1E77, 2), (0x1E78, 0x1E78, 1), (0x1E79, 0x1E79, 2), (0x1E7A, 0x1E7A, 1),
    (0x1E7B, 0x1E7B, 2), (0x1E7C, 0x1E7C, 1), (0x1E7D, 0x1E7D, 2), (0x1E7E, 0x1E7E, 1), (0x1E7F, 0x1E7F, 2),
    (0x1E80, 0x1E80, 1), (0x1E81, 0x1E81, 2), (0x1E82, 0x1E82, 1), (0x1E83, 0x1E83, 2), (0x1E84, 0x1E84, 1),
    (0x1E85, 0x1E85, 2), (0x1E86, 0x1E86, 1), (0x1E87, 0x1E87, 2), (0x1E88, 0x1E88, 1), (0x1E89, 0x1E89, 2),
    (0x1E8A, 0x1E8A, 1), (0x1E8B, 0x1E8B, 2), (0x1E8C, 0x1E8C, 1), (0x1E8D, 0x1E8D, 2), (0x1E8E, 0x1E8E, 1),
    (0x1E8F, 0x1E8F, 2), (0x1E90, 0x1E90, 1), (0x1E91, 0x1E91, 2), (0x1E92, 0x1E92, 1), (0x1E93, 0x1E93, 2),
    (0x1E94, 0x1E94, 1), (0x1E95, 0x1E9D, 2), (0x1E9E, 0x1E9E, 1), (0x1E9F, 0x1E9F, 2), (0x1EA0, 0x1EA0, 1),
    (0x1EA1, 0x1EA1, 2), (0x1EA2, 0x1EA2, 1), (0x1EA3, 0x1EA3, 2), (0x1EA4, 0x1EA4, 1), (0x1EA5, 0x1EA5, 2),
    (0x1EA6, 0x1EA6, 1), (0x1EA7, 0x1EA7, 2), (0x1EA8, 0x1EA8, 1), (0x1EA9, 0x1EA9, 2), (0x1EAA, 0x1EAA, 1),
    (0x1EAB, 0x1EAB, 2), (0x1EAC, 0x1EAC, 1), (0x1EAD, 0x1EAD, 2), (0x1EAE, 0x1EAE, 1), (0x1EAF, 0x1EAF, 2),
    (0x1EB0, 0x1EB0, 1), (0x1EB1, 0x1EB1, 2), (0x1EB2, 0x1EB2, 1), (0x1EB3, 0x1EB3, 2), (0x1EB4, 0x1EB4, 1),
    (0x1EB5, 0x1EB5, 2), (0x1EB6, 0x1EB6, 1), (0x1EB7, 0x1EB7, 2), (0x1EB8, 0x1EB8, 1), (0x1EB9, 0x1EB9, 2),
    (0x1EBA, 0x1EBA, 1), (0x1EBB, 0x1EBB, 2), (0x1EBC, 0x1EBC, 1), (0x1EBD, 0x1EBD, 2), (0x1EBE, 0x1EBE, 1),
    (0x1EBF, 0x1EBF, 2), (0x1EC0, 0x1EC0, 1), (0x1EC1, 0x1EC1, 2), (0x1EC2, 0x1EC2, 1), (0x1EC3, 0x1EC3, 2),
    (0x1EC4, 0x1EC4, 1), (0x1EC5, 0x1EC5, 2), (0x1EC6, 0x1EC6, 1), (0x1EC7, 0x1EC7, 2), (0x1EC8, 0x1EC8, 1),
    (0x1EC9, 0x1EC9, 2), (0x1ECA, 0x1ECA, 1), (0x1ECB, 0x1ECB, 2), (0x1ECC, 0x1ECC, 1), (0x1ECD, 0x1ECD, 2),
    (0x1ECE, 0x1ECE, 1), (0x1ECF, 0x1ECF, 2), (0x1ED0, 0x1ED0, 1), (0x1ED1, 0x1ED1, 2), (0x1ED2, 0x1ED2, 1),
    (0x1ED3, 0x1ED3, 2), (0x1ED4, 0x1ED4, 1), (0x1ED5, 0x1ED5, 2), (0x1ED6, 0x1ED6, 1), (0x1ED7, 0x1ED7, 2),
    (0x1ED8, 0x1ED8, 1), (0x1ED9, 0x1ED9, 2), (0x1EDA, 0x1EDA, 1), (0x1EDB, 0x1EDB, 2), (0x1EDC, 0x1EDC, 1),
    (0x1EDD, 0x1EDD, 2), (0x1EDE, 0x1EDE, 1), (0x1EDF, 0x1EDF, 2), (0x1EE0, 0x1EE0, 1), (0x1EE1, 0x1EE1, 2),
    (0x1EE2, 0x1EE2, 1), (0x1EE3, 0x1EE3, 2), (0x1EE4, 0x1EE4, 1), (0x1EE5, 0x1EE5, 2), (0x1EE6, 0x1EE6, 1),
    (0x1EE7, 0x1EE7, 2), (0x1EE8, 0x1EE8, 1), (0x1EE9, 0x1EE9, 2), (0x1EEA, 0x1EEA, 1), (0x1EEB, 0x1EEB, 2),
    (0x1EEC, 0x1EEC, 1), (0x1EED, 0x1EED, 2), (0x1EEE, 0x1EEE, 1), (0x1EEF, 0x1EEF, 2), (0x1EF0, 0x1EF0, 1),
    (0x1EF1, 0x1EF1, 2), (0x1EF2, 0x1EF2, 1), (0x1EF3, 0x1EF3, 2), (0x1EF4, 0x1EF4, 1), (0x1EF5, 0x1EF5, 2),
    (0x1EF6, 0x1EF6, 1), (0x1EF7, 0x1EF7, 2), (0x1EF8, 0x1EF8, 1), (0x1EF9, 0x1EF9, 2), (0x1EFA, 0x1EFA, 1),
    (0x1EFB, 0x1EFB, 2), (0x1EFC, 0x1EFC, 1), (0x1EFD, 0x1EFD, 2), (0x1EFE, 0x1EFE, 1), (0x1EFF, 0x1F07, 2),
    (0x1F08, 0x1F0F, 1), (0x1F10, 0x1F15, 2), (0x1F18, 0x1F1D, 1), (0x1F20, 0x1F27, 2), (0x1F28, 0x1F2F, 1),
    (0x1F30, 0x1F37, 2), (0x1F38, 0x1F3F, 1), (0x1F40, 0x1F45, 2), (0x1F48, 0x1F4D, 1), (0x1F50, 0x1F57, 2),
    (0x1F59, 0x1F59, 1), (0x1F5B, 0x1F5B, 1), (0x1F5D, 0x1F5D, 1), (0x1F5F, 0x1F5F, 1), (0x1F60, 0x1F67, 2),
    (0x1F68, 0x1F6F, 1), (0x1F70, 0x1F7D, 2), (0x1F80, 0x1F87, 2), (0x1F88, 0x1F8F, 3), (0x1F90, 0x1F97, 2),
    (0x1F98, 0x1F9F, 3), (0x1FA0, 0x1FA7, 2), (0x1FA8, 0x1FAF, 3), (0x1FB0, 0x1FB4, 2), (0x1FB6, 0x1FB7, 2),
    (0x1FB8, 0x1FBB, 1), (0x1FBC, 0x1FBC, 3), (0x1FBD, 0x1FBD, 27), (0x1FBE, 0x1FBE, 2), (0x1FBF, 0x1FC1, 27),
    (0x1FC2, 0x1FC4, 2), (0x1FC6, 0x1FC7, 2), (0x1FC8, 0x1FCB, 1), (0x1FCC, 0x1FCC, 3), (0x1FCD, 0x1FCF, 27),
    (0x1FD0, 0x1FD3, 2), (0x1FD6, 0x1FD7, 2), (0x1FD8, 0x1FDB, 1), (0x1FDD, 0x1FDF, 27), (0x1FE0, 0x1FE7, 2),
    (0x1FE8, 0x1FEC, 1), (0x1FED, 0x1FEF, 27), (0x1FF2, 0x1FF4, 2), (0x1FF6, 0x1FF7, 2), (0x1FF8, 0x1FFB, 1),
    (0x1FFC, 0x1FFC, 3), (0x1FFD, 0x1FFE, 27), (0x2000, 0x200A, 12), (0x200B, 0x200F, 16), (0x2010, 0x2015, 20),
    (0x2016, 0x2017, 24), (0x2018, 0x2018, 29), (0x2019, 0x2019, 30), (0x201A, 0x201A, 21), (0x201B, 0x201C, 29),
    (0x201D, 0x201D, 30), (0x201E, 0x201E, 21), (0x201F, 0x201F, 29), (0x2020, 0x2027, 24), (0x2028, 0x2028, 13),
    (0x2029, 0x2029, 14), (0x202A, 0x202E, 16), (0x202F, 0x202F, 12), (0x2030, 0x2038, 24), (0x2039, 0x2039, 29),
    (0x203A, 0x203A, 30), (0x203B, 0x203E, 24), (0x203F, 0x2040, 23), (0x2041, 0x2043, 24), (0x2044, 0x2044, 25),
    (0x2045, 0x2045, 21), (0x2046, 0x2046, 22), (0x2047, 0x2051, 24), (0x2052, 0x2052, 25), (0x2053, 0x2053, 24),
    (0x2054, 0x2054, 23), (0x2055, 0x205E, 24), (0x205F, 0x205F, 12), (0x2060, 0x2064, 16), (0x2066, 0x206F, 16),
    (0x2070, 0x2070, 11), (0x2071, 0x2071, 4), (0x2074, 0x2079, 11), (0x207A, 0x207C, 25), (0x207D, 0x207D, 21),
    (0x207E, 0x207E, 22), (0x207F, 0x207F, 4), (0x2080, 0x2089, 11), (0x208A, 0x208C, 25), (0x208D, 0x208D, 21),
    (0x208E, 0x208E, 22), (0x2090, 0x209C, 4), (0x20A0, 0x20C0, 26), (0x20D0, 0x20DC, 6), (0x20DD, 0x20E0, 7),
    (0x20E1, 0x20E1, 6), (0x20E2, 0x20E4, 7), (0x20E5, 0x20F0, 6), (0x2100, 0x2101, 28), (0x2102, 0x2102, 1),
    (0x2103, 0x2106, 28), (0x2107, 0x2107, 1), (0x2108, 0x2109, 28), (0x210A, 0x210A, 2), (0x210B, 0x210D, 1),
    (0x210E, 0x210F, 2), (0x2110, 0x2112, 1), (0x2113, 0x2113, 2), (0x2114, 0x2114, 28), (0x2115, 0x2115, 1),
    (0x2116, 0x2117, 28), (0x2118, 0x2118, 25), (0x2119, 0x211D, 1), (0x211E, 0x2123, 28), (0x2124, 0x2124, 1),
    (0x2125, 0x2125, 28), (0x2126, 0x2126, 1), (0x2127, 0x2127, 28), (0x2128, 0x2128, 1), (0x2129, 0x2129, 28),
    (0x212A, 0x212D, 1), (0x212E, 0x212E, 28), (0x212F, 0x212F, 2), (0x2130, 0x2133, 1), (0x2134, 0x2134, 2),
    (0x2135, 0x2138, 5), (0x2139, 0x2139, 2), (0x213A, 0x213B, 28), (0x213C, 0x213D, 2), (0x213E, 0x213F, 1),
    (0x2140, 0x2144, 25), (0x2145, 0x2145, 1), (0x2146, 0x2149, 2), (0x214A, 0x214A, 28), (0x214B, 0x214B, 25),
    (0x214C, 0x214D, 28), (0x214E, 0x214E, 2), (0x214F, 0x214F, 28), (0x2150, 0x215F, 11), (0x2160, 0x2182, 10),
    (0x2183, 0x2183, 1), (0x2184, 0x2184, 2), (0x2185, 0x2188, 10), (0x2189, 0x2189, 11), (0x218A, 0x218B, 28),
    (0x2190, 0x2194, 25), (0x2195, 0x2199, 28), (0x219A, 0x219B, 25), (0x219C, 0x219F, 28), (0x21A0, 0x21A0, 25),
    (0x21A1, 0x21A2, 28), (0x21A3, 0x21A3, 25), (0x21A4, 0x21A5, 28), (0x21A6, 0x21A6, 25), (0x21A7, 0x21AD, 28),
    (0x21AE, 0x21AE, 25), (0x21AF, 0x21CD, 28), (0x21CE, 0x21CF, 25), (0x21D0, 0x21D1, 28), (0x21D2, 0x21D2, 25),
    (0x21D3, 0x21D3, 28), (0x21D4, 0x21D4, 25), (0x21D5, 0x21F3, 28), (0x21F4, 0x22FF, 25), (0x2300, 0x2307, 28),
    (0x2308, 0x2308, 21), (0x2309, 0x2309, 22), (0x230A, 0x230A, 21), (0x230B, 0x230B, 22), (0x230C, 0x231F, 28),
    (0x2320, 0x2321, 25), (0x2322, 0x2328, 28), (0x2329, 0x2329, 21), (0x232A, 0x232A, 22), (0x232B, 0x237B, 28),
    (0x237C, 0x237C, 25), (0x237D, 0x239A, 28), (0x239B, 0x23B3, 25), (0x23B4, 0x23DB, 28), (0x23DC, 0x23E1, 25),
    (0x23E2, 0x2426, 28), (0x2440, 0x244A, 28), (0x2460, 0x249B, 11), (0x249C, 0x24E9, 28), (0x24EA, 0x24FF, 11),
    (0x2500, 0x25B6, 28), (0x25B7, 0x25B7, 25), (0x25B8, 0x25C0, 28), (0x25C1, 0x25C1, 25), (0x25C2, 0x25F7, 28),
    (0x25F8, 0x25FF, 25), (0x2600, 0x266E, 28), (0x266F, 0x266F, 25), (0x2670, 0x2767, 28), (0x2768, 0x2768, 21),
    (0x2769, 0x2769, 22), (0x276A, 0x276A, 21), (0x276B, 0x276B, 22), (0x276C, 0x276C, 21), (0x276D, 0x276D, 22),
    (0x276E, 0x276E, 21), (0x276F, 0x276F, 22), (0x2770, 0x2770, 21), (0x2771, 0x2771, 22), (0x2772, 0x2772, 21),
    (0x2773, 0x2773, 22), (0x2774, 0x2774, 21), (0x2775, 0x2775, 22), (0x2776, 0x2793, 11), (0x2794, 0x27BF, 28),
    (0x27C0, 0x27C4, 25), (0x27C5, 0x27C5, 21), (0x27C6, 0x27C6, 22), (0x27C7, 0x27E5, 25), (0x27E6, 0x27E6, 21),
    (0x27E7, 0x27E7, 22), (0x27E8, 0x27E8, 21), (0x27E9, 0x27E9, 22), (0x27EA, 0x27EA, 21), (0x27EB, 0x27EB, 22),
    (0x27EC, 0x27EC, 21), (0x27ED, 0x27ED, 22), (0x27EE, 0x27EE, 21), (0x27EF, 0x27EF, 22), (0x27F0, 0x27FF, 25),
    (0x2800, 0x28FF, 28), (0x2900, 0x2982, 25), (0x2983, 0x2983, 21), (0x2984, 0x2984, 22), (0x2985, 0x2985, 21),
    (0x2986, 0x2986, 22), (0x2987, 0x2987, 21), (0x2988, 0x2988, 22), (0x2989, 0x2989, 21), (0x298A, 0x298A, 22),
    (0x298B, 0x298B, 21), (0x298C, 0x298C, 22), (0x298D, 0x298D, 21), (0x298E, 0x298E, 22), (0x298F, 0x298F, 21),
    (0x2990, 0x2990, 22), (0x2991, 0x2991, 21), (0x2992, 0x2992, 22), (0x2993, 0x2993, 21), (0x2994, 0x2994, 22),
    (0x2995, 0x2995, 21), (0x2996, 0x2996, 22), (0x2997, 0x2997, 21), (0x2998, 0x2998, 22), (0x2999, 0x29D7, 25),
    (0x29D8, 0x29D8, 21), (0x29D9, 0x29D9, 22), (0x29DA, 0x29DA, 21), (0x29DB, 0x29DB, 22), (0x29DC, 0x29FB, 25),
    (0x29FC, 0x29FC, 21), (0x29FD, 0x29FD, 22), (0x29FE, 0x2AFF, 25), (0x2B00, 0x2B2F, 28), (0x2B30, 0x2B44, 25),
    (0x2B45, 0x2B46, 28), (0x2B47, 0x2B4C, 25), (0x2B4D, 0x2B73, 28), (0x2B76, 0x2B95, 28), (0x2B97, 0x2BFF, 28),
    (0x2C00, 0x2C2F, 1), (0x2C30, 0x2C5F, 2), (0x2C60, 0x2C60, 1), (0x2C61, 0x2C61, 2), (0x2C62, 0x2C64, 1),
    (0x2C65, 0x2C66, 2), (0x2C67, 0x2C67, 1), (0x2C68, 0x2C68, 2), (0x2C69, 0x2C69, 1), (0x2C6A, 0x2C6A, 2),
    (0x2C6B, 0x2C6B, 1), (0x2C6C, 0x2C6C, 2), (0x2C6D, 0x2C70, 1), (0x2C71, 0x2C71, 2), (0x2C72, 0x2C72, 1),
    (0x2C73, 0x2C74, 2), (0x2C75, 0x2C75, 1), (0x2C76, 0x2C7B, 2), (0x2C7C, 0x2C7D, 4), (0x2C7E, 0x2C80, 1),
    (0x2C81, 0x2C81, 2), (0x2C82, 0x2C82, 1), (0x2C83, 0x2C83, 2), (0x2C84, 0x2C84, 1), (0x2C85, 0x2C85, 2),
    (0x2C86, 0x2C86, 1), (0x2C87, 0x2C87, 2), (0x2C88, 0x2C88, 1), (0x2C89, 0x2C89, 2), (0x2C8A, 0x2C8A, 1),
    (0x2C8B, 0x2C8B, 2), (0x2C8C, 0x2C8C, 1), (0x2C8D, 0x2C8D, 2), (0x2C8E, 0x2C8E, 1), (0x2C8F, 0x2C8F, 2),
    (0x2C90, 0x2C90, 1), (0x2C91, 0x2C91, 2), (0x2C92, 0x2C92, 1), (0x2C93, 0x2C93, 2), (0x2C94, 0x2C94, 1),
    (0x2C95, 0x2C95, 2), (0x2C96, 0x2C96, 1), (0x2C97, 0x2C97, 2), (0x2C98, 0x2C98, 1), (0x2C99, 0x2C99, 2),
    (0x2C9A, 0x2C9A, 1), (0x2C9B, 0x2C9B, 2), (0x2C9C, 0x2C9C, 1), (0x2C9D, 0x2C9D, 2), (0x2C9E, 0x2C9E, 1),
    (0x2C9F, 0x2C9F, 2), (0x2CA0, 0x2CA0, 1), (0x2CA1, 0x2CA1, 2), (0x2CA2, 0x2CA2, 1), (0x2CA3, 0x2CA3, 2),
    (0x2CA4, 0x2CA4, 1), (0x2CA5, 0x2CA5, 2), (0x2CA6, 0x2CA6, 1), (0x2CA7, 0x2CA7, 2), (0x2CA8, 0x2CA8, 1),
    (0x2CA9, 0x2CA9, 2), (0x2CAA, 0x2CAA, 1), (0x2CAB, 0x2CAB, 2), (0x2CAC, 0x2CAC, 1), (0x2CAD, 0x2CAD, 2),
    (0x2CAE, 0x2CAE, 1), (0x2CAF, 0x2CAF, 2), (0x2CB0, 0x2CB0, 1), (0x2CB1, 0x2CB1, 2), (0x2CB2, 0x2CB2, 1),
    (0x2CB3, 0x2CB3, 2), (0x2CB4, 0x2CB4, 1), (0x2CB5, 0x2CB5, 2), (0x2CB6, 0x2CB6, 1), (0x2CB7, 0x2CB7, 2),
    (0x2CB8, 0x2CB8, 1), (0x2CB9, 0x2CB9, 2), (0x2CBA, 0x2CBA, 1), (0x2CBB, 0x2CBB, 2), (0x2CBC, 0x2CBC, 1),
    (0x2CBD, 0x2CBD, 2), (0x2CBE, 0x2CBE, 1), (0x2CBF, 0x2CBF, 2), (0x2CC0, 0x2CC0, 1), (0x2CC1, 0x2CC1, 2),
    (0x2CC2, 0x2CC2, 1), (0x2CC3, 0x2CC3, 2), (0x2CC4, 0x2CC4, 1), (0x2CC5, 0x2CC5, 2), (0x2CC6, 0x2CC6, 1),
    (0x2CC7, 0x2CC7, 2), (0x2CC8, 0x2CC8, 1), (0x2CC9, 0x2CC9, 2), (0x2CCA, 0x2CCA, 1), (0x2CCB, 0x2CCB, 2),
    (0x2CCC, 0x2CCC, 1), (0x2CCD, 0x2CCD, 2), (0x2CCE, 0x2CCE, 1), (0x2CCF, 0x2CCF, 2), (0x2CD0, 0x2CD0, 1),
    (0x2CD1, 0x2CD1, 2), (0x2CD2, 0x2CD2, 1), (0x2CD3, 0x2CD3, 2), (0x2CD4, 0x2CD4, 1), (0x2CD5, 0x2CD5, 2),
    (0x2CD6, 0x2CD6, 1), (0x2CD7, 0x2CD7, 2), (0x2CD8, 0x2CD8, 1), (0x2CD9, 0x2CD9, 2), (0x2CDA, 0x2CDA, 1),
    (0x2CDB, 0x2CDB, 2), (0x2CDC, 0x2CDC, 1), (0x2CDD, 0x2CDD, 2), (0x2CDE, 0x2CDE, 1), (0x2CDF, 0x2CDF, 2),
    (0x2CE0, 0x2CE0, 1), (0x2CE1, 0x2CE1, 2), (0x2CE2, 0x2CE2, 1), (0x2CE3, 0x2CE4, 2), (0x2CE5, 0x2CEA, 28),
    (0x2CEB, 0x2CEB, 1), (0x2CEC, 0x2CEC, 2), (0x2CED, 0x2CED, 1), (0x2CEE, 0x2CEE, 2), (0x2CEF, 0x2CF1, 6),
    (0x2CF2, 0x2CF2, 1), (0x2CF3, 0x2CF3, 2), (0x2CF9, 0x2CFC, 24), (0x2CFD, 0x2CFD, 11), (0x2CFE, 0x2CFF, 24),
    (0x2D00, 0x2D25, 2), (0x2D27, 0x2D27, 2), (0x2D2D, 0x2D2D, 2), (0x2D30, 0x2D67, 5), (0x2D6F, 0x2D6F, 4),
    (0x2D70, 0x2D70, 24), (0x2D7F, 0x2D7F, 6), (0x2D80, 0x2D96, 5), (0x2DA0, 0x2DA6, 5), (0x2DA8, 0x2DAE, 5),
    (0x2DB0, 0x2DB6, 5), (0x2DB8, 0x2DBE, 5), (0x2DC0, 0x2DC6, 5), (0x2DC8, 0x2DCE, 5), (0x2DD0, 0x2DD6, 5),
    (0x2DD8, 0x2DDE, 5), (0x2DE0, 0x2DFF, 6), (0x2E00, 0x2E01, 24), (0x2E02, 0x2E02, 29), (0x2E03, 0x2E03, 30),
    (0x2E04, 0x2E04, 29), (0x2E05, 0x2E05, 30), (0x2E06, 0x2E08, 24), (0x2E09, 0x2E09, 29), (0x2E0A, 0x2E0A, 30),
    (0x2E0B, 0x2E0B, 24), (0x2E0C, 0x2E0C, 29), (0x2E0D, 0x2E0D, 30), (0x2E0E, 0x2E16, 24), (0x2E17, 0x2E17, 20),
    (0x2E18, 0x2E19, 24), (0x2E1A, 0x2E1A, 20), (0x2E1B, 0x2E1B, 24), (0x2E1C, 0x2E1C, 29), (0x2E1D, 0x2E1D, 30),
    (0x2E1E, 0x2E1F, 24), (0x2E20, 0x2E20, 29), (0x2E21, 0x2E21, 30), (0x2E22, 0x2E22, 21), (0x2E23, 0x2E23, 22),
    (0x2E24, 0x2E24, 21), (0x2E25, 0x2E25, 22), (0x2E26, 0x2E26, 21), (0x2E27, 0x2E27, 22), (0x2E28, 0x2E28, 21),
    (0x2E29, 0x2E29, 22), (0x2E2A, 0x2E2E, 24), (0x2E2F, 0x2E2F, 4), (0x2E30, 0x2E39, 24), (0x2E3A, 0x2E3B, 20),
    (0x2E3C, 0x2E3F, 24), (0x2E40, 0x2E40, 20), (0x2E41, 0x2E41, 24), (0x2E42, 0x2E42, 21), (0x2E43, 0x2E4F, 24),
    (0x2E50, 0x2E51, 28), (0x2E52, 0x2E54, 24), (0x2E55, 0x2E55, 21), (0x2E56, 0x2E56, 22), (0x2E57, 0x2E57, 21),
    (0x2E58, 0x2E58, 22), (0x2E59, 0x2E59, 21), (0x2E5A, 0x2E5A, 22), (0x2E5B, 0x2E5B, 21), (0x2E5C, 0x2E5C, 22),
    (0x2E5D, 0x2E5D, 20), (0x2E80, 0x2E99, 28), (0x2E9B, 0x2EF3, 28), (0x2F00, 0x2FD5, 28), (0x2FF0, 0x2FFB, 28),
    (0x3000, 0x3000, 12), (0x3001, 0x3003, 24), (0x3004, 0x3004, 28), (0x3005, 0x3005, 4), (0x3006, 0x3006, 5),
    (0x3007, 0x3007, 10), (0x3008, 0x3008, 21), (0x3009, 0x3009, 22), (0x300A, 0x300A, 21), (0x300B, 0x300B, 22),
    (0x300C, 0x300C, 21), (0x300D, 0x300D, 22), (0x300E, 0x300E, 21), (0x300F, 0x300F, 22), (0x3010, 0x3010, 21),
    (0x3011, 0x3011, 22), (0x3012, 0x3013, 28), (0x3014, 0x3014, 21), (0x3015, 0x3015, 22), (0x3016, 0x3016, 21),
    (0x3017, 0x3017, 22), (0x3018, 0x3018, 21), (0x3019, 0x3019, 22), (0x301A, 0x301A, 21), (0x301B, 0x301B, 22),
    (0x301C, 0x301C, 20), (0x301D, 0x301D, 21), (0x301E, 0x301F, 22), (0x3020, 0x3020, 28), (0x3021, 0x3029, 10),
    (0x302A, 0x302D, 6), (0x302E, 0x302F, 8), (0x3030, 0x3030, 20), (0x3031, 0x3035, 4), (0x3036, 0x3037, 28),
    (0x3038, 0x303A, 10), (0x303B, 0x303B, 4), (0x303C, 0x303C, 5), (0x303D, 0x303D, 24), (0x303E, 0x303F, 28),
    (0x3041, 0x3096, 5), (0x3099, 0x309A, 6), (0x309B, 0x309C, 27), (0x309D, 0x309E, 4), (0x309F, 0x309F, 5),
    (0x30A0, 0x30A0, 20), (0x30A1, 0x30FA, 5), (0x30FB, 0x30FB, 24), (0x30FC, 0x30FE, 4), (0x30FF, 0x30FF, 5),
    (0x3105, 0x312F, 5), (0x3131, 0x318E, 5), (0x3190, 0x3191, 28), (0x3192, 0x3195, 11), (0x3196, 0x319F, 28),
    (0x31A0, 0x31BF, 5), (0x31C0, 0x31E3, 28), (0x31F0, 0x31FF, 5), (0x3200, 0x321E, 28), (0x3220, 0x3229, 11),
    (0x322A, 0x3247, 28), (0x3248, 0x324F, 11), (0x3250, 0x3250, 28), (0x3251, 0x325F, 11), (0x3260, 0x327F, 28),
    (0x3280, 0x3289, 11), (0x328A, 0x32B0, 28), (0x32B1, 0x32BF, 11), (0x32C0, 0x33FF, 28), (0x3400, 0x4DBF, 5),
    (0x4DC0, 0x4DFF, 28), (0x4E00, 0xA014, 5), (0xA015, 0xA015, 4), (0xA016, 0xA48C, 5), (0xA490, 0xA4C6, 28),
    (0xA4D0, 0xA4F7, 5), (0xA4F8, 0xA4FD, 4), (0xA4FE, 0xA4FF, 24), (0xA500, 0xA60B, 5), (0xA60C, 0xA60C, 4),
    (0xA60D, 0xA60F, 24), (0xA610, 0xA61F, 5), (0xA620, 0xA629, 9), (0xA62A, 0xA62B, 5), (0xA640, 0xA640, 1),
    (0xA641, 0xA641, 2), (0xA642, 0xA642, 1), (0xA643, 0xA643, 2), (0xA644, 0xA644, 1), (0xA645, 0xA645, 2),
    (0xA646, 0xA646, 1), (0xA647, 0xA647, 2), (0xA648, 0xA648, 1), (0xA649, 0xA649, 2), (0xA64A, 0xA64A, 1),
    (0xA64B, 0xA64B, 2), (0xA64C, 0xA64C, 1), (0xA64D, 0xA64D, 2), (0xA64E, 0xA64E, 1), (0xA64F, 0xA64F, 2),
    (0xA650, 0xA650, 1), (0xA651, 0xA651, 2), (0xA652, 0xA652, 1), (0xA653, 0xA653, 2), (0xA654, 0xA654, 1),
    (0xA655, 0xA655, 2), (0xA656, 0xA656, 1), (0xA657, 0xA657, 2), (0xA658, 0xA658, 1), (0xA659, 0xA659, 2),
    (0xA65A, 0xA65A, 1), (0xA65B, 0xA65B, 2), (0xA65C, 0xA65C, 1), (0xA65D, 0xA65D, 2), (0xA65E, 0xA65E, 1),
    (0xA65F, 0xA65F, 2), (0xA660, 0xA660, 1), (0xA661, 0xA661, 2), (0xA662, 0xA662, 1), (0xA663, 0xA663, 2),
    (0xA664, 0xA664, 1), (0xA665, 0xA665, 2), (0xA666, 0xA666, 1), (0xA667, 0xA667, 2), (0xA668, 0xA668, 1),
    (0xA669, 0xA669, 2), (0xA66A, 0xA66A, 1), (0xA66B, 0xA66B, 2), (0xA66C, 0xA66C, 1), (0xA66D, 0xA66D, 2),
    (0xA66E, 0xA66E, 5), (0xA66F, 0xA66F, 6), (0xA670, 0xA672, 7), (0xA673, 0xA673, 24), (0xA674, 0xA67D, 6),
    (0xA67E, 0xA67E, 24), (0xA67F, 0xA67F, 4), (0xA680, 0xA680, 1), (0xA681, 0xA681, 2), (0xA682, 0xA682, 1),
    (0xA683, 0xA683, 2), (0xA684, 0xA684, 1), (0xA685, 0xA685, 2), (0xA686, 0xA686, 1), (0xA687, 0xA687, 2),
    (0xA688, 0xA688, 1), (0xA689, 0xA689, 2), (0xA68A, 0xA68A, 1), (0xA68B, 0xA68B, 2), (0xA68C, 0xA68C, 1),
    (0xA68D, 0xA68D, 2), (0xA68E, 0xA68E, 1), (0xA68F, 0xA68F, 2), (0xA690, 0xA690, 1), (0xA691, 0xA691, 2),
    (0xA692, 0xA692, 1), (0xA693, 0xA693, 2), (0xA694, 0xA694, 1), (0xA695, 0xA695, 2), (0xA696, 0xA696, 1),
    (0xA697, 0xA697, 2), (0xA698, 0xA698, 1), (0xA699, 0xA699, 2), (0xA69A, 0xA69A, 1), (0xA69B, 0xA69B, 2),
    (0xA69C, 0xA69D, 4), (0xA69E, 0xA69F, 6), (0xA6A0, 0xA6E5, 5), (0xA6E6, 0xA6EF, 10), (0xA6F0, 0xA6F1, 6),
    (0xA6F2, 0xA6F7, 24), (0xA700, 0xA716, 27), (0xA717, 0xA71F, 4), (0xA720, 0xA721, 27), (0xA722, 0xA722, 1),
    (0xA723, 0xA723, 2), (0xA724, 0xA724, 1), (0xA725, 0xA725, 2), (0xA726, 0xA726, 1), (0xA727, 0xA727, 2),
    (0xA728, 0xA728, 1), (0xA729, 0xA729, 2), (0xA72A, 0xA72A, 1), (0xA72B, 0xA72B, 2), (0xA72C, 0xA72C, 1),
    (0xA72D, 0xA72D, 2), (0xA72E, 0xA72E, 1), (0xA72F, 0xA731, 2), (0xA732, 0xA732, 1), (0xA733, 0xA733, 2),
    (0xA734, 0xA734, 1), (0xA735, 0xA735, 2), (0xA736, 0xA736, 1), (0xA737, 0xA737, 2), (0xA738, 0xA738, 1),
    (0xA739, 0xA739, 2), (0xA73A, 0xA73A, 1), (0xA73B, 0xA73B, 2), (0xA73C, 0xA73C, 1), (0xA73D, 0xA73D, 2),
    (0xA73E, 0xA73E, 1), (0xA73F, 0xA73F, 2), (0xA740, 0xA740, 1), (0xA741, 0xA741, 2), (0xA742, 0xA742, 1),
    (0xA743, 0xA743, 2), (0xA744, 0xA744, 1), (0xA745, 0xA745, 2), (0xA746, 0xA746, 1), (0xA747, 0xA747, 2),
    (0xA748, 0xA748, 1), (0xA749, 0xA749, 2), (0xA74A, 0xA74A, 1), (0xA74B, 0xA74B, 2), (0xA74C, 0xA74C, 1),
    (0xA74D, 0xA74D, 2), (0xA74E, 0xA74E, 1), (0xA74F, 0xA74F, 2), (0xA750, 0xA750, 1), (0xA751, 0xA751, 2),
    (0xA752, 0xA752, 1), (0xA753, 0xA753, 2), (0xA754, 0xA754, 1), (0xA755, 0xA755, 2), (0xA756, 0xA756, 1),
    (0xA757, 0xA757, 2), (0xA758, 0xA758, 1), (0xA759, 0xA759, 2), (0xA75A, 0xA75A, 1), (0xA75B, 0xA75B, 2),
    (0xA75C, 0xA75C, 1), (0xA75D, 0xA75D, 2), (0xA75E, 0xA75E, 1), (0xA75F, 0xA75F, 2), (0xA760, 0xA760, 1),
    (0xA761, 0xA761, 2), (0xA762, 0xA762, 1), (0xA763, 0xA763, 2), (0xA764, 0xA764, 1), (0xA765, 0xA765, 2),
    (0xA766, 0xA766, 1), (0xA767, 0xA767, 2), (0xA768, 0xA768, 1), (0xA769, 0xA769, 2), (0xA76A, 0xA76A, 1),
    (0xA76B, 0xA76B, 2), (0xA76C, 0xA76C, 1), (0xA76D, 0xA76D, 2), (0xA76E, 0xA76E, 1), (0xA76F, 0xA76F, 2),
    (0xA770, 0xA770, 4), (0xA771, 0xA778, 2), (0xA779, 0xA779, 1), (0xA77A, 0xA77A, 2), (0xA77B, 0xA77B, 1),
    (0xA77C, 0xA77C, 2), (0xA77D, 0xA77E, 1), (0xA77F, 0xA77F, 2), (0xA780, 0xA780, 1), (0xA781, 0xA781, 2),
    (0xA782, 0xA782, 1), (0xA783, 0xA783, 2), (0xA784, 0xA784, 1), (0xA785, 0xA785, 2), (0xA786, 0xA786, 1),
    (0xA787, 0xA787, 2), (0xA788, 0xA788, 4), (0xA789, 0xA78A, 27), (0xA78B, 0xA78B, 1), (0xA78C, 0xA78C, 2),
    (0xA78D, 0xA78D, 1), (0xA78E, 0xA78E, 2), (0xA78F, 0xA78F, 5), (0xA790, 0xA790, 1), (0xA791, 0xA791, 2),
    (0xA792, 0xA792, 1), (0xA793, 0xA795, 2), (0xA796, 0xA796, 1), (0xA797, 0xA797, 2), (0xA798, 0xA798, 1),
    (0xA799, 0xA799, 2), (0xA79A, 0xA79A, 1), (0xA79B, 0xA79B, 2), (0xA79C, 0xA79C, 1), (0xA79D, 0xA79D, 2),
    (0xA79E, 0xA79E, 1), (0xA79F, 0xA79F, 2), (0xA7A0, 0xA7A0, 1), (0xA7A1, 0xA7A1, 2), (0xA7A2, 0xA7A2, 1),
    (0xA7A3, 0xA7A3, 2), (0xA7A4, 0xA7A4, 1), (0xA7A5, 0xA7A5, 2), (0xA7A6, 0xA7A6, 1), (0xA7A7, 0xA7A7, 2),
    (0xA7A8, 0xA7A8, 1), (0xA7A9, 0xA7A9, 2), (0xA7AA, 0xA7AE, 1), (0xA7AF, 0xA7AF, 2), (0xA7B0, 0xA7B4, 1),
    (0xA7B5, 0xA7B5, 2), (0xA7B6, 0xA7B6, 1), (0xA7B7, 0xA7B7, 2), (0xA7B8, 0xA7B8, 1), (0xA7B9, 0xA7B9, 2),
    (0xA7BA, 0xA7BA, 1), (0xA7BB, 0xA7BB, 2), (0xA7BC, 0xA7BC, 1), (0xA7BD, 0xA7BD, 2), (0xA7BE, 0xA7BE, 1),
    (0xA7BF, 0xA7BF, 2), (0xA7C0, 0xA7C0, 1), (0xA7C1, 0xA7C1, 2), (0xA7C2, 0xA7C2, 1), (0xA7C3, 0xA7C3, 2),
    (0xA7C4, 0xA7C7, 1), (0xA7C8, 0xA7C8, 2), (0xA7C9, 0xA7C9, 1), (0xA7CA, 0xA7CA, 2), (0xA7D0, 0xA7D0, 1),
    (0xA7D1, 0xA7D1, 2), (0xA7D3, 0xA7D3, 2), (0xA7D5, 0xA7D5, 2), (0xA7D6, 0xA7D6, 1), (0xA7D7, 0xA7D7, 2),
    (0xA7D8, 0xA7D8, 1), (0xA7D9, 0xA7D9, 2), (0xA7F2, 0xA7F4, 4), (0xA7F5, 0xA7F5, 1), (0xA7F6, 0xA7F6, 2),
    (0xA7F7, 0xA7F7, 5), (0xA7F8, 0xA7F9, 4), (0xA7FA, 0xA7FA, 2), (0xA7FB, 0xA801, 5), (0xA802, 0xA802, 6),
    (0xA803, 0xA805, 5), (0xA806, 0xA806, 6), (0xA807, 0xA80A, 5), (0xA80B, 0xA80B, 6), (0xA80C, 0xA822, 5),
    (0xA823, 0xA824, 8), (0xA825, 0xA826, 6), (0xA827, 0xA827, 8), (0xA828, 0xA82B, 28), (0xA82C, 0xA82C, 6),
    (0xA830, 0xA835, 11), (0xA836, 0xA837, 28), (0xA838, 0xA838, 26), (0xA839, 0xA839, 28), (0xA840, 0xA873, 5),
    (0xA874, 0xA877, 24), (0xA880, 0xA881, 8), (0xA882, 0xA8B3, 5), (0xA8B4, 0xA8C3, 8), (0xA8C4, 0xA8C5, 6),
    (0xA8CE, 0xA8CF, 24), (0xA8D0, 0xA8D9, 9), (0xA8E0, 0xA8F1, 6), (0xA8F2, 0xA8F7, 5), (0xA8F8, 0xA8FA, 24),
    (0xA8FB, 0xA8FB, 5), (0xA8FC, 0xA8FC, 24), (0xA8FD, 0xA8FE, 5), (0xA8FF, 0xA8FF, 6), (0xA900, 0xA909, 9),
    (0xA90A, 0xA925, 5), (0xA926, 0xA92D, 6), (0xA92E, 0xA92F, 24), (0xA930, 0xA946, 5), (0xA947, 0xA951, 6),
    (0xA952, 0xA953, 8), (0xA95F, 0xA95F, 24), (0xA960, 0xA97C, 5), (0xA980, 0xA982, 6), (0xA983, 0xA983, 8),
    (0xA984, 0xA9B2, 5), (0xA9B3, 0xA9B3, 6), (0xA9B4, 0xA9B5, 8), (0xA9B6, 0xA9B9, 6), (0xA9BA, 0xA9BB, 8),
    (0xA9BC, 0xA9BD, 6), (0xA9BE, 0xA9C0, 8), (0xA9C1, 0xA9CD, 24), (0xA9CF, 0xA9CF, 4), (0xA9D0, 0xA9D9, 9),
    (0xA9DE, 0xA9DF, 24), (0xA9E0, 0xA9E4, 5), (0xA9E5, 0xA9E5, 6), (0xA9E6, 0xA9E6, 4), (0xA9E7, 0xA9EF, 5),
    (0xA9F0, 0xA9F9, 9), (0xA9FA, 0xA9FE, 5), (0xAA00, 0xAA28, 5), (0xAA29, 0xAA2E, 6), (0xAA2F, 0xAA30, 8),
    (0xAA31, 0xAA32, 6), (0xAA33, 0xAA34, 8), (0xAA35, 0xAA36, 6), (0xAA40, 0xAA42, 5), (0xAA43, 0xAA43, 6),
    (0xAA44, 0xAA4B, 5), (0xAA4C, 0xAA4C, 6), (0xAA4D, 0xAA4D, 8), (0xAA50, 0xAA59, 9), (0xAA5C, 0xAA5F, 24),
    (0xAA60, 0xAA6F, 5), (0xAA70, 0xAA70, 4), (0xAA71, 0xAA76, 5), (0xAA77, 0xAA79, 28), (0xAA7A, 0xAA7A, 5),
    (0xAA7B, 0xAA7B, 8), (0xAA7C, 0xAA7C, 6), (0xAA7D, 0xAA7D, 8), (0xAA7E, 0xAAAF, 5), (0xAAB0, 0xAAB0, 6),
    (0xAAB1, 0xAAB1, 5), (0xAAB2, 0xAAB4, 6), (0xAAB5, 0xAAB6, 5), (0xAAB7, 0xAAB8, 6), (0xAAB9, 0xAABD, 5),
    (0xAABE, 0xAABF, 6), (0xAAC0, 0xAAC0, 5), (0xAAC1, 0xAAC1, 6), (0xAAC2, 0xAAC2, 5), (0xAADB, 0xAADC, 5),
    (0xAADD, 0xAADD, 4), (0xAADE, 0xAADF, 24), (0xAAE0, 0xAAEA, 5), (0xAAEB, 0xAAEB, 8), (0xAAEC, 0xAAED, 6),
    (0xAAEE, 0xAAEF, 8), (0xAAF0, 0xAAF1, 24), (0xAAF2, 0xAAF2, 5), (0xAAF3, 0xAAF4, 4), (0xAAF5, 0xAAF5, 8),
    (0xAAF6, 0xAAF6, 6), (0xAB01, 0xAB06, 5), (0xAB09, 0xAB0E, 5), (0xAB11, 0xAB16, 5), (0xAB20, 0xAB26, 5),
    (0xAB28, 0xAB2E, 5), (0xAB30, 0xAB5A, 2), (0xAB5B, 0xAB5B, 27), (0xAB5C, 0xAB5F, 4), (0xAB60, 0xAB68, 2),
    (0xAB69, 0xAB69, 4), (0xAB6A, 0xAB6B, 27), (0xAB70, 0xABBF, 2), (0xABC0, 0xABE2, 5), (0xABE3, 0xABE4, 8),
    (0xABE5, 0xABE5, 6), (0xABE6, 0xABE7, 8), (0xABE8, 0xABE8, 6), (0xABE9, 0xABEA, 8), (0xABEB, 0xABEB, 24),
    (0xABEC, 0xABEC, 8), (0xABED, 0xABED, 6), (0xABF0, 0xABF9, 9), (0xAC00, 0xD7A3, 5), (0xD7B0, 0xD7C6, 5),
    (0xD7CB, 0xD7FB, 5), (0xD800, 0xDFFF, 19), (0xE000, 0xF8FF, 18), (0xF900, 0xFA6D, 5), (0xFA70, 0xFAD9, 5),
    (0xFB00, 0xFB06, 2), (0xFB13, 0xFB17, 2), (0xFB1D, 0xFB1D, 5), (0xFB1E, 0xFB1E, 6), (0xFB1F, 0xFB28, 5),
    (0xFB29, 0xFB29, 25), (0xFB2A, 0xFB36, 5), (0xFB38, 0xFB3C, 5), (0xFB3E, 0xFB3E, 5), (0xFB40, 0xFB41, 5),
    (0xFB43, 0xFB44, 5), (0xFB46, 0xFBB1, 5), (0xFBB2, 0xFBC2, 27), (0xFBD3, 0xFD3D, 5), (0xFD3E, 0xFD3E, 22),
    (0xFD3F, 0xFD3F, 21), (0xFD40, 0xFD4F, 28), (0xFD50, 0xFD8F, 5), (0xFD92, 0xFDC7, 5), (0xFDCF, 0xFDCF, 28),
    (0xFDF0, 0xFDFB, 5), (0xFDFC, 0xFDFC, 26), (0xFDFD, 0xFDFF, 28), (0xFE00, 0xFE0F, 6), (0xFE10, 0xFE16, 24),
    (0xFE17, 0xFE17, 21), (0xFE18, 0xFE18, 22), (0xFE19, 0xFE19, 24), (0xFE20, 0xFE2F, 6), (0xFE30, 0xFE30, 24),
    (0xFE31, 0xFE32, 20), (0xFE33, 0xFE34, 23), (0xFE35, 0xFE35, 21), (0xFE36, 0xFE36, 22), (0xFE37, 0xFE37, 21),
    (0xFE38, 0xFE38, 22), (0xFE39, 0xFE39, 21), (0xFE3A, 0xFE3A, 22), (0xFE3B, 0xFE3B, 21), (0xFE3C, 0xFE3C, 22),
    (0xFE3D, 0xFE3D, 21), (0xFE3E, 0xFE3E, 22), (0xFE3F, 0xFE3F, 21), (0xFE40, 0xFE40, 22), (0xFE41, 0xFE41, 21),
    (0xFE42, 0xFE42, 22), (0xFE43, 0xFE43, 21), (0xFE44, 0xFE44, 22), (0xFE45, 0xFE46, 24), (0xFE47, 0xFE47, 21),
    (0xFE48, 0xFE48, 22), (0xFE49, 0xFE4C, 24), (0xFE4D, 0xFE4F, 23), (0xFE50, 0xFE52, 24), (0xFE54, 0xFE57, 24),
    (0xFE58, 0xFE58, 20), (0xFE59, 0xFE59, 21), (0xFE5A, 0xFE5A, 22), (0xFE5B, 0xFE5B, 21), (0xFE5C, 0xFE5C, 22),
    (0xFE5D, 0xFE5D, 21), (0xFE5E, 0xFE5E, 22), (0xFE5F, 0xFE61, 24), (0xFE62, 0xFE62, 25), (0xFE63, 0xFE63, 20),
    (0xFE64, 0xFE66, 25), (0xFE68, 0xFE68, 24), (0xFE69, 0xFE69, 26), (0xFE6A, 0xFE6B, 24), (0xFE70, 0xFE74, 5),
    (0xFE76, 0xFEFC, 5), (0xFEFF, 0xFEFF, 16), (0xFF01, 0xFF03, 24), (0xFF04, 0xFF04, 26), (0xFF05, 0xFF07, 24),
    (0xFF08, 0xFF08, 21), (0xFF09, 0xFF09, 22), (0xFF0A, 0xFF0A, 24), (0xFF0B, 0xFF0B, 25), (0xFF0C, 0xFF0C, 24),
    (0xFF0D, 0xFF0D, 20), (0xFF0E, 0xFF0F, 24), (0xFF10, 0xFF19, 9), (0xFF1A, 0xFF1B, 24), (0xFF1C, 0xFF1E, 25),
    (0xFF1F, 0xFF20, 24), (0xFF21, 0xFF3A, 1), (0xFF3B, 0xFF3B, 21), (0xFF3C, 0xFF3C, 24), (0xFF3D, 0xFF3D, 22),
    (0xFF3E, 0xFF3E, 27), (0xFF3F, 0xFF3F, 23), (0xFF40, 0xFF40, 27), (0xFF41, 0xFF5A, 2), (0xFF5B, 0xFF5B, 21),
    (0xFF5C, 0xFF5C, 25), (0xFF5D, 0xFF5D, 22), (0xFF5E, 0xFF5E, 25), (0xFF5F, 0xFF5F, 21), (0xFF60, 0xFF60, 22),
    (0xFF61, 0xFF61, 24), (0xFF62, 0xFF62, 21), (0xFF63, 0xFF63, 22), (0xFF64, 0xFF65, 24), (0xFF66, 0xFF6F, 5),
    (0xFF70, 0xFF70, 4), (0xFF71, 0xFF9D, 5), (0xFF9E, 0xFF9F, 4), (0xFFA0, 0xFFBE, 5), (0xFFC2, 0xFFC7, 5),
    (0xFFCA, 0xFFCF, 5), (0xFFD2, 0xFFD7, 5), (0xFFDA, 0xFFDC, 5), (0xFFE0, 0xFFE1, 26), (0xFFE2, 0xFFE2, 25),
    (0xFFE3, 0xFFE3, 27), (0xFFE4, 0xFFE4, 28), (0xFFE5, 0xFFE6, 26), (0xFFE8, 0xFFE8, 28), (0xFFE9, 0xFFEC, 25),
    (0xFFED, 0xFFEE, 28), (0xFFF9, 0xFFFB, 16), (0xFFFC, 0xFFFD, 28), (0x10000, 0x1000B, 5), (0x1000D, 0x10026, 5),
    (0x10028, 0x1003A, 5), (0x1003C, 0x1003D, 5), (0x1003F, 0x1004D, 5), (0x10050, 0x1005D, 5), (0x10080, 0x100FA, 5),
    (0x10100, 0x10102, 24), (0x10107, 0x10133, 11), (0x10137, 0x1013F, 28), (0x10140, 0x10174, 10), (0x10175, 0x10178, 11),
    (0x10179, 0x10189, 28), (0x1018A, 0x1018B, 11), (0x1018C, 0x1018E, 28), (0x10190, 0x1019C, 28), (0x101A0, 0x101A0, 28),
    (0x101D0, 0x101FC, 28), (0x101FD, 0x101FD, 6), (0x10280, 0x1029C, 5), (0x102A0, 0x102D0, 5), (0x102E0, 0x102E0, 6),
    (0x102E1, 0x102FB, 11), (0x10300, 0x1031F, 5), (0x10320, 0x10323, 11), (0x1032D, 0x10340, 5), (0x10341, 0x10341, 10),
    (0x10342, 0x10349, 5), (0x1034A, 0x1034A, 10), (0x10350, 0x10375, 5), (0x10376, 0x1037A, 6), (0x10380, 0x1039D, 5),
    (0x1039F, 0x1039F, 24), (0x103A0, 0x103C3, 5), (0x103C8, 0x103CF, 5), (0x103D0, 0x103D0, 24), (0x103D1, 0x103D5, 10),
    (0x10400, 0x10427, 1), (0x10428, 0x1044F, 2), (0x10450, 0x1049D, 5), (0x104A0, 0x104A9, 9), (0x104B0, 0x104D3, 1),
    (0x104D8, 0x104FB, 2), (0x10500, 0x10527, 5), (0x10530, 0x10563, 5), (0x1056F, 0x1056F, 24), (0x10570, 0x1057A, 1),
    (0x1057C, 0x1058A, 1), (0x1058C, 0x10592, 1), (0x10594, 0x10595, 1), (0x10597, 0x105A1, 2), (0x105A3, 0x105B1, 2),
    (0x105B3, 0x105B9, 2), (0x105BB, 0x105BC, 2), (0x10600, 0x10736, 5), (0x10740, 0x10755, 5), (0x10760, 0x10767, 5),
    (0x10780, 0x10785, 4), (0x10787, 0x107B0, 4), (0x107B2, 0x107BA, 4), (0x10800, 0x10805, 5), (0x10808, 0x10808, 5),
    (0x1080A, 0x10835, 5), (0x10837, 0x10838, 5), (0x1083C, 0x1083C, 5), (0x1083F, 0x10855, 5), (0x10857, 0x10857, 24),
    (0x10858, 0x1085F, 11), (0x10860, 0x10876, 5), (0x10877, 0x10878, 28), (0x10879, 0x1087F, 11), (0x10880, 0x1089E, 5),
    (0x108A7, 0x108AF, 11), (0x108E0, 0x108F2, 5), (0x108F4, 0x108F5, 5), (0x108FB, 0x108FF, 11), (0x10900, 0x10915, 5),
    (0x10916, 0x1091B, 11), (0x1091F, 0x1091F, 24), (0x10920, 0x10939, 5), (0x1093F, 0x1093F, 24), (0x10980, 0x109B7, 5),
    (0x109BC, 0x109BD, 11), (0x109BE, 0x109BF, 5), (0x109C0, 0x109CF, 11), (0x109D2, 0x109FF, 11), (0x10A00, 0x10A00, 5),
    (0x10A01, 0x10A03, 6), (0x10A05, 0x10A06, 6), (0x10A0C, 0x10A0F, 6), (0x10A10, 0x10A13, 5), (0x10A15, 0x10A17, 5),
    (0x10A19, 0x10A35, 5), (0x10A38, 0x10A3A, 6), (0x10A3F, 0x10A3F, 6), (0x10A40, 0x10A48, 11), (0x10A50, 0x10A58, 24),
    (0x10A60, 0x10A7C, 5), (0x10A7D, 0x10A7E, 11), (0x10A7F, 0x10A7F, 24), (0x10A80, 0x10A9C, 5), (0x10A9D, 0x10A9F, 11),
    (0x10AC0, 0x10AC7, 5), (0x10AC8, 0x10AC8, 28), (0x10AC9, 0x10AE4, 5), (0x10AE5, 0x10AE6, 6), (0x10AEB, 0x10AEF, 11),
    (0x10AF0, 0x10AF6, 24), (0x10B00, 0x10B35, 5), (0x10B39, 0x10B3F, 24), (0x10B40, 0x10B55, 5), (0x10B58, 0x10B5F, 11),
    (0x10B60, 0x10B72, 5), (0x10B78, 0x10B7F, 11), (0x10B80, 0x10B91, 5), (0x10B99, 0x10B9C, 24), (0x10BA9, 0x10BAF, 11),
    (0x10C00, 0x10C48, 5), (0x10C80, 0x10CB2, 1), (0x10CC0, 0x10CF2, 2), (0x10CFA, 0x10CFF, 11), (0x10D00, 0x10D23, 5),
    (0x10D24, 0x10D27, 6), (0x10D30, 0x10D39, 9), (0x10E60, 0x10E7E, 11), (0x10E80, 0x10EA9, 5), (0x10EAB, 0x10EAC, 6),
    (0x10EAD, 0x10EAD, 20), (0x10EB0, 0x10EB1, 5), (0x10EFD, 0x10EFF, 6), (0x10F00, 0x10F1C, 5), (0x10F1D, 0x10F26, 11),
    (0x10F27, 0x10F27, 5), (0x10F30, 0x10F45, 5), (0x10F46, 0x10F50, 6), (0x10F51, 0x10F54, 11), (0x10F55, 0x10F59, 24),
    (0x10F70, 0x10F81, 5), (0x10F82, 0x10F85, 6), (0x10F86, 0x10F89, 24), (0x10FB0, 0x10FC4, 5), (0x10FC5, 0x10FCB, 11),
    (0x10FE0, 0x10FF6, 5), (0x11000, 0x11000, 8), (0x11001, 0x11001, 6), (0x11002, 0x11002, 8), (0x11003, 0x11037, 5),
    (0x11038, 0x11046, 6), (0x11047, 0x1104D, 24), (0x11052, 0x11065, 11), (0x11066, 0x1106F, 9), (0x11070, 0x11070, 6),
    (0x11071, 0x11072, 5), (0x11073, 0x11074, 6), (0x11075, 0x11075, 5), (0x1107F, 0x11081, 6), (0x11082, 0x11082, 8),
    (0x11083, 0x110AF, 5), (0x110B0, 0x110B2, 8), (0x110B3, 0x110B6, 6), (0x110B7, 0x110B8, 8), (0x110B9, 0x110BA, 6),
    (0x110BB, 0x110BC, 24), (0x110BD, 0x110BD, 16), (0x110BE, 0x110C1, 24), (0x110C2, 0x110C2, 6), (0x110CD, 0x110CD, 16),
    (0x110D0, 0x110E8, 5), (0x110F0, 0x110F9, 9), (0x11100, 0x11102, 6), (0x11103, 0x11126, 5), (0x11127, 0x1112B, 6),
    (0x1112C, 0x1112C, 8), (0x1112D, 0x11134, 6), (0x11136, 0x1113F, 9), (0x11140, 0x11143, 24), (0x11144, 0x11144, 5),
    (0x11145, 0x11146, 8), (0x11147, 0x11147, 5), (0x11150, 0x11172, 5), (0x11173, 0x11173, 6), (0x11174, 0x11175, 24),
    (0x11176, 0x11176, 5), (0x11180, 0x11181, 6), (0x11182, 0x11182, 8), (0x11183, 0x111B2, 5), (0x111B3, 0x111B5, 8),
    (0x111B6, 0x111BE, 6), (0x111BF, 0x111C0, 8), (0x111C1, 0x111C4, 5), (0x111C5, 0x111C8, 24), (0x111C9, 0x111CC, 6),
    (0x111CD, 0x111CD, 24), (0x111CE, 0x111CE, 8), (0x111CF, 0x111CF, 6), (0x111D0, 0x111D9, 9), (0x111DA, 0x111DA, 5),
    (0x111DB, 0x111DB, 24), (0x111DC, 0x111DC, 5), (0x111DD, 0x111DF, 24), (0x111E1, 0x111F4, 11), (0x11200, 0x11211, 5),
    (0x11213, 0x1122B, 5), (0x1122C, 0x1122E, 8), (0x1122F, 0x11231, 6), (0x11232, 0x11233, 8), (0x11234, 0x11234, 6),
    (0x11235, 0x11235, 8), (0x11236, 0x11237, 6), (0x11238, 0x1123D, 24), (0x1123E, 0x1123E, 6), (0x1123F, 0x11240, 5),
    (0x11241, 0x11241, 6), (0x11280, 0x11286, 5), (0x11288, 0x11288, 5), (0x1128A, 0x1128D, 5), (0x1128F, 0x1129D, 5),
    (0x1129F, 0x112A8, 5), (0x112A9, 0x112A9, 24), (0x112B0, 0x112DE, 5), (0x112DF, 0x112DF, 6), (0x112E0, 0x112E2, 8),
    (0x112E3, 0x112EA, 6), (0x112F0, 0x112F9, 9), (0x11300, 0x11301, 6), (0x11302, 0x11303, 8), (0x11305, 0x1130C, 5),
    (0x1130F, 0x11310, 5), (0x11313, 0x11328, 5), (0x1132A, 0x11330, 5), (0x11332, 0x11333, 5), (0x11335, 0x11339, 5),
    (0x1133B, 0x1133C, 6), (0x1133D, 0x1133D, 5), (0x1133E, 0x1133F, 8), (0x11340, 0x11340, 6), (0x11341, 0x11344, 8),
    (0x11347, 0x11348, 8), (0x1134B, 0x1134D, 8), (0x11350, 0x11350, 5), (0x11357, 0x11357, 8), (0x1135D, 0x11361, 5),
    (0x11362, 0x11363, 8), (0x11366, 0x1136C, 6), (0x11370, 0x11374, 6), (0x11400, 0x11434, 5), (0x11435, 0x11437, 8),
    (0x11438, 0x1143F, 6), (0x11440, 0x11441, 8), (0x11442, 0x11444, 6), (0x11445, 0x11445, 8), (0x11446, 0x11446, 6),
    (0x11447, 0x1144A, 5), (0x1144B, 0x1144F, 24), (0x11450, 0x11459, 9), (0x1145A, 0x1145B, 24), (0x1145D, 0x1145D, 24),
    (0x1145E, 0x1145E, 6), (0x1145F, 0x11461, 5), (0x11480, 0x114AF, 5), (0x114B0, 0x114B2, 8), (0x114B3, 0x114B8, 6),
    (0x114B9, 0x114B9, 8), (0x114BA, 0x114BA, 6), (0x114BB, 0x114BE, 8), (0x114BF, 0x114C0, 6), (0x114C1, 0x114C1, 8),
    (0x114C2, 0x114C3, 6), (0x114C4, 0x114C5, 5), (0x114C6, 0x114C6, 24), (0x114C7, 0x114C7, 5), (0x114D0, 0x114D9, 9),
    (0x11580, 0x115AE, 5), (0x115AF, 0x115B1, 8), (0x115B2, 0x115B5, 6), (0x115B8, 0x115BB, 8), (0x115BC, 0x115BD, 6),
    (0x115BE, 0x115BE, 8), (0x115BF, 0x115C0, 6), (0x115C1, 0x115D7, 24), (0x115D8, 0x115DB, 5), (0x115DC, 0x115DD, 6),
    (0x11600, 0x1162F, 5), (0x11630, 0x11632, 8), (0x11633, 0x1163A, 6), (0x1163B, 0x1163C, 8), (0x1163D, 0x1163D, 6),
    (0x1163E, 0x1163E, 8), (0x1163F, 0x11640, 6), (0x11641, 0x11643, 24), (0x11644, 0x11644, 5), (0x11650, 0x11659, 9),
    (0x11660, 0x1166C, 24), (0x11680, 0x116AA, 5), (0x116AB, 0x116AB, 6), (0x116AC, 0x116AC, 8), (0x116AD, 0x116AD, 6),
    (0x116AE, 0x116AF, 8), (0x116B0, 0x116B5, 6), (0x116B6, 0x116B6, 8), (0x116B7, 0x116B7, 6), (0x116B8, 0x116B8, 5),
    (0x116B9, 0x116B9, 24), (0x116C0, 0x116C9, 9), (0x11700, 0x1171A, 5), (0x1171D, 0x1171F, 6), (0x11720, 0x11721, 8),
    (0x11722, 0x11725, 6), (0x11726, 0x11726, 8), (0x11727, 0x1172B, 6), (0x11730, 0x11739, 9), (0x1173A, 0x1173B, 11),
    (0x1173C, 0x1173E, 24), (0x1173F, 0x1173F, 28), (0x11740, 0x11746, 5), (0x11800, 0x1182B, 5), (0x1182C, 0x1182E, 8),
    (0x1182F, 0x11837, 6), (0x11838, 0x11838, 8), (0x11839, 0x1183A, 6), (0x1183B, 0x1183B, 24), (0x118A0, 0x118BF, 1),
    (0x118C0, 0x118DF, 2), (0x118E0, 0x118E9, 9), (0x118EA, 0x118F2, 11), (0x118FF, 0x11906, 5), (0x11909, 0x11909, 5),
    (0x1190C, 0x11913, 5), (0x11915, 0x11916, 5), (0x11918, 0x1192F, 5), (0x11930, 0x11935, 8), (0x11937, 0x11938, 8),
    (0x1193B, 0x1193C, 6), (0x1193D, 0x1193D, 8), (0x1193E, 0x1193E, 6), (0x1193F, 0x1193F, 5), (0x11940, 0x11940, 8),
    (0x11941, 0x11941, 5), (0x11942, 0x11942, 8), (0x11943, 0x11943, 6), (0x11944, 0x11946, 24), (0x11950, 0x11959, 9),
    (0x119A0, 0x119A7, 5), (0x119AA, 0x119D0, 5), (0x119D1, 0x119D3, 8), (0x119D4, 0x119D7, 6), (0x119DA, 0x119DB, 6),
    (0x119DC, 0x119DF, 8), (0x119E0, 0x119E0, 6), (0x119E1, 0x119E1, 5), (0x119E2, 0x119E2, 24), (0x119E3, 0x119E3, 5),
    (0x119E4, 0x119E4, 8), (0x11A00, 0x11A00, 5), (0x11A01, 0x11A0A, 6), (0x11A0B, 0x11A32, 5), (0x11A33, 0x11A38, 6),
    (0x11A39, 0x11A39, 8), (0x11A3A, 0x11A3A, 5), (0x11A3B, 0x11A3E, 6), (0x11A3F, 0x11A46, 24), (0x11A47, 0x11A47, 6),
    (0x11A50, 0x11A50, 5), (0x11A51, 0x11A56, 6), (0x11A57, 0x11A58, 8), (0x11A59, 0x11A5B, 6), (0x11A5C, 0x11A89, 5),
    (0x11A8A, 0x11A96, 6), (0x11A97, 0x11A97, 8), (0x11A98, 0x11A99, 6), (0x11A9A, 0x11A9C, 24), (0x11A9D, 0x11A9D, 5),
    (0x11A9E, 0x11AA2, 24), (0x11AB0, 0x11AF8, 5), (0x11B00, 0x11B09, 24), (0x11C00, 0x11C08, 5), (0x11C0A, 0x11C2E, 5),
    (0x11C2F, 0x11C2F, 8), (0x11C30, 0x11C36, 6), (0x11C38, 0x11C3D, 6), (0x11C3E, 0x11C3E, 8), (0x11C3F, 0x11C3F, 6),
    (0x11C40, 0x11C40, 5), (0x11C41, 0x11C45, 24), (0x11C50, 0x11C59, 9), (0x11C5A, 0x11C6C, 11), (0x11C70, 0x11C71, 24),
    (0x11C72, 0x11C8F, 5), (0x11C92, 0x11CA7, 6), (0x11CA9, 0x11CA9, 8), (0x11CAA, 0x11CB0, 6), (0x11CB1, 0x11CB1, 8),
    (0x11CB2, 0x11CB3, 6), (0x11CB4, 0x11CB4, 8), (0x11CB5, 0x11CB6, 6), (0x11D00, 0x11D06, 5), (0x11D08, 0x11D09, 5),
    (0x11D0B, 0x11D30, 5), (0x11D31, 0x11D36, 6), (0x11D3A, 0x11D3A, 6), (0x11D3C, 0x11D3D, 6), (0x11D3F, 0x11D45, 6),
    (0x11D46, 0x11D46, 5), (0x11D47, 0x11D47, 6), (0x11D50, 0x11D59, 9), (0x11D60, 0x11D65, 5), (0x11D67, 0x11D68, 5),
    (0x11D6A, 0x11D89, 5), (0x11D8A, 0x11D8E, 8), (0x11D90, 0x11D91, 6), (0x11D93, 0x11D94, 8), (0x11D95, 0x11D95, 6),
    (0x11D96, 0x11D96, 8), (0x11D97, 0x11D97, 6), (0x11D98, 0x11D98, 5), (0x11DA0, 0x11DA9, 9), (0x11EE0, 0x11EF2, 5),
    (0x11EF3, 0x11EF4, 6), (0x11EF5, 0x11EF6, 8), (0x11EF7, 0x11EF8, 24), (0x11F00, 0x11F01, 6), (0x11F02, 0x11F02, 5),
    (0x11F03, 0x11F03, 8), (0x11F04, 0x11F10, 5), (0x11F12, 0x11F33, 5), (0x11F34, 0x11F35, 8), (0x11F36, 0x11F3A, 6),
    (0x11F3E, 0x11F3F, 8), (0x11F40, 0x11F40, 6), (0x11F41, 0x11F41, 8), (0x11F42, 0x11F42, 6), (0x11F43, 0x11F4F, 24),
    (0x11F50, 0x11F59, 9), (0x11FB0, 0x11FB0, 5), (0x11FC0, 0x11FD4, 11), (0x11FD5, 0x11FDC, 28), (0x11FDD, 0x11FE0, 26),
    (0x11FE1, 0x11FF1, 28), (0x11FFF, 0x11FFF, 24), (0x12000, 0x12399, 5), (0x12400, 0x1246E, 10), (0x12470, 0x12474, 24),
    (0x12480, 0x12543, 5), (0x12F90, 0x12FF0, 5), (0x12FF1, 0x12FF2, 24), (0x13000, 0x1342F, 5), (0x13430, 0x1343F, 16),
    (0x13440, 0x13440, 6), (0x13441, 0x13446, 5), (0x13447, 0x13455, 6), (0x14400, 0x14646, 5), (0x16800, 0x16A38, 5),
    (0x16A40, 0x16A5E, 5), (0x16A60, 0x16A69, 9), (0x16A6E, 0x16A6F, 24), (0x16A70, 0x16ABE, 5), (0x16AC0, 0x16AC9, 9),
    (0x16AD0, 0x16AED, 5), (0x16AF0, 0x16AF4, 6), (0x16AF5, 0x16AF5, 24), (0x16B00, 0x16B2F, 5), (0x16B30, 0x16B36, 6),
    (0x16B37, 0x16B3B, 24), (0x16B3C, 0x16B3F, 28), (0x16B40, 0x16B43, 4), (0x16B44, 0x16B44, 24), (0x16B45, 0x16B45, 28),
    (0x16B50, 0x16B59, 9), (0x16B5B, 0x16B61, 11), (0x16B63, 0x16B77, 5), (0x16B7D, 0x16B8F, 5), (0x16E40, 0x16E5F, 1),
    (0x16E60, 0x16E7F, 2), (0x16E80, 0x16E96, 11), (0x16E97, 0x16E9A, 24), (0x16F00, 0x16F4A, 5), (0x16F4F, 0x16F4F, 6),
    (0x16F50, 0x16F50, 5), (0x16F51, 0x16F87, 8), (0x16F8F, 0x16F92, 6), (0x16F93, 0x16F9F, 4), (0x16FE0, 0x16FE1, 4),
    (0x16FE2, 0x16FE2, 24), (0x16FE3, 0x16FE3, 4), (0x16FE4, 0x16FE4, 6), (0x16FF0, 0x16FF1, 8), (0x17000, 0x187F7, 5),
    (0x18800, 0x18CD5, 5), (0x18D00, 0x18D08, 5), (0x1AFF0, 0x1AFF3, 4), (0x1AFF5, 0x1AFFB, 4), (0x1AFFD, 0x1AFFE, 4),
    (0x1B000, 0x1B122, 5), (0x1B132, 0x1B132, 5), (0x1B150, 0x1B152, 5), (0x1B155, 0x1B155, 5), (0x1B164, 0x1B167, 5),
    (0x1B170, 0x1B2FB, 5), (0x1BC00, 0x1BC6A, 5), (0x1BC70, 0x1BC7C, 5), (0x1BC80, 0x1BC88, 5), (0x1BC90, 0x1BC99, 5),
    (0x1BC9C, 0x1BC9C, 28), (0x1BC9D, 0x1BC9E, 6), (0x1BC9F, 0x1BC9F, 24), (0x1BCA0, 0x1BCA3, 16), (0x1CF00, 0x1CF2D, 6),
    (0x1CF30, 0x1CF46, 6), (0x1CF50, 0x1CFC3, 28), (0x1D000, 0x1D0F5, 28), (0x1D100, 0x1D126, 28), (0x1D129, 0x1D164, 28),
    (0x1D165, 0x1D166, 8), (0x1D167, 0x1D169, 6), (0x1D16A, 0x1D16C, 28), (0x1D16D, 0x1D172, 8), (0x1D173, 0x1D17A, 16),
    (0x1D17B, 0x1D182, 6), (0x1D183, 0x1D184, 28), (0x1D185, 0x1D18B, 6), (0x1D18C, 0x1D1A9, 28), (0x1D1AA, 0x1D1AD, 6),
    (0x1D1AE, 0x1D1EA, 28), (0x1D200, 0x1D241, 28), (0x1D242, 0x1D244, 6), (0x1D245, 0x1D245, 28), (0x1D2C0, 0x1D2D3, 11),
    (0x1D2E0, 0x1D2F3, 11), (0x1D300, 0x1D356, 28), (0x1D360, 0x1D378, 11), (0x1D400, 0x1D419, 1), (0x1D41A, 0x1D433, 2),
    (0x1D434, 0x1D44D, 1), (0x1D44E, 0x1D454, 2), (0x1D456, 0x1D467, 2), (0x1D468, 0x1D481, 1), (0x1D482, 0x1D49B, 2),
    (0x1D49C, 0x1D49C, 1), (0x1D49E, 0x1D49F, 1), (0x1D4A2, 0x1D4A2, 1), (0x1D4A5, 0x1D4A6, 1), (0x1D4A9, 0x1D4AC, 1),
    (0x1D4AE, 0x1D4B5, 1), (0x1D4B6, 0x1D4B9, 2), (0x1D4BB, 0x1D4BB, 2), (0x1D4BD, 0x1D4C3, 2), (0x1D4C5, 0x1D4CF, 2),
    (0x1D4D0, 0x1D4E9, 1), (0x1D4EA, 0x1D503, 2), (0x1D504, 0x1D505, 1), (0x1D507, 0x1D50A, 1), (0x1D50D, 0x1D514, 1),
    (0x1D516, 0x1D51C, 1), (0x1D51E, 0x1D537, 2), (0x1D538, 0x1D539, 1), (0x1D53B, 0x1D53E, 1), (0x1D540, 0x1D544, 1),
    (0x1D546, 0x1D546, 1), (0x1D54A, 0x1D550, 1), (0x1D552, 0x1D56B, 2), (0x1D56C, 0x1D585, 1), (0x1D586, 0x1D59F, 2),
    (0x1D5A0, 0x1D5B9, 1), (0x1D5BA, 0x1D5D3, 2), (0x1D5D4, 0x1D5ED, 1), (0x1D5EE, 0x1D607, 2), (0x1D608, 0x1D621, 1),
    (0x1D622, 0x1D63B, 2), (0x1D63C, 0x1D655, 1), (0x1D656, 0x1D66F, 2), (0x1D670, 0x1D689, 1), (0x1D68A, 0x1D6A5, 2),
    (0x1D6A8, 0x1D6C0, 1), (0x1D6C1, 0x1D6C1, 25), (0x1D6C2, 0x1D6DA, 2), (0x1D6DB, 0x1D6DB, 25), (0x1D6DC, 0x1D6E1, 2),
    (0x1D6E2, 0x1D6FA, 1), (0x1D6FB, 0x1D6FB, 25), (0x1D6FC, 0x1D714, 2), (0x1D715, 0x1D715, 25), (0x1D716, 0x1D71B, 2),
    (0x1D71C, 0x1D734, 1), (0x1D735, 0x1D735, 25), (0x1D736, 0x1D74E, 2), (0x1D74F, 0x1D74F, 25), (0x1D750, 0x1D755, 2),
    (0x1D756, 0x1D76E, 1), (0x1D76F, 0x1D76F, 25), (0x1D770, 0x1D788, 2), (0x1D789, 0x1D789, 25), (0x1D78A, 0x1D78F, 2),
    (0x1D790, 0x1D7A8, 1), (0x1D7A9, 0x1D7A9, 25), (0x1D7AA, 0x1D7C2, 2), (0x1D7C3, 0x1D7C3, 25), (0x1D7C4, 0x1D7C9, 2),
    (0x1D7CA, 0x1D7CA, 1), (0x1D7CB, 0x1D7CB, 2), (0x1D7CE, 0x1D7FF, 9), (0x1D800, 0x1D9FF, 28), (0x1DA00, 0x1DA36, 6),
    (0x1DA37, 0x1DA3A, 28), (0x1DA3B, 0x1DA6C, 6), (0x1DA6D, 0x1DA74, 28), (0x1DA75, 0x1DA75, 6), (0x1DA76, 0x1DA83, 28),
    (0x1DA84, 0x1DA84, 6), (0x1DA85, 0x1DA86, 28), (0x1DA87, 0x1DA8B, 24), (0x1DA9B, 0x1DA9F, 6), (0x1DAA1, 0x1DAAF, 6),
    (0x1DF00, 0x1DF09, 2), (0x1DF0A, 0x1DF0A, 5), (0x1DF0B, 0x1DF1E, 2), (0x1DF25, 0x1DF2A, 2), (0x1E000, 0x1E006, 6),
    (0x1E008, 0x1E018, 6), (0x1E01B, 0x1E021, 6), (0x1E023, 0x1E024, 6), (0x1E026, 0x1E02A, 6), (0x1E030, 0x1E06D, 4),
    (0x1E08F, 0x1E08F, 6), (0x1E100, 0x1E12C, 5), (0x1E130, 0x1E136, 6), (0x1E137, 0x1E13D, 4), (0x1E140, 0x1E149, 9),
    (0x1E14E, 0x1E14E, 5), (0x1E14F, 0x1E14F, 28), (0x1E290, 0x1E2AD, 5), (0x1E2AE, 0x1E2AE, 6), (0x1E2C0, 0x1E2EB, 5),
    (0x1E2EC, 0x1E2EF, 6), (0x1E2F0, 0x1E2F9, 9), (0x1E2FF, 0x1E2FF, 26), (0x1E4D0, 0x1E4EA, 5), (0x1E4EB, 0x1E4EB, 4),
    (0x1E4EC, 0x1E4EF, 6), (0x1E4F0, 0x1E4F9, 9), (0x1E7E0, 0x1E7E6, 5), (0x1E7E8, 0x1E7EB, 5), (0x1E7ED, 0x1E7EE, 5),
    (0x1E7F0, 0x1E7FE, 5), (0x1E800, 0x1E8C4, 5), (0x1E8C7, 0x1E8CF, 11), (0x1E8D0, 0x1E8D6, 6), (0x1E900, 0x1E921, 1),
    (0x1E922, 0x1E943, 2), (0x1E944, 0x1E94A, 6), (0x1E94B, 0x1E94B, 4), (0x1E950, 0x1E959, 9), (0x1E95E, 0x1E95F, 24),
    (0x1EC71, 0x1ECAB, 11), (0x1ECAC, 0x1ECAC, 28), (0x1ECAD, 0x1ECAF, 11), (0x1ECB0, 0x1ECB0, 26), (0x1ECB1, 0x1ECB4, 11),
    (0x1ED01, 0x1ED2D, 11), (0x1ED2E, 0x1ED2E, 28), (0x1ED2F, 0x1ED3D, 11), (0x1EE00, 0x1EE03, 5), (0x1EE05, 0x1EE1F, 5),
    (0x1EE21, 0x1EE22, 5), (0x1EE24, 0x1EE24, 5), (0x1EE27, 0x1EE27, 5), (0x1EE29, 0x1EE32, 5), (0x1EE34, 0x1EE37, 5),
    (0x1EE39, 0x1EE39, 5), (0x1EE3B, 0x1EE3B, 5), (0x1EE42, 0x1EE42, 5), (0x1EE47, 0x1EE47, 5), (0x1EE49, 0x1EE49, 5),
    (0x1EE4B, 0x1EE4B, 5), (0x1EE4D, 0x1EE4F, 5), (0x1EE51, 0x1EE52, 5), (0x1EE54, 0x1EE54, 5), (0x1EE57, 0x1EE57, 5),
    (0x1EE59, 0x1EE59, 5), (0x1EE5B, 0x1EE5B, 5), (0x1EE5D, 0x1EE5D, 5), (0x1EE5F, 0x1EE5F, 5), (0x1EE61, 0x1EE62, 5),
    (0x1EE64, 0x1EE64, 5), (0x1EE67, 0x1EE6A, 5), (0x1EE6C, 0x1EE72, 5), (0x1EE74, 0x1EE77, 5), (0x1EE79, 0x1EE7C, 5),
    (0x1EE7E, 0x1EE7E, 5), (0x1EE80, 0x1EE89, 5), (0x1EE8B, 0x1EE9B, 5), (0x1EEA1, 0x1EEA3, 5), (0x1EEA5, 0x1EEA9, 5),
    (0x1EEAB, 0x1EEBB, 5), (0x1EEF0, 0x1EEF1, 25), (0x1F000, 0x1F02B, 28), (0x1F030, 0x1F093, 28), (0x1F0A0, 0x1F0AE, 28),
    (0x1F0B1, 0x1F0BF, 28), (0x1F0C1, 0x1F0CF, 28), (0x1F0D1, 0x1F0F5, 28), (0x1F100, 0x1F10C, 11), (0x1F10D, 0x1F1AD, 28),
    (0x1F1E6, 0x1F202, 28), (0x1F210, 0x1F23B, 28), (0x1F240, 0x1F248, 28), (0x1F250, 0x1F251, 28), (0x1F260, 0x1F265, 28),
    (0x1F300, 0x1F3FA, 28), (0x1F3FB, 0x1F3FF, 27), (0x1F400, 0x1F6D7, 28), (0x1F6DC, 0x1F6EC, 28), (0x1F6F0, 0x1F6FC, 28),
    (0x1F700, 0x1F776, 28), (0x1F77B, 0x1F7D9, 28), (0x1F7E0, 0x1F7EB, 28), (0x1F7F0, 0x1F7F0, 28), (0x1F800, 0x1F80B, 28),
    (0x1F810, 0x1F847, 28), (0x1F850, 0x1F859, 28), (0x1F860, 0x1F887, 28), (0x1F890, 0x1F8AD, 28), (0x1F8B0, 0x1F8B1, 28),
    (0x1F900, 0x1FA53, 28), (0x1FA60, 0x1FA6D, 28), (0x1FA70, 0x1FA7C, 28), (0x1FA80, 0x1FA88, 28), (0x1FA90, 0x1FABD, 28),
    (0x1FABF, 0x1FAC5, 28), (0x1FACE, 0x1FADB, 28), (0x1FAE0, 0x1FAE8, 28), (0x1FAF0, 0x1FAF8, 28), (0x1FB00, 0x1FB92, 28),
    (0x1FB94, 0x1FBCA, 28), (0x1FBF0, 0x1FBF9, 9), (0x20000, 0x2A6DF, 5), (0x2A700, 0x2B739, 5), (0x2B740, 0x2B81D, 5),
    (0x2B820, 0x2CEA1, 5), (0x2CEB0, 0x2EBE0, 5), (0x2F800, 0x2FA1D, 5), (0x30000, 0x3134A, 5), (0x31350, 0x323AF, 5),
    (0xE0001, 0xE0001, 16), (0xE0020, 0xE007F, 16), (0xE0100, 0xE01EF, 6), (0xF0000, 0xFFFFD, 18), (0x100000, 0x10FFFD, 18),
];

/// `Character.UnicodeScript.of` every code point, by the script's place in
/// `names::SCRIPTS`.
pub(super) const SCRIPTS_OF: &[(u32, u32, u8)] = &[
    (0x0000, 0x0040, 0), (0x0041, 0x005A, 1), (0x005B, 0x0060, 0), (0x0061, 0x007A, 1), (0x007B, 0x00A9, 0),
    (0x00AA, 0x00AA, 1), (0x00AB, 0x00B9, 0), (0x00BA, 0x00BA, 1), (0x00BB, 0x00BF, 0), (0x00C0, 0x00D6, 1),
    (0x00D7, 0x00D7, 0), (0x00D8, 0x00F6, 1), (0x00F7, 0x00F7, 0), (0x00F8, 0x02B8, 1), (0x02B9, 0x02DF, 0),
    (0x02E0, 0x02E4, 1), (0x02E5, 0x02E9, 0), (0x02EA, 0x02EB, 34), (0x02EC, 0x02FF, 0), (0x0300, 0x036F, 40),
    (0x0370, 0x0373, 2), (0x0374, 0x0374, 0), (0x0375, 0x0377, 2), (0x0378, 0x0379, 163), (0x037A, 0x037D, 2),
    (0x037E, 0x037E, 0), (0x037F, 0x037F, 2), (0x0380, 0x0383, 163), (0x0384, 0x0384, 2), (0x0385, 0x0385, 0),
    (0x0386, 0x0386, 2), (0x0387, 0x0387, 0), (0x0388, 0x038A, 2), (0x038B, 0x038B, 163), (0x038C, 0x038C, 2),
    (0x038D, 0x038D, 163), (0x038E, 0x03A1, 2), (0x03A2, 0x03A2, 163), (0x03A3, 0x03E1, 2), (0x03E2, 0x03EF, 54),
    (0x03F0, 0x03FF, 2), (0x0400, 0x0484, 3), (0x0485, 0x0486, 40), (0x0487, 0x052F, 3), (0x0530, 0x0530, 163),
    (0x0531, 0x0556, 4), (0x0557, 0x0558, 163), (0x0559, 0x058A, 4), (0x058B, 0x058C, 163), (0x058D, 0x058F, 4),
    (0x0590, 0x0590, 163), (0x0591, 0x05C7, 5), (0x05C8, 0x05CF, 163), (0x05D0, 0x05EA, 5), (0x05EB, 0x05EE, 163),
    (0x05EF, 0x05F4, 5), (0x05F5, 0x05FF, 163), (0x0600, 0x0604, 6), (0x0605, 0x0605, 0), (0x0606, 0x060B, 6),
    (0x060C, 0x060C, 0), (0x060D, 0x061A, 6), (0x061B, 0x061B, 0), (0x061C, 0x061E, 6), (0x061F, 0x061F, 0),
    (0x0620, 0x063F, 6), (0x0640, 0x0640, 0), (0x0641, 0x064A, 6), (0x064B, 0x0655, 40), (0x0656, 0x066F, 6),
    (0x0670, 0x0670, 40), (0x0671, 0x06DC, 6), (0x06DD, 0x06DD, 0), (0x06DE, 0x06FF, 6), (0x0700, 0x070D, 7),
    (0x070E, 0x070E, 163), (0x070F, 0x074A, 7), (0x074B, 0x074C, 163), (0x074D, 0x074F, 7), (0x0750, 0x077F, 6),
    (0x0780, 0x07B1, 8), (0x07B2, 0x07BF, 163), (0x07C0, 0x07FA, 65), (0x07FB, 0x07FC, 163), (0x07FD, 0x07FF, 65),
    (0x0800, 0x082D, 82), (0x082E, 0x082F, 163), (0x0830, 0x083E, 82), (0x083F, 0x083F, 163), (0x0840, 0x085B, 83),
    (0x085C, 0x085D, 163), (0x085E, 0x085E, 83), (0x085F, 0x085F, 163), (0x0860, 0x086A, 7), (0x086B, 0x086F, 163),
    (0x0870, 0x088E, 6), (0x088F, 0x088F, 163), (0x0890, 0x0891, 6), (0x0892, 0x0897, 163), (0x0898, 0x08E1, 6),
    (0x08E2, 0x08E2, 0), (0x08E3, 0x08FF, 6), (0x0900, 0x0950, 9), (0x0951, 0x0954, 40), (0x0955, 0x0963, 9),
    (0x0964, 0x0965, 0), (0x0966, 0x097F, 9), (0x0980, 0x0983, 10), (0x0984, 0x0984, 163), (0x0985, 0x098C, 10),
    (0x098D, 0x098E, 163), (0x098F, 0x0990, 10), (0x0991, 0x0992, 163), (0x0993, 0x09A8, 10), (0x09A9, 0x09A9, 163),
    (0x09AA, 0x09B0, 10), (0x09B1, 0x09B1, 163), (0x09B2, 0x09B2, 10), (0x09B3, 0x09B5, 163), (0x09B6, 0x09B9, 10),
    (0x09BA, 0x09BB, 163), (0x09BC, 0x09C4, 10), (0x09C5, 0x09C6, 163), (0x09C7, 0x09C8, 10), (0x09C9, 0x09CA, 163),
    (0x09CB, 0x09CE, 10), (0x09CF, 0x09D6, 163), (0x09D7, 0x09D7, 10), (0x09D8, 0x09DB, 163), (0x09DC, 0x09DD, 10),
    (0x09DE, 0x09DE, 163), (0x09DF, 0x09E3, 10), (0x09E4, 0x09E5, 163), (0x09E6, 0x09FE, 10), (0x09FF, 0x0A00, 163),
    (0x0A01, 0x0A03, 11), (0x0A04, 0x0A04, 163), (0x0A05, 0x0A0A, 11), (0x0A0B, 0x0A0E, 163), (0x0A0F, 0x0A10, 11),
    (0x0A11, 0x0A12, 163), (0x0A13, 0x0A28, 11), (0x0A29, 0x0A29, 163), (0x0A2A, 0x0A30, 11), (0x0A31, 0x0A31, 163),
    (0x0A32, 0x0A33, 11), (0x0A34, 0x0A34, 163), (0x0A35, 0x0A36, 11), (0x0A37, 0x0A37, 163), (0x0A38, 0x0A39, 11),
    (0x0A3A, 0x0A3B, 163), (0x0A3C, 0x0A3C, 11), (0x0A3D, 0x0A3D, 163), (0x0A3E, 0x0A42, 11), (0x0A43, 0x0A46, 163),
    (0x0A47, 0x0A48, 11), (0x0A49, 0x0A4A, 163), (0x0A4B, 0x0A4D, 11), (0x0A4E, 0x0A50, 163), (0x0A51, 0x0A51, 11),
    (0x0A52, 0x0A58, 163), (0x0A59, 0x0A5C, 11), (0x0A5D, 0x0A5D, 163), (0x0A5E, 0x0A5E, 11), (0x0A5F, 0x0A65, 163),
    (0x0A66, 0x0A76, 11), (0x0A77, 0x0A80, 163), (0x0A81, 0x0A83, 12), (0x0A84, 0x0A84, 163), (0x0A85, 0x0A8D, 12),
    (0x0A8E, 0x0A8E, 163), (0x0A8F, 0x0A91, 12), (0x0A92, 0x0A92, 163), (0x0A93, 0x0AA8, 12), (0x0AA9, 0x0AA9, 163),
    (0x0AAA, 0x0AB0, 12), (0x0AB1, 0x0AB1, 163), (0x0AB2, 0x0AB3, 12), (0x0AB4, 0x0AB4, 163), (0x0AB5, 0x0AB9, 12),
    (0x0ABA, 0x0ABB, 163), (0x0ABC, 0x0AC5, 12), (0x0AC6, 0x0AC6, 163), (0x0AC7, 0x0AC9, 12), (0x0ACA, 0x0ACA, 163),
    (0x0ACB, 0x0ACD, 12), (0x0ACE, 0x0ACF, 163), (0x0AD0, 0x0AD0, 12), (0x0AD1, 0x0ADF, 163), (0x0AE0, 0x0AE3, 12),
    (0x0AE4, 0x0AE5, 163), (0x0AE6, 0x0AF1, 12), (0x0AF2, 0x0AF8, 163), (0x0AF9, 0x0AFF, 12), (0x0B00, 0x0B00, 163),
    (0x0B01, 0x0B03, 13), (0x0B04, 0x0B04, 163), (0x0B05, 0x0B0C, 13), (0x0B0D, 0x0B0E, 163), (0x0B0F, 0x0B10, 13),
    (0x0B11, 0x0B12, 163), (0x0B13, 0x0B28, 13), (0x0B29, 0x0B29, 163), (0x0B2A, 0x0B30, 13), (0x0B31, 0x0B31, 163),
    (0x0B32, 0x0B33, 13), (0x0B34, 0x0B34, 163), (0x0B35, 0x0B39, 13), (0x0B3A, 0x0B3B, 163), (0x0B3C, 0x0B44, 13),
    (0x0B45, 0x0B46, 163), (0x0B47, 0x0B48, 13), (0x0B49, 0x0B4A, 163), (0x0B4B, 0x0B4D, 13), (0x0B4E, 0x0B54, 163),
    (0x0B55, 0x0B57, 13), (0x0B58, 0x0B5B, 163), (0x0B5C, 0x0B5D, 13), (0x0B5E, 0x0B5E, 163), (0x0B5F, 0x0B63, 13),
    (0x0B64, 0x0B65, 163), (0x0B66, 0x0B77, 13), (0x0B78, 0x0B81, 163), (0x0B82, 0x0B83, 14), (0x0B84, 0x0B84, 163),
    (0x0B85, 0x0B8A, 14), (0x0B8B, 0x0B8D, 163), (0x0B8E, 0x0B90, 14), (0x0B91, 0x0B91, 163), (0x0B92, 0x0B95, 14),
    (0x0B96, 0x0B98, 163), (0x0B99, 0x0B9A, 14), (0x0B9B, 0x0B9B, 163), (0x0B9C, 0x0B9C, 14), (0x0B9D, 0x0B9D, 163),
    (0x0B9E, 0x0B9F, 14), (0x0BA0, 0x0BA2, 163), (0x0BA3, 0x0BA4, 14), (0x0BA5, 0x0BA7, 163), (0x0BA8, 0x0BAA, 14),
    (0x0BAB, 0x0BAD, 163), (0x0BAE, 0x0BB9, 14), (0x0BBA, 0x0BBD, 163), (0x0BBE, 0x0BC2, 14), (0x0BC3, 0x0BC5, 163),
    (0x0BC6, 0x0BC8, 14), (0x0BC9, 0x0BC9, 163), (0x0BCA, 0x0BCD, 14), (0x0BCE, 0x0BCF, 163), (0x0BD0, 0x0BD0, 14),
    (0x0BD1, 0x0BD6, 163), (0x0BD7, 0x0BD7, 14), (0x0BD8, 0x0BE5, 163), (0x0BE6, 0x0BFA, 14), (0x0BFB, 0x0BFF, 163),
    (0x0C00, 0x0C0C, 15), (0x0C0D, 0x0C0D, 163), (0x0C0E, 0x0C10, 15), (0x0C11, 0x0C11, 163), (0x0C12, 0x0C28, 15),
    (0x0C29, 0x0C29, 163), (0x0C2A, 0x0C39, 15), (0x0C3A, 0x0C3B, 163), (0x0C3C, 0x0C44, 15), (0x0C45, 0x0C45, 163),
    (0x0C46, 0x0C48, 15), (0x0C49, 0x0C49, 163), (0x0C4A, 0x0C4D, 15), (0x0C4E, 0x0C54, 163), (0x0C55, 0x0C56, 15),
    (0x0C57, 0x0C57, 163), (0x0C58, 0x0C5A, 15), (0x0C5B, 0x0C5C, 163), (0x0C5D, 0x0C5D, 15), (0x0C5E, 0x0C5F, 163),
    (0x0C60, 0x0C63, 15), (0x0C64, 0x0C65, 163), (0x0C66, 0x0C6F, 15), (0x0C70, 0x0C76, 163), (0x0C77, 0x0C7F, 15),
    (0x0C80, 0x0C8C, 16), (0x0C8D, 0x0C8D, 163), (0x0C8E, 0x0C90, 16), (0x0C91, 0x0C91, 163), (0x0C92, 0x0CA8, 16),
    (0x0CA9, 0x0CA9, 163), (0x0CAA, 0x0CB3, 16), (0x0CB4, 0x0CB4, 163), (0x0CB5, 0x0CB9, 16), (0x0CBA, 0x0CBB, 163),
    (0x0CBC, 0x0CC4, 16), (0x0CC5, 0x0CC5, 163), (0x0CC6, 0x0CC8, 16), (0x0CC9, 0x0CC9, 163), (0x0CCA, 0x0CCD, 16),
    (0x0CCE, 0x0CD4, 163), (0x0CD5, 0x0CD6, 16), (0x0CD7, 0x0CDC, 163), (0x0CDD, 0x0CDE, 16), (0x0CDF, 0x0CDF, 163),
    (0x0CE0, 0x0CE3, 16), (0x0CE4, 0x0CE5, 163), (0x0CE6, 0x0CEF, 16), (0x0CF0, 0x0CF0, 163), (0x0CF1, 0x0CF3, 16),
    (0x0CF4, 0x0CFF, 163), (0x0D00, 0x0D0C, 17), (0x0D0D, 0x0D0D, 163), (0x0D0E, 0x0D10, 17), (0x0D11, 0x0D11, 163),
    (0x0D12, 0x0D44, 17), (0x0D45, 0x0D45, 163), (0x0D46, 0x0D48, 17), (0x0D49, 0x0D49, 163), (0x0D4A, 0x0D4F, 17),
    (0x0D50, 0x0D53, 163), (0x0D54, 0x0D63, 17), (0x0D64, 0x0D65, 163), (0x0D66, 0x0D7F, 17), (0x0D80, 0x0D80, 163),
    (0x0D81, 0x0D83, 18), (0x0D84, 0x0D84, 163), (0x0D85, 0x0D96, 18), (0x0D97, 0x0D99, 163), (0x0D9A, 0x0DB1, 18),
    (0x0DB2, 0x0DB2, 163), (0x0DB3, 0x0DBB, 18), (0x0DBC, 0x0DBC, 163), (0x0DBD, 0x0DBD, 18), (0x0DBE, 0x0DBF, 163),
    (0x0DC0, 0x0DC6, 18), (0x0DC7, 0x0DC9, 163), (0x0DCA, 0x0DCA, 18), (0x0DCB, 0x0DCE, 163), (0x0DCF, 0x0DD4, 18),
    (0x0DD5, 0x0DD5, 163), (0x0DD6, 0x0DD6, 18), (0x0DD7, 0x0DD7, 163), (0x0DD8, 0x0DDF, 18), (0x0DE0, 0x0DE5, 163),
    (0x0DE6, 0x0DEF, 18), (0x0DF0, 0x0DF1, 163), (0x0DF2, 0x0DF4, 18), (0x0DF5, 0x0E00, 163), (0x0E01, 0x0E3A, 19),
    (0x0E3B, 0x0E3E, 163), (0x0E3F, 0x0E3F, 0), (0x0E40, 0x0E5B, 19), (0x0E5C, 0x0E80, 163), (0x0E81, 0x0E82, 20),
    (0x0E83, 0x0E83, 163), (0x0E84, 0x0E84, 20), (0x0E85, 0x0E85, 163), (0x0E86, 0x0E8A, 20), (0x0E8B, 0x0E8B, 163),
    (0x0E8C, 0x0EA3, 20), (0x0EA4, 0x0EA4, 163), (0x0EA5, 0x0EA5, 20), (0x0EA6, 0x0EA6, 163), (0x0EA7, 0x0EBD, 20),
    (0x0EBE, 0x0EBF, 163), (0x0EC0, 0x0EC4, 20), (0x0EC5, 0x0EC5, 163), (0x0EC6, 0x0EC6, 20), (0x0EC7, 0x0EC7, 163),
    (0x0EC8, 0x0ECE, 20), (0x0ECF, 0x0ECF, 163), (0x0ED0, 0x0ED9, 20), (0x0EDA, 0x0EDB, 163), (0x0EDC, 0x0EDF, 20),
    (0x0EE0, 0x0EFF, 163), (0x0F00, 0x0F47, 21), (0x0F48, 0x0F48, 163), (0x0F49, 0x0F6C, 21), (0x0F6D, 0x0F70, 163),
    (0x0F71, 0x0F97, 21), (0x0F98, 0x0F98, 163), (0x0F99, 0x0FBC, 21), (0x0FBD, 0x0FBD, 163), (0x0FBE, 0x0FCC, 21),
    (0x0FCD, 0x0FCD, 163), (0x0FCE, 0x0FD4, 21), (0x0FD5, 0x0FD8, 0), (0x0FD9, 0x0FDA, 21), (0x0FDB, 0x0FFF, 163),
    (0x1000, 0x109F, 22), (0x10A0, 0x10C5, 23), (0x10C6, 0x10C6, 163), (0x10C7, 0x10C7, 23), (0x10C8, 0x10CC, 163),
    (0x10CD, 0x10CD, 23), (0x10CE, 0x10CF, 163), (0x10D0, 0x10FA, 23), (0x10FB, 0x10FB, 0), (0x10FC, 0x10FF, 23),
    (0x1100, 0x11FF, 24), (0x1200, 0x1248, 25), (0x1249, 0x1249, 163), (0x124A, 0x124D, 25), (0x124E, 0x124F, 163),
    (0x1250, 0x1256, 25), (0x1257, 0x1257, 163), (0x1258, 0x1258, 25), (0x1259, 0x1259, 163), (0x125A, 0x125D, 25),
    (0x125E, 0x125F, 163), (0x1260, 0x1288, 25), (0x1289, 0x1289, 163), (0x128A, 0x128D, 25), (0x128E, 0x128F, 163),
    (0x1290, 0x12B0, 25), (0x12B1, 0x12B1, 163), (0x12B2, 0x12B5, 25), (0x12B6, 0x12B7, 163), (0x12B8, 0x12BE, 25),
    (0x12BF, 0x12BF, 163), (0x12C0, 0x12C0, 25), (0x12C1, 0x12C1, 163), (0x12C2, 0x12C5, 25), (0x12C6, 0x12C7, 163),
    (0x12C8, 0x12D6, 25), (0x12D7, 0x12D7, 163), (0x12D8, 0x1310, 25), (0x1311, 0x1311, 163), (0x1312, 0x1315, 25),
    (0x1316, 0x1317, 163), (0x1318, 0x135A, 25), (0x135B, 0x135C, 163), (0x135D, 0x137C, 25), (0x137D, 0x137F, 163),
    (0x1380, 0x1399, 25), (0x139A, 0x139F, 163), (0x13A0, 0x13F5, 26), (0x13F6, 0x13F7, 163), (0x13F8, 0x13FD, 26),
    (0x13FE, 0x13FF, 163), (0x1400, 0x167F, 27), (0x1680, 0x169C, 28), (0x169D, 0x169F, 163), (0x16A0, 0x16EA, 29),
    (0x16EB, 0x16ED, 0), (0x16EE, 0x16F8, 29), (0x16F9, 0x16FF, 163), (0x1700, 0x1715, 41), (0x1716, 0x171E, 163),
    (0x171F, 0x171F, 41), (0x1720, 0x1734, 42), (0x1735, 0x1736, 0), (0x1737, 0x173F, 163), (0x1740, 0x1753, 43),
    (0x1754, 0x175F, 163), (0x1760, 0x176C, 44), (0x176D, 0x176D, 163), (0x176E, 0x1770, 44), (0x1771, 0x1771, 163),
    (0x1772, 0x1773, 44), (0x1774, 0x177F, 163), (0x1780, 0x17DD, 30), (0x17DE, 0x17DF, 163), (0x17E0, 0x17E9, 30),
    (0x17EA, 0x17EF, 163), (0x17F0, 0x17F9, 30), (0x17FA, 0x17FF, 163), (0x1800, 0x1801, 31), (0x1802, 0x1803, 0),
    (0x1804, 0x1804, 31), (0x1805, 0x1805, 0), (0x1806, 0x1819, 31), (0x181A, 0x181F, 163), (0x1820, 0x1878, 31),
    (0x1879, 0x187F, 163), (0x1880, 0x18AA, 31), (0x18AB, 0x18AF, 163), (0x18B0, 0x18F5, 27), (0x18F6, 0x18FF, 163),
    (0x1900, 0x191E, 45), (0x191F, 0x191F, 163), (0x1920, 0x192B, 45), (0x192C, 0x192F, 163), (0x1930, 0x193B, 45),
    (0x193C, 0x193F, 163), (0x1940, 0x1940, 45), (0x1941, 0x1943, 163), (0x1944, 0x194F, 45), (0x1950, 0x196D, 46),
    (0x196E, 0x196F, 163), (0x1970, 0x1974, 46), (0x1975, 0x197F, 163), (0x1980, 0x19AB, 55), (0x19AC, 0x19AF, 163),
    (0x19B0, 0x19C9, 55), (0x19CA, 0x19CF, 163), (0x19D0, 0x19DA, 55), (0x19DB, 0x19DD, 163), (0x19DE, 0x19DF, 55),
    (0x19E0, 0x19FF, 30), (0x1A00, 0x1A1B, 53), (0x1A1C, 0x1A1D, 163), (0x1A1E, 0x1A1F, 53), (0x1A20, 0x1A5E, 78),
    (0x1A5F, 0x1A5F, 163), (0x1A60, 0x1A7C, 78), (0x1A7D, 0x1A7E, 163), (0x1A7F, 0x1A89, 78), (0x1A8A, 0x1A8F, 163),
    (0x1A90, 0x1A99, 78), (0x1A9A, 0x1A9F, 163), (0x1AA0, 0x1AAD, 78), (0x1AAE, 0x1AAF, 163), (0x1AB0, 0x1ACE, 40),
    (0x1ACF, 0x1AFF, 163), (0x1B00, 0x1B4C, 61), (0x1B4D, 0x1B4F, 163), (0x1B50, 0x1B7E, 61), (0x1B7F, 0x1B7F, 163),
    (0x1B80, 0x1BBF, 66), (0x1BC0, 0x1BF3, 67), (0x1BF4, 0x1BFB, 163), (0x1BFC, 0x1BFF, 67), (0x1C00, 0x1C37, 68),
    (0x1C38, 0x1C3A, 163), (0x1C3B, 0x1C49, 68), (0x1C4A, 0x1C4C, 163), (0x1C4D, 0x1C4F, 68), (0x1C50, 0x1C7F, 69),
    (0x1C80, 0x1C88, 3), (0x1C89, 0x1C8F, 163), (0x1C90, 0x1CBA, 23), (0x1CBB, 0x1CBC, 163), (0x1CBD, 0x1CBF, 23),
    (0x1CC0, 0x1CC7, 66), (0x1CC8, 0x1CCF, 163), (0x1CD0, 0x1CD2, 40), (0x1CD3, 0x1CD3, 0), (0x1CD4, 0x1CE0, 40),
    (0x1CE1, 0x1CE1, 0), (0x1CE2, 0x1CE8, 40), (0x1CE9, 0x1CEC, 0), (0x1CED, 0x1CED, 40), (0x1CEE, 0x1CF3, 0),
    (0x1CF4, 0x1CF4, 40), (0x1CF5, 0x1CF7, 0), (0x1CF8, 0x1CF9, 40), (0x1CFA, 0x1CFA, 0), (0x1CFB, 0x1CFF, 163),
    (0x1D00, 0x1D25, 1), (0x1D26, 0x1D2A, 2), (0x1D2B, 0x1D2B, 3), (0x1D2C, 0x1D5C, 1), (0x1D5D, 0x1D61, 2),
    (0x1D62, 0x1D65, 1), (0x1D66, 0x1D6A, 2), (0x1D6B, 0x1D77, 1), (0x1D78, 0x1D78, 3), (0x1D79, 0x1DBE, 1),
    (0x1DBF, 0x1DBF, 2), (0x1DC0, 0x1DFF, 40), (0x1E00, 0x1EFF, 1), (0x1F00, 0x1F15, 2), (0x1F16, 0x1F17, 163),
    (0x1F18, 0x1F1D, 2), (0x1F1E, 0x1F1F, 163), (0x1F20, 0x1F45, 2), (0x1F46, 0x1F47, 163), (0x1F48, 0x1F4D, 2),
    (0x1F4E, 0x1F4F, 163), (0x1F50, 0x1F57, 2), (0x1F58, 0x1F58, 163), (0x1F59, 0x1F59, 2), (0x1F5A, 0x1F5A, 163),
    (0x1F5B, 0x1F5B, 2), (0x1F5C, 0x1F5C, 163), (0x1F5D, 0x1F5D, 2), (0x1F5E, 0x1F5E, 163), (0x1F5F, 0x1F7D, 2),
    (0x1F7E, 0x1F7F, 163), (0x1F80, 0x1FB4, 2), (0x1FB5, 0x1FB5, 163), (0x1FB6, 0x1FC4, 2), (0x1FC5, 0x1FC5, 163),
    (0x1FC6, 0x1FD3, 2), (0x1FD4, 0x1FD5, 163), (0x1FD6, 0x1FDB, 2), (0x1FDC, 0x1FDC, 163), (0x1FDD, 0x1FEF, 2),
    (0x1FF0, 0x1FF1, 163), (0x1FF2, 0x1FF4, 2), (0x1FF5, 0x1FF5, 163), (0x1FF6, 0x1FFE, 2), (0x1FFF, 0x1FFF, 163),
    (0x2000, 0x200B, 0), (0x200C, 0x200D, 40), (0x200E, 0x2064, 0), (0x2065, 0x2065, 163), (0x2066, 0x2070, 0),
    (0x2071, 0x2071, 1), (0x2072, 0x2073, 163), (0x2074, 0x207E, 0), (0x207F, 0x207F, 1), (0x2080, 0x208E, 0),
    (0x208F, 0x208F, 163), (0x2090, 0x209C, 1), (0x209D, 0x209F, 163), (0x20A0, 0x20C0, 0), (0x20C1, 0x20CF, 163),
    (0x20D0, 0x20F0, 40), (0x20F1, 0x20FF, 163), (0x2100, 0x2125, 0), (0x2126, 0x2126, 2), (0x2127, 0x2129, 0),
    (0x212A, 0x212B, 1), (0x212C, 0x2131, 0), (0x2132, 0x2132, 1), (0x2133, 0x214D, 0), (0x214E, 0x214E, 1),
    (0x214F, 0x215F, 0), (0x2160, 0x2188, 1), (0x2189, 0x218B, 0), (0x218C, 0x218F, 163), (0x2190, 0x2426, 0),
    (0x2427, 0x243F, 163), (0x2440, 0x244A, 0), (0x244B, 0x245F, 163), (0x2460, 0x27FF, 0), (0x2800, 0x28FF, 52),
    (0x2900, 0x2B73, 0), (0x2B74, 0x2B75, 163), (0x2B76, 0x2B95, 0), (0x2B96, 0x2B96, 163), (0x2B97, 0x2BFF, 0),
    (0x2C00, 0x2C5F, 56), (0x2C60, 0x2C7F, 1), (0x2C80, 0x2CF3, 54), (0x2CF4, 0x2CF8, 163), (0x2CF9, 0x2CFF, 54),
    (0x2D00, 0x2D25, 23), (0x2D26, 0x2D26, 163), (0x2D27, 0x2D27, 23), (0x2D28, 0x2D2C, 163), (0x2D2D, 0x2D2D, 23),
    (0x2D2E, 0x2D2F, 163), (0x2D30, 0x2D67, 57), (0x2D68, 0x2D6E, 163), (0x2D6F, 0x2D70, 57), (0x2D71, 0x2D7E, 163),
    (0x2D7F, 0x2D7F, 57), (0x2D80, 0x2D96, 25), (0x2D97, 0x2D9F, 163), (0x2DA0, 0x2DA6, 25), (0x2DA7, 0x2DA7, 163),
    (0x2DA8, 0x2DAE, 25), (0x2DAF, 0x2DAF, 163), (0x2DB0, 0x2DB6, 25), (0x2DB7, 0x2DB7, 163), (0x2DB8, 0x2DBE, 25),
    (0x2DBF, 0x2DBF, 163), (0x2DC0, 0x2DC6, 25), (0x2DC7, 0x2DC7, 163), (0x2DC8, 0x2DCE, 25), (0x2DCF, 0x2DCF, 163),
    (0x2DD0, 0x2DD6, 25), (0x2DD7, 0x2DD7, 163), (0x2DD8, 0x2DDE, 25), (0x2DDF, 0x2DDF, 163), (0x2DE0, 0x2DFF, 3),
    (0x2E00, 0x2E5D, 0), (0x2E5E, 0x2E7F, 163), (0x2E80, 0x2E99, 35), (0x2E9A, 0x2E9A, 163), (0x2E9B, 0x2EF3, 35),
    (0x2EF4, 0x2EFF, 163), (0x2F00, 0x2FD5, 35), (0x2FD6, 0x2FEF, 163), (0x2FF0, 0x2FFB, 0), (0x2FFC, 0x2FFF, 163),
    (0x3000, 0x3004, 0), (0x3005, 0x3005, 35), (0x3006, 0x3006, 0), (0x3007, 0x3007, 35), (0x3008, 0x3020, 0),
    (0x3021, 0x3029, 35), (0x302A, 0x302D, 40), (0x302E, 0x302F, 24), (0x3030, 0x3037, 0), (0x3038, 0x303B, 35),
    (0x303C, 0x303F, 0), (0x3040, 0x3040, 163), (0x3041, 0x3096, 32), (0x3097, 0x3098, 163), (0x3099, 0x309A, 40),
    (0x309B, 0x309C, 0), (0x309D, 0x309F, 32), (0x30A0, 0x30A0, 0), (0x30A1, 0x30FA, 33), (0x30FB, 0x30FC, 0),
    (0x30FD, 0x30FF, 33), (0x3100, 0x3104, 163), (0x3105, 0x312F, 34), (0x3130, 0x3130, 163), (0x3131, 0x318E, 24),
    (0x318F, 0x318F, 163), (0x3190, 0x319F, 0), (0x31A0, 0x31BF, 34), (0x31C0, 0x31E3, 0), (0x31E4, 0x31EF, 163),
    (0x31F0, 0x31FF, 33), (0x3200, 0x321E, 24), (0x321F, 0x321F, 163), (0x3220, 0x325F, 0), (0x3260, 0x327E, 24),
    (0x327F, 0x32CF, 0), (0x32D0, 0x32FE, 33), (0x32FF, 0x32FF, 0), (0x3300, 0x3357, 33), (0x3358, 0x33FF, 0),
    (0x3400, 0x4DBF, 35), (0x4DC0, 0x4DFF, 0), (0x4E00, 0x9FFF, 35), (0xA000, 0xA48C, 36), (0xA48D, 0xA48F, 163),
    (0xA490, 0xA4C6, 36), (0xA4C7, 0xA4CF, 163), (0xA4D0, 0xA4FF, 84), (0xA500, 0xA62B, 70), (0xA62C, 0xA63F, 163),
    (0xA640, 0xA69F, 3), (0xA6A0, 0xA6F7, 85), (0xA6F8, 0xA6FF, 163), (0xA700, 0xA721, 0), (0xA722, 0xA787, 1),
    (0xA788, 0xA78A, 0), (0xA78B, 0xA7CA, 1), (0xA7CB, 0xA7CF, 163), (0xA7D0, 0xA7D1, 1), (0xA7D2, 0xA7D2, 163),
    (0xA7D3, 0xA7D3, 1), (0xA7D4, 0xA7D4, 163), (0xA7D5, 0xA7D9, 1), (0xA7DA, 0xA7F1, 163), (0xA7F2, 0xA7FF, 1),
    (0xA800, 0xA82C, 58), (0xA82D, 0xA82F, 163), (0xA830, 0xA839, 0), (0xA83A, 0xA83F, 163), (0xA840, 0xA877, 64),
    (0xA878, 0xA87F, 163), (0xA880, 0xA8C5, 71), (0xA8C6, 0xA8CD, 163), (0xA8CE, 0xA8D9, 71), (0xA8DA, 0xA8DF, 163),
    (0xA8E0, 0xA8FF, 9), (0xA900, 0xA92D, 72), (0xA92E, 0xA92E, 0), (0xA92F, 0xA92F, 72), (0xA930, 0xA953, 73),
    (0xA954, 0xA95E, 163), (0xA95F, 0xA95F, 73), (0xA960, 0xA97C, 24), (0xA97D, 0xA97F, 163), (0xA980, 0xA9CD, 86),
    (0xA9CE, 0xA9CE, 163), (0xA9CF, 0xA9CF, 0), (0xA9D0, 0xA9D9, 86), (0xA9DA, 0xA9DD, 163), (0xA9DE, 0xA9DF, 86),
    (0xA9E0, 0xA9FE, 22), (0xA9FF, 0xA9FF, 163), (0xAA00, 0xAA36, 77), (0xAA37, 0xAA3F, 163), (0xAA40, 0xAA4D, 77),
    (0xAA4E, 0xAA4F, 163), (0xAA50, 0xAA59, 77), (0xAA5A, 0xAA5B, 163), (0xAA5C, 0xAA5F, 77), (0xAA60, 0xAA7F, 22),
    (0xAA80, 0xAAC2, 79), (0xAAC3, 0xAADA, 163), (0xAADB, 0xAADF, 79), (0xAAE0, 0xAAF6, 87), (0xAAF7, 0xAB00, 163),
    (0xAB01, 0xAB06, 25), (0xAB07, 0xAB08, 163), (0xAB09, 0xAB0E, 25), (0xAB0F, 0xAB10, 163), (0xAB11, 0xAB16, 25),
    (0xAB17, 0xAB1F, 163), (0xAB20, 0xAB26, 25), (0xAB27, 0xAB27, 163), (0xAB28, 0xAB2E, 25), (0xAB2F, 0xAB2F, 163),
    (0xAB30, 0xAB5A, 1), (0xAB5B, 0xAB5B, 0), (0xAB5C, 0xAB64, 1), (0xAB65, 0xAB65, 2), (0xAB66, 0xAB69, 1),
    (0xAB6A, 0xAB6B, 0), (0xAB6C, 0xAB6F, 163), (0xAB70, 0xABBF, 26), (0xABC0, 0xABED, 87), (0xABEE, 0xABEF, 163),
    (0xABF0, 0xABF9, 87), (0xABFA, 0xABFF, 163), (0xAC00, 0xD7A3, 24), (0xD7A4, 0xD7AF, 163), (0xD7B0, 0xD7C6, 24),
    (0xD7C7, 0xD7CA, 163), (0xD7CB, 0xD7FB, 24), (0xD7FC, 0xF8FF, 163), (0xF900, 0xFA6D, 35), (0xFA6E, 0xFA6F, 163),
    (0xFA70, 0xFAD9, 35), (0xFADA, 0xFAFF, 163), (0xFB00, 0xFB06, 1), (0xFB07, 0xFB12, 163), (0xFB13, 0xFB17, 4),
    (0xFB18, 0xFB1C, 163), (0xFB1D, 0xFB36, 5), (0xFB37, 0xFB37, 163), (0xFB38, 0xFB3C, 5), (0xFB3D, 0xFB3D, 163),
    (0xFB3E, 0xFB3E, 5), (0xFB3F, 0xFB3F, 163), (0xFB40, 0xFB41, 5), (0xFB42, 0xFB42, 163), (0xFB43, 0xFB44, 5),
    (0xFB45, 0xFB45, 163), (0xFB46, 0xFB4F, 5), (0xFB50, 0xFBC2, 6), (0xFBC3, 0xFBD2, 163), (0xFBD3, 0xFD3D, 6),
    (0xFD3E, 0xFD3F, 0), (0xFD40, 0xFD8F, 6), (0xFD90, 0xFD91, 163), (0xFD92, 0xFDC7, 6), (0xFDC8, 0xFDCE, 163),
    (0xFDCF, 0xFDCF, 6), (0xFDD0, 0xFDEF, 163), (0xFDF0, 0xFDFF, 6), (0xFE00, 0xFE0F, 40), (0xFE10, 0xFE19, 0),
    (0xFE1A, 0xFE1F, 163), (0xFE20, 0xFE2D, 40), (0xFE2E, 0xFE2F, 3), (0xFE30, 0xFE52, 0), (0xFE53, 0xFE53, 163),
    (0xFE54, 0xFE66, 0), (0xFE67, 0xFE67, 163), (0xFE68, 0xFE6B, 0), (0xFE6C, 0xFE6F, 163), (0xFE70, 0xFE74, 6),
    (0xFE75, 0xFE75, 163), (0xFE76, 0xFEFC, 6), (0xFEFD, 0xFEFE, 163), (0xFEFF, 0xFEFF, 0), (0xFF00, 0xFF00, 163),
    (0xFF01, 0xFF20, 0), (0xFF21, 0xFF3A, 1), (0xFF3B, 0xFF40, 0), (0xFF41, 0xFF5A, 1), (0xFF5B, 0xFF65, 0),
    (0xFF66, 0xFF6F, 33), (0xFF70, 0xFF70, 0), (0xFF71, 0xFF9D, 33), (0xFF9E, 0xFF9F, 0), (0xFFA0, 0xFFBE, 24),
    (0xFFBF, 0xFFC1, 163), (0xFFC2, 0xFFC7, 24), (0xFFC8, 0xFFC9, 163), (0xFFCA, 0xFFCF, 24), (0xFFD0, 0xFFD1, 163),
    (0xFFD2, 0xFFD7, 24), (0xFFD8, 0xFFD9, 163), (0xFFDA, 0xFFDC, 24), (0xFFDD, 0xFFDF, 163), (0xFFE0, 0xFFE6, 0),
    (0xFFE7, 0xFFE7, 163), (0xFFE8, 0xFFEE, 0), (0xFFEF, 0xFFF8, 163), (0xFFF9, 0xFFFD, 0), (0xFFFE, 0xFFFF, 163),
    (0x10000, 0x1000B, 47), (0x1000C, 0x1000C, 163), (0x1000D, 0x10026, 47), (0x10027, 0x10027, 163), (0x10028, 0x1003A, 47),
    (0x1003B, 0x1003B, 163), (0x1003C, 0x1003D, 47), (0x1003E, 0x1003E, 163), (0x1003F, 0x1004D, 47), (0x1004E, 0x1004F, 163),
    (0x10050, 0x1005D, 47), (0x1005E, 0x1007F, 163), (0x10080, 0x100FA, 47), (0x100FB, 0x100FF, 163), (0x10100, 0x10102, 0),
    (0x10103, 0x10106, 163), (0x10107, 0x10133, 0), (0x10134, 0x10136, 163), (0x10137, 0x1013F, 0), (0x10140, 0x1018E, 2),
    (0x1018F, 0x1018F, 163), (0x10190, 0x1019C, 0), (0x1019D, 0x1019F, 163), (0x101A0, 0x101A0, 2), (0x101A1, 0x101CF, 163),
    (0x101D0, 0x101FC, 0), (0x101FD, 0x101FD, 40), (0x101FE, 0x1027F, 163), (0x10280, 0x1029C, 74), (0x1029D, 0x1029F, 163),
    (0x102A0, 0x102D0, 75), (0x102D1, 0x102DF, 163), (0x102E0, 0x102E0, 40), (0x102E1, 0x102FB, 0), (0x102FC, 0x102FF, 163),
    (0x10300, 0x10323, 37), (0x10324, 0x1032C, 163), (0x1032D, 0x1032F, 37), (0x10330, 0x1034A, 38), (0x1034B, 0x1034F, 163),
    (0x10350, 0x1037A, 119), (0x1037B, 0x1037F, 163), (0x10380, 0x1039D, 48), (0x1039E, 0x1039E, 163), (0x1039F, 0x1039F, 48),
    (0x103A0, 0x103C3, 59), (0x103C4, 0x103C7, 163), (0x103C8, 0x103D5, 59), (0x103D6, 0x103FF, 163), (0x10400, 0x1044F, 39),
    (0x10450, 0x1047F, 49), (0x10480, 0x1049D, 50), (0x1049E, 0x1049F, 163), (0x104A0, 0x104A9, 50), (0x104AA, 0x104AF, 163),
    (0x104B0, 0x104D3, 135), (0x104D4, 0x104D7, 163), (0x104D8, 0x104FB, 135), (0x104FC, 0x104FF, 163), (0x10500, 0x10527, 105),
    (0x10528, 0x1052F, 163), (0x10530, 0x10563, 102), (0x10564, 0x1056E, 163), (0x1056F, 0x1056F, 102), (0x10570, 0x1057A, 156),
    (0x1057B, 0x1057B, 163), (0x1057C, 0x1058A, 156), (0x1058B, 0x1058B, 163), (0x1058C, 0x10592, 156), (0x10593, 0x10593, 163),
    (0x10594, 0x10595, 156), (0x10596, 0x10596, 163), (0x10597, 0x105A1, 156), (0x105A2, 0x105A2, 163), (0x105A3, 0x105B1, 156),
    (0x105B2, 0x105B2, 163), (0x105B3, 0x105B9, 156), (0x105BA, 0x105BA, 163), (0x105BB, 0x105BC, 156), (0x105BD, 0x105FF, 163),
    (0x10600, 0x10736, 109), (0x10737, 0x1073F, 163), (0x10740, 0x10755, 109), (0x10756, 0x1075F, 163), (0x10760, 0x10767, 109),
    (0x10768, 0x1077F, 163), (0x10780, 0x10785, 1), (0x10786, 0x10786, 163), (0x10787, 0x107B0, 1), (0x107B1, 0x107B1, 163),
    (0x107B2, 0x107BA, 1), (0x107BB, 0x107FF, 163), (0x10800, 0x10805, 51), (0x10806, 0x10807, 163), (0x10808, 0x10808, 51),
    (0x10809, 0x10809, 163), (0x1080A, 0x10835, 51), (0x10836, 0x10836, 163), (0x10837, 0x10838, 51), (0x10839, 0x1083B, 163),
    (0x1083C, 0x1083C, 51), (0x1083D, 0x1083E, 163), (0x1083F, 0x1083F, 51), (0x10840, 0x10855, 88), (0x10856, 0x10856, 163),
    (0x10857, 0x1085F, 88), (0x10860, 0x1087F, 117), (0x10880, 0x1089E, 116), (0x1089F, 0x108A6, 163), (0x108A7, 0x108AF, 116),
    (0x108B0, 0x108DF, 163), (0x108E0, 0x108F2, 127), (0x108F3, 0x108F3, 163), (0x108F4, 0x108F5, 127), (0x108F6, 0x108FA, 163),
    (0x108FB, 0x108FF, 127), (0x10900, 0x1091B, 63), (0x1091C, 0x1091E, 163), (0x1091F, 0x1091F, 63), (0x10920, 0x10939, 76),
    (0x1093A, 0x1093E, 163), (0x1093F, 0x1093F, 76), (0x10940, 0x1097F, 163), (0x10980, 0x1099F, 95), (0x109A0, 0x109B7, 96),
    (0x109B8, 0x109BB, 163), (0x109BC, 0x109CF, 96), (0x109D0, 0x109D1, 163), (0x109D2, 0x109FF, 96), (0x10A00, 0x10A03, 60),
    (0x10A04, 0x10A04, 163), (0x10A05, 0x10A06, 60), (0x10A07, 0x10A0B, 163), (0x10A0C, 0x10A13, 60), (0x10A14, 0x10A14, 163),
    (0x10A15, 0x10A17, 60), (0x10A18, 0x10A18, 163), (0x10A19, 0x10A35, 60), (0x10A36, 0x10A37, 163), (0x10A38, 0x10A3A, 60),
    (0x10A3B, 0x10A3E, 163), (0x10A3F, 0x10A48, 60), (0x10A49, 0x10A4F, 163), (0x10A50, 0x10A58, 60), (0x10A59, 0x10A5F, 163),
    (0x10A60, 0x10A7F, 89), (0x10A80, 0x10A9F, 115), (0x10AA0, 0x10ABF, 163), (0x10AC0, 0x10AE6, 111), (0x10AE7, 0x10AEA, 163),
    (0x10AEB, 0x10AF6, 111), (0x10AF7, 0x10AFF, 163), (0x10B00, 0x10B35, 80), (0x10B36, 0x10B38, 163), (0x10B39, 0x10B3F, 80),
    (0x10B40, 0x10B55, 90), (0x10B56, 0x10B57, 163), (0x10B58, 0x10B5F, 90), (0x10B60, 0x10B72, 91), (0x10B73, 0x10B77, 163),
    (0x10B78, 0x10B7F, 91), (0x10B80, 0x10B91, 120), (0x10B92, 0x10B98, 163), (0x10B99, 0x10B9C, 120), (0x10B9D, 0x10BA8, 163),
    (0x10BA9, 0x10BAF, 120), (0x10BB0, 0x10BFF, 163), (0x10C00, 0x10C48, 92), (0x10C49, 0x10C7F, 163), (0x10C80, 0x10CB2, 129),
    (0x10CB3, 0x10CBF, 163), (0x10CC0, 0x10CF2, 129), (0x10CF3, 0x10CF9, 163), (0x10CFA, 0x10CFF, 129), (0x10D00, 0x10D27, 141),
    (0x10D28, 0x10D2F, 163), (0x10D30, 0x10D39, 141), (0x10D3A, 0x10E5F, 163), (0x10E60, 0x10E7E, 6), (0x10E7F, 0x10E7F, 163),
    (0x10E80, 0x10EA9, 152), (0x10EAA, 0x10EAA, 163), (0x10EAB, 0x10EAD, 152), (0x10EAE, 0x10EAF, 163), (0x10EB0, 0x10EB1, 152),
    (0x10EB2, 0x10EFC, 163), (0x10EFD, 0x10EFF, 6), (0x10F00, 0x10F27, 142), (0x10F28, 0x10F2F, 163), (0x10F30, 0x10F59, 143),
    (0x10F5A, 0x10F6F, 163), (0x10F70, 0x10F89, 157), (0x10F8A, 0x10FAF, 163), (0x10FB0, 0x10FCB, 153), (0x10FCC, 0x10FDF, 163),
    (0x10FE0, 0x10FF6, 148), (0x10FF7, 0x10FFF, 163), (0x11000, 0x1104D, 93), (0x1104E, 0x11051, 163), (0x11052, 0x11075, 93),
    (0x11076, 0x1107E, 163), (0x1107F, 0x1107F, 93), (0x11080, 0x110C2, 94), (0x110C3, 0x110CC, 163), (0x110CD, 0x110CD, 94),
    (0x110CE, 0x110CF, 163), (0x110D0, 0x110E8, 97), (0x110E9, 0x110EF, 163), (0x110F0, 0x110F9, 97), (0x110FA, 0x110FF, 163),
    (0x11100, 0x11134, 98), (0x11135, 0x11135, 163), (0x11136, 0x11147, 98), (0x11148, 0x1114F, 163), (0x11150, 0x11176, 110),
    (0x11177, 0x1117F, 163), (0x11180, 0x111DF, 99), (0x111E0, 0x111E0, 163), (0x111E1, 0x111F4, 18), (0x111F5, 0x111FF, 163),
    (0x11200, 0x11211, 108), (0x11212, 0x11212, 163), (0x11213, 0x11241, 108), (0x11242, 0x1127F, 163), (0x11280, 0x11286, 128),
    (0x11287, 0x11287, 163), (0x11288, 0x11288, 128), (0x11289, 0x11289, 163), (0x1128A, 0x1128D, 128), (0x1128E, 0x1128E, 163),
    (0x1128F, 0x1129D, 128), (0x1129E, 0x1129E, 163), (0x1129F, 0x112A9, 128), (0x112AA, 0x112AF, 163), (0x112B0, 0x112EA, 122),
    (0x112EB, 0x112EF, 163), (0x112F0, 0x112F9, 122), (0x112FA, 0x112FF, 163), (0x11300, 0x11303, 106), (0x11304, 0x11304, 163),
    (0x11305, 0x1130C, 106), (0x1130D, 0x1130E, 163), (0x1130F, 0x11310, 106), (0x11311, 0x11312, 163), (0x11313, 0x11328, 106),
    (0x11329, 0x11329, 163), (0x1132A, 0x11330, 106), (0x11331, 0x11331, 163), (0x11332, 0x11333, 106), (0x11334, 0x11334, 163),
    (0x11335, 0x11339, 106), (0x1133A, 0x1133A, 163), (0x1133B, 0x1133B, 40), (0x1133C, 0x11344, 106), (0x11345, 0x11346, 163),
    (0x11347, 0x11348, 106), (0x11349, 0x1134A, 163), (0x1134B, 0x1134D, 106), (0x1134E, 0x1134F, 163), (0x11350, 0x11350, 106),
    (0x11351, 0x11356, 163), (0x11357, 0x11357, 106), (0x11358, 0x1135C, 163), (0x1135D, 0x11363, 106), (0x11364, 0x11365, 163),
    (0x11366, 0x1136C, 106), (0x1136D, 0x1136F, 163), (0x11370, 0x11374, 106), (0x11375, 0x113FF, 163), (0x11400, 0x1145B, 134),
    (0x1145C, 0x1145C, 163), (0x1145D, 0x11461, 134), (0x11462, 0x1147F, 163), (0x11480, 0x114C7, 123), (0x114C8, 0x114CF, 163),
    (0x114D0, 0x114D9, 123), (0x114DA, 0x1157F, 163), (0x11580, 0x115B5, 121), (0x115B6, 0x115B7, 163), (0x115B8, 0x115DD, 121),
    (0x115DE, 0x115FF, 163), (0x11600, 0x11644, 113), (0x11645, 0x1164F, 163), (0x11650, 0x11659, 113), (0x1165A, 0x1165F, 163),
    (0x11660, 0x1166C, 31), (0x1166D, 0x1167F, 163), (0x11680, 0x116B9, 100), (0x116BA, 0x116BF, 163), (0x116C0, 0x116C9, 100),
    (0x116CA, 0x116FF, 163), (0x11700, 0x1171A, 125), (0x1171B, 0x1171C, 163), (0x1171D, 0x1172B, 125), (0x1172C, 0x1172F, 163),
    (0x11730, 0x11746, 125), (0x11747, 0x117FF, 163), (0x11800, 0x1183B, 144), (0x1183C, 0x1189F, 163), (0x118A0, 0x118F2, 124),
    (0x118F3, 0x118FE, 163), (0x118FF, 0x118FF, 124), (0x11900, 0x11906, 154), (0x11907, 0x11908, 163), (0x11909, 0x11909, 154),
    (0x1190A, 0x1190B, 163), (0x1190C, 0x11913, 154), (0x11914, 0x11914, 163), (0x11915, 0x11916, 154), (0x11917, 0x11917, 163),
    (0x11918, 0x11935, 154), (0x11936, 0x11936, 163), (0x11937, 0x11938, 154), (0x11939, 0x1193A, 163), (0x1193B, 0x11946, 154),
    (0x11947, 0x1194F, 163), (0x11950, 0x11959, 154), (0x1195A, 0x1199F, 163), (0x119A0, 0x119A7, 149), (0x119A8, 0x119A9, 163),
    (0x119AA, 0x119D7, 149), (0x119D8, 0x119D9, 163), (0x119DA, 0x119E4, 149), (0x119E5, 0x119FF, 163), (0x11A00, 0x11A47, 140),
    (0x11A48, 0x11A4F, 163), (0x11A50, 0x11AA2, 139), (0x11AA3, 0x11AAF, 163), (0x11AB0, 0x11ABF, 27), (0x11AC0, 0x11AF8, 118),
    (0x11AF9, 0x11AFF, 163), (0x11B00, 0x11B09, 9), (0x11B0A, 0x11BFF, 163), (0x11C00, 0x11C08, 132), (0x11C09, 0x11C09, 163),
    (0x11C0A, 0x11C36, 132), (0x11C37, 0x11C37, 163), (0x11C38, 0x11C45, 132), (0x11C46, 0x11C4F, 163), (0x11C50, 0x11C6C, 132),
    (0x11C6D, 0x11C6F, 163), (0x11C70, 0x11C8F, 133), (0x11C90, 0x11C91, 163), (0x11C92, 0x11CA7, 133), (0x11CA8, 0x11CA8, 163),
    (0x11CA9, 0x11CB6, 133), (0x11CB7, 0x11CFF, 163), (0x11D00, 0x11D06, 137), (0x11D07, 0x11D07, 163), (0x11D08, 0x11D09, 137),
    (0x11D0A, 0x11D0A, 163), (0x11D0B, 0x11D36, 137), (0x11D37, 0x11D39, 163), (0x11D3A, 0x11D3A, 137), (0x11D3B, 0x11D3B, 163),
    (0x11D3C, 0x11D3D, 137), (0x11D3E, 0x11D3E, 163), (0x11D3F, 0x11D47, 137), (0x11D48, 0x11D4F, 163), (0x11D50, 0x11D59, 137),
    (0x11D5A, 0x11D5F, 163), (0x11D60, 0x11D65, 145), (0x11D66, 0x11D66, 163), (0x11D67, 0x11D68, 145), (0x11D69, 0x11D69, 163),
    (0x11D6A, 0x11D8E, 145), (0x11D8F, 0x11D8F, 163), (0x11D90, 0x11D91, 145), (0x11D92, 0x11D92, 163), (0x11D93, 0x11D98, 145),
    (0x11D99, 0x11D9F, 163), (0x11DA0, 0x11DA9, 145), (0x11DAA, 0x11EDF, 163), (0x11EE0, 0x11EF8, 146), (0x11EF9, 0x11EFF, 163),
    (0x11F00, 0x11F10, 161), (0x11F11, 0x11F11, 163), (0x11F12, 0x11F3A, 161), (0x11F3B, 0x11F3D, 163), (0x11F3E, 0x11F59, 161),
    (0x11F5A, 0x11FAF, 163), (0x11FB0, 0x11FB0, 84), (0x11FB1, 0x11FBF, 163), (0x11FC0, 0x11FF1, 14), (0x11FF2, 0x11FFE, 163),
    (0x11FFF, 0x11FFF, 14), (0x12000, 0x12399, 62), (0x1239A, 0x123FF, 163), (0x12400, 0x1246E, 62), (0x1246F, 0x1246F, 163),
    (0x12470, 0x12474, 62), (0x12475, 0x1247F, 163), (0x12480, 0x12543, 62), (0x12544, 0x12F8F, 163), (0x12F90, 0x12FF2, 158),
    (0x12FF3, 0x12FFF, 163), (0x13000, 0x13455, 81), (0x13456, 0x143FF, 163), (0x14400, 0x14646, 126), (0x14647, 0x167FF, 163),
    (0x16800, 0x16A38, 85), (0x16A39, 0x16A3F, 163), (0x16A40, 0x16A5E, 114), (0x16A5F, 0x16A5F, 163), (0x16A60, 0x16A69, 114),
    (0x16A6A, 0x16A6D, 163), (0x16A6E, 0x16A6F, 114), (0x16A70, 0x16ABE, 159), (0x16ABF, 0x16ABF, 163), (0x16AC0, 0x16AC9, 159),
    (0x16ACA, 0x16ACF, 163), (0x16AD0, 0x16AED, 103), (0x16AEE, 0x16AEF, 163), (0x16AF0, 0x16AF5, 103), (0x16AF6, 0x16AFF, 163),
    (0x16B00, 0x16B45, 107), (0x16B46, 0x16B4F, 163), (0x16B50, 0x16B59, 107), (0x16B5A, 0x16B5A, 163), (0x16B5B, 0x16B61, 107),
    (0x16B62, 0x16B62, 163), (0x16B63, 0x16B77, 107), (0x16B78, 0x16B7C, 163), (0x16B7D, 0x16B8F, 107), (0x16B90, 0x16E3F, 163),
    (0x16E40, 0x16E9A, 147), (0x16E9B, 0x16EFF, 163), (0x16F00, 0x16F4A, 101), (0x16F4B, 0x16F4E, 163), (0x16F4F, 0x16F87, 101),
    (0x16F88, 0x16F8E, 163), (0x16F8F, 0x16F9F, 101), (0x16FA0, 0x16FDF, 163), (0x16FE0, 0x16FE0, 136), (0x16FE1, 0x16FE1, 138),
    (0x16FE2, 0x16FE3, 35), (0x16FE4, 0x16FE4, 155), (0x16FE5, 0x16FEF, 163), (0x16FF0, 0x16FF1, 35), (0x16FF2, 0x16FFF, 163),
    (0x17000, 0x187F7, 136), (0x187F8, 0x187FF, 163), (0x18800, 0x18AFF, 136), (0x18B00, 0x18CD5, 155), (0x18CD6, 0x18CFF, 163),
    (0x18D00, 0x18D08, 136), (0x18D09, 0x1AFEF, 163), (0x1AFF0, 0x1AFF3, 33), (0x1AFF4, 0x1AFF4, 163), (0x1AFF5, 0x1AFFB, 33),
    (0x1AFFC, 0x1AFFC, 163), (0x1AFFD, 0x1AFFE, 33), (0x1AFFF, 0x1AFFF, 163), (0x1B000, 0x1B000, 33), (0x1B001, 0x1B11F, 32),
    (0x1B120, 0x1B122, 33), (0x1B123, 0x1B131, 163), (0x1B132, 0x1B132, 32), (0x1B133, 0x1B14F, 163), (0x1B150, 0x1B152, 32),
    (0x1B153, 0x1B154, 163), (0x1B155, 0x1B155, 33), (0x1B156, 0x1B163, 163), (0x1B164, 0x1B167, 33), (0x1B168, 0x1B16F, 163),
    (0x1B170, 0x1B2FB, 138), (0x1B2FC, 0x1BBFF, 163), (0x1BC00, 0x1BC6A, 104), (0x1BC6B, 0x1BC6F, 163), (0x1BC70, 0x1BC7C, 104),
    (0x1BC7D, 0x1BC7F, 163), (0x1BC80, 0x1BC88, 104), (0x1BC89, 0x1BC8F, 163), (0x1BC90, 0x1BC99, 104), (0x1BC9A, 0x1BC9B, 163),
    (0x1BC9C, 0x1BC9F, 104), (0x1BCA0, 0x1BCA3, 0), (0x1BCA4, 0x1CEFF, 163), (0x1CF00, 0x1CF2D, 40), (0x1CF2E, 0x1CF2F, 163),
    (0x1CF30, 0x1CF46, 40), (0x1CF47, 0x1CF4F, 163), (0x1CF50, 0x1CFC3, 0), (0x1CFC4, 0x1CFFF, 163), (0x1D000, 0x1D0F5, 0),
    (0x1D0F6, 0x1D0FF, 163), (0x1D100, 0x1D126, 0), (0x1D127, 0x1D128, 163), (0x1D129, 0x1D166, 0), (0x1D167, 0x1D169, 40),
    (0x1D16A, 0x1D17A, 0), (0x1D17B, 0x1D182, 40), (0x1D183, 0x1D184, 0), (0x1D185, 0x1D18B, 40), (0x1D18C, 0x1D1A9, 0),
    (0x1D1AA, 0x1D1AD, 40), (0x1D1AE, 0x1D1EA, 0), (0x1D1EB, 0x1D1FF, 163), (0x1D200, 0x1D245, 2), (0x1D246, 0x1D2BF, 163),
    (0x1D2C0, 0x1D2D3, 0), (0x1D2D4, 0x1D2DF, 163), (0x1D2E0, 0x1D2F3, 0), (0x1D2F4, 0x1D2FF, 163), (0x1D300, 0x1D356, 0),
    (0x1D357, 0x1D35F, 163), (0x1D360, 0x1D378, 0), (0x1D379, 0x1D3FF, 163), (0x1D400, 0x1D454, 0), (0x1D455, 0x1D455, 163),
    (0x1D456, 0x1D49C, 0), (0x1D49D, 0x1D49D, 163), (0x1D49E, 0x1D49F, 0), (0x1D4A0, 0x1D4A1, 163), (0x1D4A2, 0x1D4A2, 0),
    (0x1D4A3, 0x1D4A4, 163), (0x1D4A5, 0x1D4A6, 0), (0x1D4A7, 0x1D4A8, 163), (0x1D4A9, 0x1D4AC, 0), (0x1D4AD, 0x1D4AD, 163),
    (0x1D4AE, 0x1D4B9, 0), (0x1D4BA, 0x1D4BA, 163), (0x1D4BB, 0x1D4BB, 0), (0x1D4BC, 0x1D4BC, 163), (0x1D4BD, 0x1D4C3, 0),
    (0x1D4C4, 0x1D4C4, 163), (0x1D4C5, 0x1D505, 0), (0x1D506, 0x1D506, 163), (0x1D507, 0x1D50A, 0), (0x1D50B, 0x1D50C, 163),
    (0x1D50D, 0x1D514, 0), (0x1D515, 0x1D515, 163), (0x1D516, 0x1D51C, 0), (0x1D51D, 0x1D51D, 163), (0x1D51E, 0x1D539, 0),
    (0x1D53A, 0x1D53A, 163), (0x1D53B, 0x1D53E, 0), (0x1D53F, 0x1D53F, 163), (0x1D540, 0x1D544, 0), (0x1D545, 0x1D545, 163),
    (0x1D546, 0x1D546, 0), (0x1D547, 0x1D549, 163), (0x1D54A, 0x1D550, 0), (0x1D551, 0x1D551, 163), (0x1D552, 0x1D6A5, 0),
    (0x1D6A6, 0x1D6A7, 163), (0x1D6A8, 0x1D7CB, 0), (0x1D7CC, 0x1D7CD, 163), (0x1D7CE, 0x1D7FF, 0), (0x1D800, 0x1DA8B, 130),
    (0x1DA8C, 0x1DA9A, 163), (0x1DA9B, 0x1DA9F, 130), (0x1DAA0, 0x1DAA0, 163), (0x1DAA1, 0x1DAAF, 130), (0x1DAB0, 0x1DEFF, 163),
    (0x1DF00, 0x1DF1E, 1), (0x1DF1F, 0x1DF24, 163), (0x1DF25, 0x1DF2A, 1), (0x1DF2B, 0x1DFFF, 163), (0x1E000, 0x1E006, 56),
    (0x1E007, 0x1E007, 163), (0x1E008, 0x1E018, 56), (0x1E019, 0x1E01A, 163), (0x1E01B, 0x1E021, 56), (0x1E022, 0x1E022, 163),
    (0x1E023, 0x1E024, 56), (0x1E025, 0x1E025, 163), (0x1E026, 0x1E02A, 56), (0x1E02B, 0x1E02F, 163), (0x1E030, 0x1E06D, 3),
    (0x1E06E, 0x1E08E, 163), (0x1E08F, 0x1E08F, 3), (0x1E090, 0x1E0FF, 163), (0x1E100, 0x1E12C, 150), (0x1E12D, 0x1E12F, 163),
    (0x1E130, 0x1E13D, 150), (0x1E13E, 0x1E13F, 163), (0x1E140, 0x1E149, 150), (0x1E14A, 0x1E14D, 163), (0x1E14E, 0x1E14F, 150),
    (0x1E150, 0x1E28F, 163), (0x1E290, 0x1E2AE, 160), (0x1E2AF, 0x1E2BF, 163), (0x1E2C0, 0x1E2F9, 151), (0x1E2FA, 0x1E2FE, 163),
    (0x1E2FF, 0x1E2FF, 151), (0x1E300, 0x1E4CF, 163), (0x1E4D0, 0x1E4F9, 162), (0x1E4FA, 0x1E7DF, 163), (0x1E7E0, 0x1E7E6, 25),
    (0x1E7E7, 0x1E7E7, 163), (0x1E7E8, 0x1E7EB, 25), (0x1E7EC, 0x1E7EC, 163), (0x1E7ED, 0x1E7EE, 25), (0x1E7EF, 0x1E7EF, 163),
    (0x1E7F0, 0x1E7FE, 25), (0x1E7FF, 0x1E7FF, 163), (0x1E800, 0x1E8C4, 112), (0x1E8C5, 0x1E8C6, 163), (0x1E8C7, 0x1E8D6, 112),
    (0x1E8D7, 0x1E8FF, 163), (0x1E900, 0x1E94B, 131), (0x1E94C, 0x1E94F, 163), (0x1E950, 0x1E959, 131), (0x1E95A, 0x1E95D, 163),
    (0x1E95E, 0x1E95F, 131), (0x1E960, 0x1EC70, 163), (0x1EC71, 0x1ECB4, 0), (0x1ECB5, 0x1ED00, 163), (0x1ED01, 0x1ED3D, 0),
    (0x1ED3E, 0x1EDFF, 163), (0x1EE00, 0x1EE03, 6), (0x1EE04, 0x1EE04, 163), (0x1EE05, 0x1EE1F, 6), (0x1EE20, 0x1EE20, 163),
    (0x1EE21, 0x1EE22, 6), (0x1EE23, 0x1EE23, 163), (0x1EE24, 0x1EE24, 6), (0x1EE25, 0x1EE26, 163), (0x1EE27, 0x1EE27, 6),
    (0x1EE28, 0x1EE28, 163), (0x1EE29, 0x1EE32, 6), (0x1EE33, 0x1EE33, 163), (0x1EE34, 0x1EE37, 6), (0x1EE38, 0x1EE38, 163),
    (0x1EE39, 0x1EE39, 6), (0x1EE3A, 0x1EE3A, 163), (0x1EE3B, 0x1EE3B, 6), (0x1EE3C, 0x1EE41, 163), (0x1EE42, 0x1EE42, 6),
    (0x1EE43, 0x1EE46, 163), (0x1EE47, 0x1EE47, 6), (0x1EE48, 0x1EE48, 163), (0x1EE49, 0x1EE49, 6), (0x1EE4A, 0x1EE4A, 163),
    (0x1EE4B, 0x1EE4B, 6), (0x1EE4C, 0x1EE4C, 163), (0x1EE4D, 0x1EE4F, 6), (0x1EE50, 0x1EE50, 163), (0x1EE51, 0x1EE52, 6),
    (0x1EE53, 0x1EE53, 163), (0x1EE54, 0x1EE54, 6), (0x1EE55, 0x1EE56, 163), (0x1EE57, 0x1EE57, 6), (0x1EE58, 0x1EE58, 163),
    (0x1EE59, 0x1EE59, 6), (0x1EE5A, 0x1EE5A, 163), (0x1EE5B, 0x1EE5B, 6), (0x1EE5C, 0x1EE5C, 163), (0x1EE5D, 0x1EE5D, 6),
    (0x1EE5E, 0x1EE5E, 163), (0x1EE5F, 0x1EE5F, 6), (0x1EE60, 0x1EE60, 163), (0x1EE61, 0x1EE62, 6), (0x1EE63, 0x1EE63, 163),
    (0x1EE64, 0x1EE64, 6), (0x1EE65, 0x1EE66, 163), (0x1EE67, 0x1EE6A, 6), (0x1EE6B, 0x1EE6B, 163), (0x1EE6C, 0x1EE72, 6),
    (0x1EE73, 0x1EE73, 163), (0x1EE74, 0x1EE77, 6), (0x1EE78, 0x1EE78, 163), (0x1EE79, 0x1EE7C, 6), (0x1EE7D, 0x1EE7D, 163),
    (0x1EE7E, 0x1EE7E, 6), (0x1EE7F, 0x1EE7F, 163), (0x1EE80, 0x1EE89, 6), (0x1EE8A, 0x1EE8A, 163), (0x1EE8B, 0x1EE9B, 6),
    (0x1EE9C, 0x1EEA0, 163), (0x1EEA1, 0x1EEA3, 6), (0x1EEA4, 0x1EEA4, 163), (0x1EEA5, 0x1EEA9, 6), (0x1EEAA, 0x1EEAA, 163),
    (0x1EEAB, 0x1EEBB, 6), (0x1EEBC, 0x1EEEF, 163), (0x1EEF0, 0x1EEF1, 6), (0x1EEF2, 0x1EFFF, 163), (0x1F000, 0x1F02B, 0),
    (0x1F02C, 0x1F02F, 163), (0x1F030, 0x1F093, 0), (0x1F094, 0x1F09F, 163), (0x1F0A0, 0x1F0AE, 0), (0x1F0AF, 0x1F0B0, 163),
    (0x1F0B1, 0x1F0BF, 0), (0x1F0C0, 0x1F0C0, 163), (0x1F0C1, 0x1F0CF, 0), (0x1F0D0, 0x1F0D0, 163), (0x1F0D1, 0x1F0F5, 0),
    (0x1F0F6, 0x1F0FF, 163), (0x1F100, 0x1F1AD, 0), (0x1F1AE, 0x1F1E5, 163), (0x1F1E6, 0x1F1FF, 0), (0x1F200, 0x1F200, 32),
    (0x1F201, 0x1F202, 0), (0x1F203, 0x1F20F, 163), (0x1F210, 0x1F23B, 0), (0x1F23C, 0x1F23F, 163), (0x1F240, 0x1F248, 0),
    (0x1F249, 0x1F24F, 163), (0x1F250, 0x1F251, 0), (0x1F252, 0x1F25F, 163), (0x1F260, 0x1F265, 0), (0x1F266, 0x1F2FF, 163),
    (0x1F300, 0x1F6D7, 0), (0x1F6D8, 0x1F6DB, 163), (0x1F6DC, 0x1F6EC, 0), (0x1F6ED, 0x1F6EF, 163), (0x1F6F0, 0x1F6FC, 0),
    (0x1F6FD, 0x1F6FF, 163), (0x1F700, 0x1F776, 0), (0x1F777, 0x1F77A, 163), (0x1F77B, 0x1F7D9, 0), (0x1F7DA, 0x1F7DF, 163),
    (0x1F7E0, 0x1F7EB, 0), (0x1F7EC, 0x1F7EF, 163), (0x1F7F0, 0x1F7F0, 0), (0x1F7F1, 0x1F7FF, 163), (0x1F800, 0x1F80B, 0),
    (0x1F80C, 0x1F80F, 163), (0x1F810, 0x1F847, 0), (0x1F848, 0x1F84F, 163), (0x1F850, 0x1F859, 0), (0x1F85A, 0x1F85F, 163),
    (0x1F860, 0x1F887, 0), (0x1F888, 0x1F88F, 163), (0x1F890, 0x1F8AD, 0), (0x1F8AE, 0x1F8AF, 163), (0x1F8B0, 0x1F8B1, 0),
    (0x1F8B2, 0x1F8FF, 163), (0x1F900, 0x1FA53, 0), (0x1FA54, 0x1FA5F, 163), (0x1FA60, 0x1FA6D, 0), (0x1FA6E, 0x1FA6F, 163),
    (0x1FA70, 0x1FA7C, 0), (0x1FA7D, 0x1FA7F, 163), (0x1FA80, 0x1FA88, 0), (0x1FA89, 0x1FA8F, 163), (0x1FA90, 0x1FABD, 0),
    (0x1FABE, 0x1FABE, 163), (0x1FABF, 0x1FAC5, 0), (0x1FAC6, 0x1FACD, 163), (0x1FACE, 0x1FADB, 0), (0x1FADC, 0x1FADF, 163),
    (0x1FAE0, 0x1FAE8, 0), (0x1FAE9, 0x1FAEF, 163), (0x1FAF0, 0x1FAF8, 0), (0x1FAF9, 0x1FAFF, 163), (0x1FB00, 0x1FB92, 0),
    (0x1FB93, 0x1FB93, 163), (0x1FB94, 0x1FBCA, 0), (0x1FBCB, 0x1FBEF, 163), (0x1FBF0, 0x1FBF9, 0), (0x1FBFA, 0x1FFFF, 163),
    (0x20000, 0x2A6DF, 35), (0x2A6E0, 0x2A6FF, 163), (0x2A700, 0x2B739, 35), (0x2B73A, 0x2B73F, 163), (0x2B740, 0x2B81D, 35),
    (0x2B81E, 0x2B81F, 163), (0x2B820, 0x2CEA1, 35), (0x2CEA2, 0x2CEAF, 163), (0x2CEB0, 0x2EBE0, 35), (0x2EBE1, 0x2F7FF, 163),
    (0x2F800, 0x2FA1D, 35), (0x2FA1E, 0x2FFFF, 163), (0x30000, 0x3134A, 35), (0x3134B, 0x3134F, 163), (0x31350, 0x323AF, 35),
    (0x323B0, 0xE0000, 163), (0xE0001, 0xE0001, 0), (0xE0002, 0xE001F, 163), (0xE0020, 0xE007F, 0), (0xE0080, 0xE00FF, 163),
    (0xE0100, 0xE01EF, 40), (0xE01F0, 0x10FFFF, 163),
];

/// The type `\X` and `\b{g}` give every code point they do not call OTHER
/// (`grapheme`'s constants).
pub(super) const GRAPHEME_TYPES: &[(u32, u32, u8)] = &[
    (0x0000, 0x0009, 3), (0x000A, 0x000A, 2), (0x000B, 0x000C, 3), (0x000D, 0x000D, 1), (0x000E, 0x001F, 3),
    (0x007F, 0x009F, 3), (0x00A9, 0x00A9, 14), (0x00AD, 0x00AD, 3), (0x00AE, 0x00AE, 14), (0x0300, 0x036F, 4),
    (0x0379, 0x0379, 3), (0x0380, 0x0383, 3), (0x038B, 0x038B, 3), (0x038D, 0x038D, 3), (0x03A2, 0x03A2, 3),
    (0x0483, 0x0489, 4), (0x0530, 0x0530, 3), (0x0557, 0x0558, 3), (0x058B, 0x058C, 3), (0x0590, 0x0590, 3),
    (0x0591, 0x05BD, 4), (0x05BF, 0x05BF, 4), (0x05C1, 0x05C2, 4), (0x05C4, 0x05C5, 4), (0x05C7, 0x05C7, 4),
    (0x05C8, 0x05CF, 3), (0x05EB, 0x05EE, 3), (0x05F5, 0x05FF, 3), (0x0600, 0x0605, 7), (0x0610, 0x061A, 4),
    (0x061C, 0x061C, 3), (0x064B, 0x065F, 4), (0x0670, 0x0670, 4), (0x06D6, 0x06DC, 4), (0x06DD, 0x06DD, 7),
    (0x06DF, 0x06E4, 4), (0x06E7, 0x06E8, 4), (0x06EA, 0x06ED, 4), (0x070E, 0x070E, 3), (0x070F, 0x070F, 7),
    (0x0711, 0x0711, 4), (0x0730, 0x074A, 4), (0x074B, 0x074C, 3), (0x07A6, 0x07B0, 4), (0x07B2, 0x07BF, 3),
    (0x07EB, 0x07F3, 4), (0x07FB, 0x07FC, 3), (0x07FD, 0x07FD, 4), (0x0816, 0x0819, 4), (0x081B, 0x0823, 4),
    (0x0825, 0x0827, 4), (0x0829, 0x082D, 4), (0x082E, 0x082F, 3), (0x083F, 0x083F, 3), (0x0859, 0x085B, 4),
    (0x085C, 0x085D, 3), (0x085F, 0x085F, 3), (0x086B, 0x086F, 3), (0x088F, 0x088F, 3), (0x0890, 0x0891, 7),
    (0x0892, 0x0897, 3), (0x0898, 0x089F, 4), (0x08CA, 0x08E1, 4), (0x08E2, 0x08E2, 7), (0x08E3, 0x0902, 4),
    (0x0903, 0x0903, 8), (0x093A, 0x093A, 4), (0x093B, 0x093B, 8), (0x093C, 0x093C, 4), (0x093E, 0x0940, 8),
    (0x0941, 0x0948, 4), (0x0949, 0x094C, 8), (0x094D, 0x094D, 4), (0x094E, 0x094F, 8), (0x0951, 0x0957, 4),
    (0x0962, 0x0963, 4), (0x0981, 0x0981, 4), (0x0982, 0x0983, 8), (0x0984, 0x0984, 3), (0x098D, 0x098E, 3),
    (0x0991, 0x0992, 3), (0x09A9, 0x09A9, 3), (0x09B1, 0x09B1, 3), (0x09B3, 0x09B5, 3), (0x09BA, 0x09BB, 3),
    (0x09BC, 0x09BC, 4), (0x09BE, 0x09C0, 8), (0x09C1, 0x09C4, 4), (0x09C5, 0x09C6, 3), (0x09C7, 0x09C8, 8),
    (0x09C9, 0x09CA, 3), (0x09CB, 0x09CC, 8), (0x09CD, 0x09CD, 4), (0x09CF, 0x09D6, 3), (0x09D7, 0x09D7, 8),
    (0x09D8, 0x09DB, 3), (0x09DE, 0x09DE, 3), (0x09E2, 0x09E3, 4), (0x09E4, 0x09E5, 3), (0x09FE, 0x09FE, 4),
    (0x09FF, 0x0A00, 3), (0x0A01, 0x0A02, 4), (0x0A03, 0x0A03, 8), (0x0A04, 0x0A04, 3), (0x0A0B, 0x0A0E, 3),
    (0x0A11, 0x0A12, 3), (0x0A29, 0x0A29, 3), (0x0A31, 0x0A31, 3), (0x0A34, 0x0A34, 3), (0x0A37, 0x0A37, 3),
    (0x0A3A, 0x0A3B, 3), (0x0A3C, 0x0A3C, 4), (0x0A3D, 0x0A3D, 3), (0x0A3E, 0x0A40, 8), (0x0A41, 0x0A42, 4),
    (0x0A43, 0x0A46, 3), (0x0A47, 0x0A48, 4), (0x0A49, 0x0A4A, 3), (0x0A4B, 0x0A4D, 4), (0x0A4E, 0x0A50, 3),
    (0x0A51, 0x0A51, 4), (0x0A52, 0x0A58, 3), (0x0A5D, 0x0A5D, 3), (0x0A5F, 0x0A65, 3), (0x0A70, 0x0A71, 4),
    (0x0A75, 0x0A75, 4), (0x0A77, 0x0A80, 3), (0x0A81, 0x0A82, 4), (0x0A83, 0x0A83, 8), (0x0A84, 0x0A84, 3),
    (0x0A8E, 0x0A8E, 3), (0x0A92, 0x0A92, 3), (0x0AA9, 0x0AA9, 3), (0x0AB1, 0x0AB1, 3), (0x0AB4, 0x0AB4, 3),
    (0x0ABA, 0x0ABB, 3), (0x0ABC, 0x0ABC, 4), (0x0ABE, 0x0AC0, 8), (0x0AC1, 0x0AC5, 4), (0x0AC6, 0x0AC6, 3),
    (0x0AC7, 0x0AC8, 4), (0x0AC9, 0x0AC9, 8), (0x0ACA, 0x0ACA, 3), (0x0ACB, 0x0ACC, 8), (0x0ACD, 0x0ACD, 4),
    (0x0ACE, 0x0ACF, 3), (0x0AD1, 0x0ADF, 3), (0x0AE2, 0x0AE3, 4), (0x0AE4, 0x0AE5, 3), (0x0AF2, 0x0AF8, 3),
    (0x0AFA, 0x0AFF, 4), (0x0B00, 0x0B00, 3), (0x0B01, 0x0B01, 4), (0x0B02, 0x0B03, 8), (0x0B04, 0x0B04, 3),
    (0x0B0D, 0x0B0E, 3), (0x0B11, 0x0B12, 3), (0x0B29, 0x0B29, 3), (0x0B31, 0x0B31, 3), (0x0B34, 0x0B34, 3),
    (0x0B3A, 0x0B3B, 3), (0x0B3C, 0x0B3C, 4), (0x0B3E, 0x0B3E, 8), (0x0B3F, 0x0B3F, 4), (0x0B40, 0x0B40, 8),
    (0x0B41, 0x0B44, 4), (0x0B45, 0x0B46, 3), (0x0B47, 0x0B48, 8), (0x0B49, 0x0B4A, 3), (0x0B4B, 0x0B4C, 8),
    (0x0B4D, 0x0B4D, 4), (0x0B4E, 0x0B54, 3), (0x0B55, 0x0B56, 4), (0x0B57, 0x0B57, 8), (0x0B58, 0x0B5B, 3),
    (0x0B5E, 0x0B5E, 3), (0x0B62, 0x0B63, 4), (0x0B64, 0x0B65, 3), (0x0B78, 0x0B81, 3), (0x0B82, 0x0B82, 4),
    (0x0B84, 0x0B84, 3), (0x0B8B, 0x0B8D, 3), (0x0B91, 0x0B91, 3), (0x0B96, 0x0B98, 3), (0x0B9B, 0x0B9B, 3),
    (0x0B9D, 0x0B9D, 3), (0x0BA0, 0x0BA2, 3), (0x0BA5, 0x0BA7, 3), (0x0BAB, 0x0BAD, 3), (0x0BBA, 0x0BBD, 3),
    (0x0BBE, 0x0BBF, 8), (0x0BC0, 0x0BC0, 4), (0x0BC1, 0x0BC2, 8), (0x0BC3, 0x0BC5, 3), (0x0BC6, 0x0BC8, 8),
    (0x0BC9, 0x0BC9, 3), (0x0BCA, 0x0BCC, 8), (0x0BCD, 0x0BCD, 4), (0x0BCE, 0x0BCF, 3), (0x0BD1, 0x0BD6, 3),
    (0x0BD7, 0x0BD7, 8), (0x0BD8, 0x0BE5, 3), (0x0BFB, 0x0BFF, 3), (0x0C00, 0x0C00, 4), (0x0C01, 0x0C03, 8),
    (0x0C04, 0x0C04, 4), (0x0C0D, 0x0C0D, 3), (0x0C11, 0x0C11, 3), (0x0C29, 0x0C29, 3), (0x0C3A, 0x0C3B, 3),
    (0x0C3C, 0x0C3C, 4), (0x0C3E, 0x0C40, 4), (0x0C41, 0x0C44, 8), (0x0C45, 0x0C45, 3), (0x0C46, 0x0C48, 4),
    (0x0C49, 0x0C49, 3), (0x0C4A, 0x0C4D, 4), (0x0C4E, 0x0C54, 3), (0x0C55, 0x0C56, 4), (0x0C57, 0x0C57, 3),
    (0x0C5B, 0x0C5C, 3), (0x0C5E, 0x0C5F, 3), (0x0C62, 0x0C63, 4), (0x0C64, 0x0C65, 3), (0x0C70, 0x0C76, 3),
    (0x0C81, 0x0C81, 4), (0x0C82, 0x0C83, 8), (0x0C8D, 0x0C8D, 3), (0x0C91, 0x0C91, 3), (0x0CA9, 0x0CA9, 3),
    (0x0CB4, 0x0CB4, 3), (0x0CBA, 0x0CBB, 3), (0x0CBC, 0x0CBC, 4), (0x0CBE, 0x0CBE, 8), (0x0CBF, 0x0CBF, 4),
    (0x0CC0, 0x0CC4, 8), (0x0CC5, 0x0CC5, 3), (0x0CC6, 0x0CC6, 4), (0x0CC7, 0x0CC8, 8), (0x0CC9, 0x0CC9, 3),
    (0x0CCA, 0x0CCB, 8), (0x0CCC, 0x0CCD, 4), (0x0CCE, 0x0CD4, 3), (0x0CD5, 0x0CD6, 8), (0x0CD7, 0x0CDC, 3),
    (0x0CDF, 0x0CDF, 3), (0x0CE2, 0x0CE3, 4), (0x0CE4, 0x0CE5, 3), (0x0CF0, 0x0CF0, 3), (0x0CF3, 0x0CF3, 8),
    (0x0CF4, 0x0CFF, 3), (0x0D00, 0x0D01, 4), (0x0D02, 0x0D03, 8), (0x0D0D, 0x0D0D, 3), (0x0D11, 0x0D11, 3),
    (0x0D3B, 0x0D3C, 4), (0x0D3E, 0x0D40, 8), (0x0D41, 0x0D44, 4), (0x0D45, 0x0D45, 3), (0x0D46, 0x0D48, 8),
    (0x0D49, 0x0D49, 3), (0x0D4A, 0x0D4C, 8), (0x0D4D, 0x0D4D, 4), (0x0D4E, 0x0D4E, 7), (0x0D50, 0x0D53, 3),
    (0x0D57, 0x0D57, 8), (0x0D62, 0x0D63, 4), (0x0D64, 0x0D65, 3), (0x0D80, 0x0D80, 3), (0x0D81, 0x0D81, 4),
    (0x0D82, 0x0D83, 8), (0x0D84, 0x0D84, 3), (0x0D97, 0x0D99, 3), (0x0DB2, 0x0DB2, 3), (0x0DBC, 0x0DBC, 3),
    (0x0DBE, 0x0DBF, 3), (0x0DC7, 0x0DC9, 3), (0x0DCA, 0x0DCA, 4), (0x0DCB, 0x0DCE, 3), (0x0DCF, 0x0DD1, 8),
    (0x0DD2, 0x0DD4, 4), (0x0DD5, 0x0DD5, 3), (0x0DD6, 0x0DD6, 4), (0x0DD7, 0x0DD7, 3), (0x0DD8, 0x0DDF, 8),
    (0x0DE0, 0x0DE5, 3), (0x0DF0, 0x0DF1, 3), (0x0DF2, 0x0DF3, 8), (0x0DF5, 0x0E00, 3), (0x0E31, 0x0E31, 4),
    (0x0E33, 0x0E33, 8), (0x0E34, 0x0E3A, 4), (0x0E3B, 0x0E3E, 3), (0x0E47, 0x0E4E, 4), (0x0E5C, 0x0E80, 3),
    (0x0E83, 0x0E83, 3), (0x0E85, 0x0E85, 3), (0x0E8B, 0x0E8B, 3), (0x0EA4, 0x0EA4, 3), (0x0EA6, 0x0EA6, 3),
    (0x0EB1, 0x0EB1, 4), (0x0EB3, 0x0EB3, 8), (0x0EB4, 0x0EBC, 4), (0x0EBE, 0x0EBF, 3), (0x0EC5, 0x0EC5, 3),
    (0x0EC7, 0x0EC7, 3), (0x0EC8, 0x0ECE, 4), (0x0ECF, 0x0ECF, 3), (0x0EDA, 0x0EDB, 3), (0x0EE0, 0x0EFF, 3),
    (0x0F18, 0x0F19, 4), (0x0F35, 0x0F35, 4), (0x0F37, 0x0F37, 4), (0x0F39, 0x0F39, 4), (0x0F3E, 0x0F3F, 8),
    (0x0F48, 0x0F48, 3), (0x0F6D, 0x0F70, 3), (0x0F71, 0x0F7E, 4), (0x0F7F, 0x0F7F, 8), (0x0F80, 0x0F84, 4),
    (0x0F86, 0x0F87, 4), (0x0F8D, 0x0F97, 4), (0x0F98, 0x0F98, 3), (0x0F99, 0x0FBC, 4), (0x0FBD, 0x0FBD, 3),
    (0x0FC6, 0x0FC6, 4), (0x0FCD, 0x0FCD, 3), (0x0FDB, 0x0FFF, 3), (0x102D, 0x1030, 4), (0x1031, 0x1031, 8),
    (0x1032, 0x1037, 4), (0x1039, 0x103A, 4), (0x103B, 0x103C, 8), (0x103D, 0x103E, 4), (0x1056, 0x1057, 8),
    (0x1058, 0x1059, 4), (0x105E, 0x1060, 4), (0x1071, 0x1074, 4), (0x1082, 0x1082, 4), (0x1084, 0x1084, 8),
    (0x1085, 0x1086, 4), (0x108D, 0x108D, 4), (0x109D, 0x109D, 4), (0x10C6, 0x10C6, 3), (0x10C8, 0x10CC, 3),
    (0x10CE, 0x10CF, 3), (0x1100, 0x115F, 9), (0x1160, 0x11A7, 10), (0x11A8, 0x11FF, 11), (0x1249, 0x1249, 3),
    (0x124E, 0x124F, 3), (0x1257, 0x1257, 3), (0x1259, 0x1259, 3), (0x125E, 0x125F, 3), (0x1289, 0x1289, 3),
    (0x128E, 0x128F, 3), (0x12B1, 0x12B1, 3), (0x12B6, 0x12B7, 3), (0x12BF, 0x12BF, 3), (0x12C1, 0x12C1, 3),
    (0x12C6, 0x12C7, 3), (0x12D7, 0x12D7, 3), (0x1311, 0x1311, 3), (0x1316, 0x1317, 3), (0x135B, 0x135C, 3),
    (0x135D, 0x135F, 4), (0x137D, 0x137F, 3), (0x139A, 0x139F, 3), (0x13F6, 0x13F7, 3), (0x13FE, 0x13FF, 3),
    (0x169D, 0x169F, 3), (0x16F9, 0x16FF, 3), (0x1712, 0x1714, 4), (0x1715, 0x1715, 8), (0x1716, 0x171E, 3),
    (0x1732, 0x1733, 4), (0x1734, 0x1734, 8), (0x1737, 0x173F, 3), (0x1752, 0x1753, 4), (0x1754, 0x175F, 3),
    (0x176D, 0x176D, 3), (0x1771, 0x1771, 3), (0x1772, 0x1773, 4), (0x1774, 0x177F, 3), (0x17B4, 0x17B5, 4),
    (0x17B6, 0x17B6, 8), (0x17B7, 0x17BD, 4), (0x17BE, 0x17C5, 8), (0x17C6, 0x17C6, 4), (0x17C7, 0x17C8, 8),
    (0x17C9, 0x17D3, 4), (0x17DD, 0x17DD, 4), (0x17DE, 0x17DF, 3), (0x17EA, 0x17EF, 3), (0x17FA, 0x17FF, 3),
    (0x180B, 0x180D, 4), (0x180E, 0x180E, 3), (0x180F, 0x180F, 4), (0x181A, 0x181F, 3), (0x1879, 0x187F, 3),
    (0x1885, 0x1886, 4), (0x18A9, 0x18A9, 4), (0x18AB, 0x18AF, 3), (0x18F6, 0x18FF, 3), (0x191F, 0x191F, 3),
    (0x1920, 0x1922, 4), (0x1923, 0x1926, 8), (0x1927, 0x1928, 4), (0x1929, 0x192B, 8), (0x192C, 0x192F, 3),
    (0x1930, 0x1931, 8), (0x1932, 0x1932, 4), (0x1933, 0x1938, 8), (0x1939, 0x193B, 4), (0x193C, 0x193F, 3),
    (0x1941, 0x1943, 3), (0x196E, 0x196F, 3), (0x1975, 0x197F, 3), (0x19AC, 0x19AF, 3), (0x19CA, 0x19CF, 3),
    (0x19DB, 0x19DD, 3), (0x1A17, 0x1A18, 4), (0x1A19, 0x1A1A, 8), (0x1A1B, 0x1A1B, 4), (0x1A1C, 0x1A1D, 3),
    (0x1A55, 0x1A55, 8), (0x1A56, 0x1A56, 4), (0x1A57, 0x1A57, 8), (0x1A58, 0x1A5E, 4), (0x1A5F, 0x1A5F, 3),
    (0x1A60, 0x1A60, 4), (0x1A62, 0x1A62, 4), (0x1A65, 0x1A6C, 4), (0x1A6D, 0x1A72, 8), (0x1A73, 0x1A7C, 4),
    (0x1A7D, 0x1A7E, 3), (0x1A7F, 0x1A7F, 4), (0x1A8A, 0x1A8F, 3), (0x1A9A, 0x1A9F, 3), (0x1AAE, 0x1AAF, 3),
    (0x1AB0, 0x1ACE, 4), (0x1ACF, 0x1AFF, 3), (0x1B00, 0x1B03, 4), (0x1B04, 0x1B04, 8), (0x1B34, 0x1B34, 4),
    (0x1B35, 0x1B35, 8), (0x1B36, 0x1B3A, 4), (0x1B3B, 0x1B3B, 8), (0x1B3C, 0x1B3C, 4), (0x1B3D, 0x1B41, 8),
    (0x1B42, 0x1B42, 4), (0x1B43, 0x1B44, 8), (0x1B4D, 0x1B4F, 3), (0x1B6B, 0x1B73, 4), (0x1B7F, 0x1B7F, 3),
    (0x1B80, 0x1B81, 4), (0x1B82, 0x1B82, 8), (0x1BA1, 0x1BA1, 8), (0x1BA2, 0x1BA5, 4), (0x1BA6, 0x1BA7, 8),
    (0x1BA8, 0x1BA9, 4), (0x1BAA, 0x1BAA, 8), (0x1BAB, 0x1BAD, 4), (0x1BE6, 0x1BE6, 4), (0x1BE7, 0x1BE7, 8),
    (0x1BE8, 0x1BE9, 4), (0x1BEA, 0x1BEC, 8), (0x1BED, 0x1BED, 4), (0x1BEE, 0x1BEE, 8), (0x1BEF, 0x1BF1, 4),
    (0x1BF2, 0x1BF3, 8), (0x1BF4, 0x1BFB, 3), (0x1C24, 0x1C2B, 8), (0x1C2C, 0x1C33, 4), (0x1C34, 0x1C35, 8),
    (0x1C36, 0x1C37, 4), (0x1C38, 0x1C3A, 3), (0x1C4A, 0x1C4C, 3), (0x1C89, 0x1C8F, 3), (0x1CBB, 0x1CBC, 3),
    (0x1CC8, 0x1CCF, 3), (0x1CD0, 0x1CD2, 4), (0x1CD4, 0x1CE0, 4), (0x1CE1, 0x1CE1, 8), (0x1CE2, 0x1CE8, 4),
    (0x1CED, 0x1CED, 4), (0x1CF4, 0x1CF4, 4), (0x1CF7, 0x1CF7, 8), (0x1CF8, 0x1CF9, 4), (0x1CFB, 0x1CFF, 3),
    (0x1DC0, 0x1DFF, 4), (0x1F16, 0x1F17, 3), (0x1F1E, 0x1F1F, 3), (0x1F46, 0x1F47, 3), (0x1F4E, 0x1F4F, 3),
    (0x1F58, 0x1F58, 3), (0x1F5A, 0x1F5A, 3), (0x1F5C, 0x1F5C, 3), (0x1F5E, 0x1F5E, 3), (0x1F7E, 0x1F7F, 3),
    (0x1FB5, 0x1FB5, 3), (0x1FC5, 0x1FC5, 3), (0x1FD4, 0x1FD5, 3), (0x1FDC, 0x1FDC, 3), (0x1FF0, 0x1FF1, 3),
    (0x1FF5, 0x1FF5, 3), (0x1FFF, 0x1FFF, 3), (0x200B, 0x200B, 3), (0x200C, 0x200C, 4), (0x200D, 0x200D, 5),
    (0x200E, 0x200F, 3), (0x2028, 0x202E, 3), (0x203C, 0x203C, 14), (0x2049, 0x2049, 14), (0x2060, 0x206F, 3),
    (0x2072, 0x2073, 3), (0x208F, 0x208F, 3), (0x209D, 0x209F, 3), (0x20C1, 0x20CF, 3), (0x20D0, 0x20F0, 4),
    (0x20F1, 0x20FF, 3), (0x2122, 0x2122, 14), (0x2139, 0x2139, 14), (0x218C, 0x218F, 3), (0x2194, 0x2199, 14),
    (0x21A9, 0x21AA, 14), (0x231A, 0x231B, 14), (0x2328, 0x2328, 14), (0x2388, 0x2388, 14), (0x23CF, 0x23CF, 14),
    (0x23E9, 0x23F3, 14), (0x23F8, 0x23FA, 14), (0x2427, 0x243F, 3), (0x244B, 0x245F, 3), (0x24C2, 0x24C2, 14),
    (0x25AA, 0x25AB, 14), (0x25B6, 0x25B6, 14), (0x25C0, 0x25C0, 14), (0x25FB, 0x25FE, 14), (0x2600, 0x2605, 14),
    (0x2607, 0x2612, 14), (0x2614, 0x2685, 14), (0x2690, 0x2705, 14), (0x2708, 0x2712, 14), (0x2714, 0x2714, 14),
    (0x2716, 0x2716, 14), (0x271D, 0x271D, 14), (0x2721, 0x2721, 14), (0x2728, 0x2728, 14), (0x2733, 0x2734, 14),
    (0x2744, 0x2744, 14), (0x2747, 0x2747, 14), (0x274C, 0x274C, 14), (0x274E, 0x274E, 14), (0x2753, 0x2755, 14),
    (0x2757, 0x2757, 14), (0x2763, 0x2767, 14), (0x2795, 0x2797, 14), (0x27A1, 0x27A1, 14), (0x27B0, 0x27B0, 14),
    (0x27BF, 0x27BF, 14), (0x2934, 0x2935, 14), (0x2B05, 0x2B07, 14), (0x2B1B, 0x2B1C, 14), (0x2B50, 0x2B50, 14),
    (0x2B55, 0x2B55, 14), (0x2B74, 0x2B75, 3), (0x2B96, 0x2B96, 3), (0x2CEF, 0x2CF1, 4), (0x2CF4, 0x2CF8, 3),
    (0x2D26, 0x2D26, 3), (0x2D28, 0x2D2C, 3), (0x2D2E, 0x2D2F, 3), (0x2D68, 0x2D6E, 3), (0x2D71, 0x2D7E, 3),
    (0x2D7F, 0x2D7F, 4), (0x2D97, 0x2D9F, 3), (0x2DA7, 0x2DA7, 3), (0x2DAF, 0x2DAF, 3), (0x2DB7, 0x2DB7, 3),
    (0x2DBF, 0x2DBF, 3), (0x2DC7, 0x2DC7, 3), (0x2DCF, 0x2DCF, 3), (0x2DD7, 0x2DD7, 3), (0x2DDF, 0x2DDF, 3),
    (0x2DE0, 0x2DFF, 4), (0x2E5E, 0x2E7F, 3), (0x2E9A, 0x2E9A, 3), (0x2EF4, 0x2EFF, 3), (0x2FD6, 0x2FEF, 3),
    (0x2FFC, 0x2FFF, 3), (0x302A, 0x302D, 4), (0x302E, 0x302F, 8), (0x3030, 0x3030, 14), (0x303D, 0x303D, 14),
    (0x3040, 0x3040, 3), (0x3097, 0x3098, 3), (0x3099, 0x309A, 4), (0x3100, 0x3104, 3), (0x3130, 0x3130, 3),
    (0x318F, 0x318F, 3), (0x31E4, 0x31EF, 3), (0x321F, 0x321F, 3), (0x3297, 0x3297, 14), (0x3299, 0x3299, 14),
    (0xA48D, 0xA48F, 3), (0xA4C7, 0xA4CF, 3), (0xA62C, 0xA63F, 3), (0xA66F, 0xA672, 4), (0xA674, 0xA67D, 4),
    (0xA69E, 0xA69F, 4), (0xA6F0, 0xA6F1, 4), (0xA6F8, 0xA6FF, 3), (0xA7CB, 0xA7CF, 3), (0xA7D2, 0xA7D2, 3),
    (0xA7D4, 0xA7D4, 3), (0xA7DA, 0xA7F1, 3), (0xA802, 0xA802, 4), (0xA806, 0xA806, 4), (0xA80B, 0xA80B, 4),
    (0xA823, 0xA824, 8), (0xA825, 0xA826, 4), (0xA827, 0xA827, 8), (0xA82C, 0xA82C, 4), (0xA82D, 0xA82F, 3),
    (0xA83A, 0xA83F, 3), (0xA878, 0xA87F, 3), (0xA880, 0xA881, 8), (0xA8B4, 0xA8C3, 8), (0xA8C4, 0xA8C5, 4),
    (0xA8C6, 0xA8CD, 3), (0xA8DA, 0xA8DF, 3), (0xA8E0, 0xA8F1, 4), (0xA8FF, 0xA8FF, 4), (0xA926, 0xA92D, 4),
    (0xA947, 0xA951, 4), (0xA952, 0xA953, 8), (0xA954, 0xA95E, 3), (0xA960, 0xA97C, 9), (0xA97D, 0xA97F, 3),
    (0xA980, 0xA982, 4), (0xA983, 0xA983, 8), (0xA9B3, 0xA9B3, 4), (0xA9B4, 0xA9B5, 8), (0xA9B6, 0xA9B9, 4),
    (0xA9BA, 0xA9BB, 8), (0xA9BC, 0xA9BD, 4), (0xA9BE, 0xA9C0, 8), (0xA9CE, 0xA9CE, 3), (0xA9DA, 0xA9DD, 3),
    (0xA9E5, 0xA9E5, 4), (0xA9FF, 0xA9FF, 3), (0xAA29, 0xAA2E, 4), (0xAA2F, 0xAA30, 8), (0xAA31, 0xAA32, 4),
    (0xAA33, 0xAA34, 8), (0xAA35, 0xAA36, 4), (0xAA37, 0xAA3F, 3), (0xAA43, 0xAA43, 4), (0xAA4C, 0xAA4C, 4),
    (0xAA4D, 0xAA4D, 8), (0xAA4E, 0xAA4F, 3), (0xAA5A, 0xAA5B, 3), (0xAA7C, 0xAA7C, 4), (0xAAB0, 0xAAB0, 4),
    (0xAAB2, 0xAAB4, 4), (0xAAB7, 0xAAB8, 4), (0xAABE, 0xAABF, 4), (0xAAC1, 0xAAC1, 4), (0xAAC3, 0xAADA, 3),
    (0xAAEB, 0xAAEB, 8), (0xAAEC, 0xAAED, 4), (0xAAEE, 0xAAEF, 8), (0xAAF5, 0xAAF5, 8), (0xAAF6, 0xAAF6, 4),
    (0xAAF7, 0xAB00, 3), (0xAB07, 0xAB08, 3), (0xAB0F, 0xAB10, 3), (0xAB17, 0xAB1F, 3), (0xAB27, 0xAB27, 3),
    (0xAB2F, 0xAB2F, 3), (0xAB6C, 0xAB6F, 3), (0xABE3, 0xABE4, 8), (0xABE5, 0xABE5, 4), (0xABE6, 0xABE7, 8),
    (0xABE8, 0xABE8, 4), (0xABE9, 0xABEA, 8), (0xABEC, 0xABEC, 8), (0xABED, 0xABED, 4), (0xABEE, 0xABEF, 3),
    (0xABFA, 0xABFF, 3), (0xAC00, 0xAC00, 12), (0xAC01, 0xAC1B, 13), (0xAC1C, 0xAC1C, 12), (0xAC1D, 0xAC37, 13),
    (0xAC38, 0xAC38, 12), (0xAC39, 0xAC53, 13), (0xAC54, 0xAC54, 12), (0xAC55, 0xAC6F, 13), (0xAC70, 0xAC70, 12),
    (0xAC71, 0xAC8B, 13), (0xAC8C, 0xAC8C, 12), (0xAC8D, 0xACA7, 13), (0xACA8, 0xACA8, 12), (0xACA9, 0xACC3, 13),
    (0xACC4, 0xACC4, 12), (0xACC5, 0xACDF, 13), (0xACE0, 0xACE0, 12), (0xACE1, 0xACFB, 13), (0xACFC, 0xACFC, 12),
    (0xACFD, 0xAD17, 13), (0xAD18, 0xAD18, 12), (0xAD19, 0xAD33, 13), (0xAD34, 0xAD34, 12), (0xAD35, 0xAD4F, 13),
    (0xAD50, 0xAD50, 12), (0xAD51, 0xAD6B, 13), (0xAD6C, 0xAD6C, 12), (0xAD6D, 0xAD87, 13), (0xAD88, 0xAD88, 12),
    (0xAD89, 0xADA3, 13), (0xADA4, 0xADA4, 12), (0xADA5, 0xADBF, 13), (0xADC0, 0xADC0, 12), (0xADC1, 0xADDB, 13),
    (0xADDC, 0xADDC, 12), (0xADDD, 0xADF7, 13), (0xADF8, 0xADF8, 12), (0xADF9, 0xAE13, 13), (0xAE14, 0xAE14, 12),
    (0xAE15, 0xAE2F, 13), (0xAE30, 0xAE30, 12), (0xAE31, 0xAE4B, 13), (0xAE4C, 0xAE4C, 12), (0xAE4D, 0xAE67, 13),
    (0xAE68, 0xAE68, 12), (0xAE69, 0xAE83, 13), (0xAE84, 0xAE84, 12), (0xAE85, 0xAE9F, 13), (0xAEA0, 0xAEA0, 12),
    (0xAEA1, 0xAEBB, 13), (0xAEBC, 0xAEBC, 12), (0xAEBD, 0xAED7, 13), (0xAED8, 0xAED8, 12), (0xAED9, 0xAEF3, 13),
    (0xAEF4, 0xAEF4, 12), (0xAEF5, 0xAF0F, 13), (0xAF10, 0xAF10, 12), (0xAF11, 0xAF2B, 13), (0xAF2C, 0xAF2C, 12),
    (0xAF2D, 0xAF47, 13), (0xAF48, 0xAF48, 12), (0xAF49, 0xAF63, 13), (0xAF64, 0xAF64, 12), (0xAF65, 0xAF7F, 13),
    (0xAF80, 0xAF80, 12), (0xAF81, 0xAF9B, 13), (0xAF9C, 0xAF9C, 12), (0xAF9D, 0xAFB7, 13), (0xAFB8, 0xAFB8, 12),
    (0xAFB9, 0xAFD3, 13), (0xAFD4, 0xAFD4, 12), (0xAFD5, 0xAFEF, 13), (0xAFF0, 0xAFF0, 12), (0xAFF1, 0xB00B, 13),
    (0xB00C, 0xB00C, 12), (0xB00D, 0xB027, 13), (0xB028, 0xB028, 12), (0xB029, 0xB043, 13), (0xB044, 0xB044, 12),
    (0xB045, 0xB05F, 13), (0xB060, 0xB060, 12), (0xB061, 0xB07B, 13), (0xB07C, 0xB07C, 12), (0xB07D, 0xB097, 13),
    (0xB098, 0xB098, 12), (0xB099, 0xB0B3, 13), (0xB0B4, 0xB0B4, 12), (0xB0B5, 0xB0CF, 13), (0xB0D0, 0xB0D0, 12),
    (0xB0D1, 0xB0EB, 13), (0xB0EC, 0xB0EC, 12), (0xB0ED, 0xB107, 13), (0xB108, 0xB108, 12), (0xB109, 0xB123, 13),
    (0xB124, 0xB124, 12), (0xB125, 0xB13F, 13), (0xB140, 0xB140, 12), (0xB141, 0xB15B, 13), (0xB15C, 0xB15C, 12),
    (0xB15D, 0xB177, 13), (0xB178, 0xB178, 12), (0xB179, 0xB193, 13), (0xB194, 0xB194, 12), (0xB195, 0xB1AF, 13),
    (0xB1B0, 0xB1B0, 12), (0xB1B1, 0xB1CB, 13), (0xB1CC, 0xB1CC, 12), (0xB1CD, 0xB1E7, 13), (0xB1E8, 0xB1E8, 12),
    (0xB1E9, 0xB203, 13), (0xB204, 0xB204, 12), (0xB205, 0xB21F, 13), (0xB220, 0xB220, 12), (0xB221, 0xB23B, 13),
    (0xB23C, 0xB23C, 12), (0xB23D, 0xB257, 13), (0xB258, 0xB258, 12), (0xB259, 0xB273, 13), (0xB274, 0xB274, 12),
    (0xB275, 0xB28F, 13), (0xB290, 0xB290, 12), (0xB291, 0xB2AB, 13), (0xB2AC, 0xB2AC, 12), (0xB2AD, 0xB2C7, 13),
    (0xB2C8, 0xB2C8, 12), (0xB2C9, 0xB2E3, 13), (0xB2E4, 0xB2E4, 12), (0xB2E5, 0xB2FF, 13), (0xB300, 0xB300, 12),
    (0xB301, 0xB31B, 13), (0xB31C, 0xB31C, 12), (0xB31D, 0xB337, 13), (0xB338, 0xB338, 12), (0xB339, 0xB353, 13),
    (0xB354, 0xB354, 12), (0xB355, 0xB36F, 13), (0xB370, 0xB370, 12), (0xB371, 0xB38B, 13), (0xB38C, 0xB38C, 12),
    (0xB38D, 0xB3A7, 13), (0xB3A8, 0xB3A8, 12), (0xB3A9, 0xB3C3, 13), (0xB3C4, 0xB3C4, 12), (0xB3C5, 0xB3DF, 13),
    (0xB3E0, 0xB3E0, 12), (0xB3E1, 0xB3FB, 13), (0xB3FC, 0xB3FC, 12), (0xB3FD, 0xB417, 13), (0xB418, 0xB418, 12),
    (0xB419, 0xB433, 13), (0xB434, 0xB434, 12), (0xB435, 0xB44F, 13), (0xB450, 0xB450, 12), (0xB451, 0xB46B, 13),
    (0xB46C, 0xB46C, 12), (0xB46D, 0xB487, 13), (0xB488, 0xB488, 12), (0xB489, 0xB4A3, 13), (0xB4A4, 0xB4A4, 12),
    (0xB4A5, 0xB4BF, 13), (0xB4C0, 0xB4C0, 12), (0xB4C1, 0xB4DB, 13), (0xB4DC, 0xB4DC, 12), (0xB4DD, 0xB4F7, 13),
    (0xB4F8, 0xB4F8, 12), (0xB4F9, 0xB513, 13), (0xB514, 0xB514, 12), (0xB515, 0xB52F, 13), (0xB530, 0xB530, 12),
    (0xB531, 0xB54B, 13), (0xB54C, 0xB54C, 12), (0xB54D, 0xB567, 13), (0xB568, 0xB568, 12), (0xB569, 0xB583, 13),
    (0xB584, 0xB584, 12), (0xB585, 0xB59F, 13), (0xB5A0, 0xB5A0, 12), (0xB5A1, 0xB5BB, 13), (0xB5BC, 0xB5BC, 12),
    (0xB5BD, 0xB5D7, 13), (0xB5D8, 0xB5D8, 12), (0xB5D9, 0xB5F3, 13), (0xB5F4, 0xB5F4, 12), (0xB5F5, 0xB60F, 13),
    (0xB610, 0xB610, 12), (0xB611, 0xB62B, 13), (0xB62C, 0xB62C, 12), (0xB62D, 0xB647, 13), (0xB648, 0xB648, 12),
    (0xB649, 0xB663, 13), (0xB664, 0xB664, 12), (0xB665, 0xB67F, 13), (0xB680, 0xB680, 12), (0xB681, 0xB69B, 13),
    (0xB69C, 0xB69C, 12), (0xB69D, 0xB6B7, 13), (0xB6B8, 0xB6B8, 12), (0xB6B9, 0xB6D3, 13), (0xB6D4, 0xB6D4, 12),
    (0xB6D5, 0xB6EF, 13), (0xB6F0, 0xB6F0, 12), (0xB6F1, 0xB70B, 13), (0xB70C, 0xB70C, 12), (0xB70D, 0xB727, 13),
    (0xB728, 0xB728, 12), (0xB729, 0xB743, 13), (0xB744, 0xB744, 12), (0xB745, 0xB75F, 13), (0xB760, 0xB760, 12),
    (0xB761, 0xB77B, 13), (0xB77C, 0xB77C, 12), (0xB77D, 0xB797, 13), (0xB798, 0xB798, 12), (0xB799, 0xB7B3, 13),
    (0xB7B4, 0xB7B4, 12), (0xB7B5, 0xB7CF, 13), (0xB7D0, 0xB7D0, 12), (0xB7D1, 0xB7EB, 13), (0xB7EC, 0xB7EC, 12),
    (0xB7ED, 0xB807, 13), (0xB808, 0xB808, 12), (0xB809, 0xB823, 13), (0xB824, 0xB824, 12), (0xB825, 0xB83F, 13),
    (0xB840, 0xB840, 12), (0xB841, 0xB85B, 13), (0xB85C, 0xB85C, 12), (0xB85D, 0xB877, 13), (0xB878, 0xB878, 12),
    (0xB879, 0xB893, 13), (0xB894, 0xB894, 12), (0xB895, 0xB8AF, 13), (0xB8B0, 0xB8B0, 12), (0xB8B1, 0xB8CB, 13),
    (0xB8CC, 0xB8CC, 12), (0xB8CD, 0xB8E7, 13), (0xB8E8, 0xB8E8, 12), (0xB8E9, 0xB903, 13), (0xB904, 0xB904, 12),
    (0xB905, 0xB91F, 13), (0xB920, 0xB920, 12), (0xB921, 0xB93B, 13), (0xB93C, 0xB93C, 12), (0xB93D, 0xB957, 13),
    (0xB958, 0xB958, 12), (0xB959, 0xB973, 13), (0xB974, 0xB974, 12), (0xB975, 0xB98F, 13), (0xB990, 0xB990, 12),
    (0xB991, 0xB9AB, 13), (0xB9AC, 0xB9AC, 12), (0xB9AD, 0xB9C7, 13), (0xB9C8, 0xB9C8, 12), (0xB9C9, 0xB9E3, 13),
    (0xB9E4, 0xB9E4, 12), (0xB9E5, 0xB9FF, 13), (0xBA00, 0xBA00, 12), (0xBA01, 0xBA1B, 13), (0xBA1C, 0xBA1C, 12),
    (0xBA1D, 0xBA37, 13), (0xBA38, 0xBA38, 12), (0xBA39, 0xBA53, 13), (0xBA54, 0xBA54, 12), (0xBA55, 0xBA6F, 13),
    (0xBA70, 0xBA70, 12), (0xBA71, 0xBA8B, 13), (0xBA8C, 0xBA8C, 12), (0xBA8D, 0xBAA7, 13), (0xBAA8, 0xBAA8, 12),
    (0xBAA9, 0xBAC3, 13), (0xBAC4, 0xBAC4, 12), (0xBAC5, 0xBADF, 13), (0xBAE0, 0xBAE0, 12), (0xBAE1, 0xBAFB, 13),
    (0xBAFC, 0xBAFC, 12), (0xBAFD, 0xBB17, 13), (0xBB18, 0xBB18, 12), (0xBB19, 0xBB33, 13), (0xBB34, 0xBB34, 12),
    (0xBB35, 0xBB4F, 13), (0xBB50, 0xBB50, 12), (0xBB51, 0xBB6B, 13), (0xBB6C, 0xBB6C, 12), (0xBB6D, 0xBB87, 13),
    (0xBB88, 0xBB88, 12), (0xBB89, 0xBBA3, 13), (0xBBA4, 0xBBA4, 12), (0xBBA5, 0xBBBF, 13), (0xBBC0, 0xBBC0, 12),
    (0xBBC1, 0xBBDB, 13), (0xBBDC, 0xBBDC, 12), (0xBBDD, 0xBBF7, 13), (0xBBF8, 0xBBF8, 12), (0xBBF9, 0xBC13, 13),
    (0xBC14, 0xBC14, 12), (0xBC15, 0xBC2F, 13), (0xBC30, 0xBC30, 12), (0xBC31, 0xBC4B, 13), (0xBC4C, 0xBC4C, 12),
    (0xBC4D, 0xBC67, 13), (0xBC68, 0xBC68, 12), (0xBC69, 0xBC83, 13), (0xBC84, 0xBC84, 12), (0xBC85, 0xBC9F, 13),
    (0xBCA0, 0xBCA0, 12), (0xBCA1, 0xBCBB, 13), (0xBCBC, 0xBCBC, 12), (0xBCBD, 0xBCD7, 13), (0xBCD8, 0xBCD8, 12),
    (0xBCD9, 0xBCF3, 13), (0xBCF4, 0xBCF4, 12), (0xBCF5, 0xBD0F, 13), (0xBD10, 0xBD10, 12), (0xBD11, 0xBD2B, 13),
    (0xBD2C, 0xBD2C, 12), (0xBD2D, 0xBD47, 13), (0xBD48, 0xBD48, 12), (0xBD49, 0xBD63, 13), (0xBD64, 0xBD64, 12),
    (0xBD65, 0xBD7F, 13), (0xBD80, 0xBD80, 12), (0xBD81, 0xBD9B, 13), (0xBD9C, 0xBD9C, 12), (0xBD9D, 0xBDB7, 13),
    (0xBDB8, 0xBDB8, 12), (0xBDB9, 0xBDD3, 13), (0xBDD4, 0xBDD4, 12), (0xBDD5, 0xBDEF, 13), (0xBDF0, 0xBDF0, 12),
    (0xBDF1, 0xBE0B, 13), (0xBE0C, 0xBE0C, 12), (0xBE0D, 0xBE27, 13), (0xBE28, 0xBE28, 12), (0xBE29, 0xBE43, 13),
    (0xBE44, 0xBE44, 12), (0xBE45, 0xBE5F, 13), (0xBE60, 0xBE60, 12), (0xBE61, 0xBE7B, 13), (0xBE7C, 0xBE7C, 12),
    (0xBE7D, 0xBE97, 13), (0xBE98, 0xBE98, 12), (0xBE99, 0xBEB3, 13), (0xBEB4, 0xBEB4, 12), (0xBEB5, 0xBECF, 13),
    (0xBED0, 0xBED0, 12), (0xBED1, 0xBEEB, 13), (0xBEEC, 0xBEEC, 12), (0xBEED, 0xBF07, 13), (0xBF08, 0xBF08, 12),
    (0xBF09, 0xBF23, 13), (0xBF24, 0xBF24, 12), (0xBF25, 0xBF3F, 13), (0xBF40, 0xBF40, 12), (0xBF41, 0xBF5B, 13),
    (0xBF5C, 0xBF5C, 12), (0xBF5D, 0xBF77, 13), (0xBF78, 0xBF78, 12), (0xBF79, 0xBF93, 13), (0xBF94, 0xBF94, 12),
    (0xBF95, 0xBFAF, 13), (0xBFB0, 0xBFB0, 12), (0xBFB1, 0xBFCB, 13), (0xBFCC, 0xBFCC, 12), (0xBFCD, 0xBFE7, 13),
    (0xBFE8, 0xBFE8, 12), (0xBFE9, 0xC003, 13), (0xC004, 0xC004, 12), (0xC005, 0xC01F, 13), (0xC020, 0xC020, 12),
    (0xC021, 0xC03B, 13), (0xC03C, 0xC03C, 12), (0xC03D, 0xC057, 13), (0xC058, 0xC058, 12), (0xC059, 0xC073, 13),
    (0xC074, 0xC074, 12), (0xC075, 0xC08F, 13), (0xC090, 0xC090, 12), (0xC091, 0xC0AB, 13), (0xC0AC, 0xC0AC, 12),
    (0xC0AD, 0xC0C7, 13), (0xC0C8, 0xC0C8, 12), (0xC0C9, 0xC0E3, 13), (0xC0E4, 0xC0E4, 12), (0xC0E5, 0xC0FF, 13),
    (0xC100, 0xC100, 12), (0xC101, 0xC11B, 13), (0xC11C, 0xC11C, 12), (0xC11D, 0xC137, 13), (0xC138, 0xC138, 12),
    (0xC139, 0xC153, 13), (0xC154, 0xC154, 12), (0xC155, 0xC16F, 13), (0xC170, 0xC170, 12), (0xC171, 0xC18B, 13),
    (0xC18C, 0xC18C, 12), (0xC18D, 0xC1A7, 13), (0xC1A8, 0xC1A8, 12), (0xC1A9, 0xC1C3, 13), (0xC1C4, 0xC1C4, 12),
    (0xC1C5, 0xC1DF, 13), (0xC1E0, 0xC1E0, 12), (0xC1E1, 0xC1FB, 13), (0xC1FC, 0xC1FC, 12), (0xC1FD, 0xC217, 13),
    (0xC218, 0xC218, 12), (0xC219, 0xC233, 13), (0xC234, 0xC234, 12), (0xC235, 0xC24F, 13), (0xC250, 0xC250, 12),
    (0xC251, 0xC26B, 13), (0xC26C, 0xC26C, 12), (0xC26D, 0xC287, 13), (0xC288, 0xC288, 12), (0xC289, 0xC2A3, 13),
    (0xC2A4, 0xC2A4, 12), (0xC2A5, 0xC2BF, 13), (0xC2C0, 0xC2C0, 12), (0xC2C1, 0xC2DB, 13), (0xC2DC, 0xC2DC, 12),
    (0xC2DD, 0xC2F7, 13), (0xC2F8, 0xC2F8, 12), (0xC2F9, 0xC313, 13), (0xC314, 0xC314, 12), (0xC315, 0xC32F, 13),
    (0xC330, 0xC330, 12), (0xC331, 0xC34B, 13), (0xC34C, 0xC34C, 12), (0xC34D, 0xC367, 13), (0xC368, 0xC368, 12),
    (0xC369, 0xC383, 13), (0xC384, 0xC384, 12), (0xC385, 0xC39F, 13), (0xC3A0, 0xC3A0, 12), (0xC3A1, 0xC3BB, 13),
    (0xC3BC, 0xC3BC, 12), (0xC3BD, 0xC3D7, 13), (0xC3D8, 0xC3D8, 12), (0xC3D9, 0xC3F3, 13), (0xC3F4, 0xC3F4, 12),
    (0xC3F5, 0xC40F, 13), (0xC410, 0xC410, 12), (0xC411, 0xC42B, 13), (0xC42C, 0xC42C, 12), (0xC42D, 0xC447, 13),
    (0xC448, 0xC448, 12), (0xC449, 0xC463, 13), (0xC464, 0xC464, 12), (0xC465, 0xC47F, 13), (0xC480, 0xC480, 12),
    (0xC481, 0xC49B, 13), (0xC49C, 0xC49C, 12), (0xC49D, 0xC4B7, 13), (0xC4B8, 0xC4B8, 12), (0xC4B9, 0xC4D3, 13),
    (0xC4D4, 0xC4D4, 12), (0xC4D5, 0xC4EF, 13), (0xC4F0, 0xC4F0, 12), (0xC4F1, 0xC50B, 13), (0xC50C, 0xC50C, 12),
    (0xC50D, 0xC527, 13), (0xC528, 0xC528, 12), (0xC529, 0xC543, 13), (0xC544, 0xC544, 12), (0xC545, 0xC55F, 13),
    (0xC560, 0xC560, 12), (0xC561, 0xC57B, 13), (0xC57C, 0xC57C, 12), (0xC57D, 0xC597, 13), (0xC598, 0xC598, 12),
    (0xC599, 0xC5B3, 13), (0xC5B4, 0xC5B4, 12), (0xC5B5, 0xC5CF, 13), (0xC5D0, 0xC5D0, 12), (0xC5D1, 0xC5EB, 13),
    (0xC5EC, 0xC5EC, 12), (0xC5ED, 0xC607, 13), (0xC608, 0xC608, 12), (0xC609, 0xC623, 13), (0xC624, 0xC624, 12),
    (0xC625, 0xC63F, 13), (0xC640, 0xC640, 12), (0xC641, 0xC65B, 13), (0xC65C, 0xC65C, 12), (0xC65D, 0xC677, 13),
    (0xC678, 0xC678, 12), (0xC679, 0xC693, 13), (0xC694, 0xC694, 12), (0xC695, 0xC6AF, 13), (0xC6B0, 0xC6B0, 12),
    (0xC6B1, 0xC6CB, 13), (0xC6CC, 0xC6CC, 12), (0xC6CD, 0xC6E7, 13), (0xC6E8, 0xC6E8, 12), (0xC6E9, 0xC703, 13),
    (0xC704, 0xC704, 12), (0xC705, 0xC71F, 13), (0xC720, 0xC720, 12), (0xC721, 0xC73B, 13), (0xC73C, 0xC73C, 12),
    (0xC73D, 0xC757, 13), (0xC758, 0xC758, 12), (0xC759, 0xC773, 13), (0xC774, 0xC774, 12), (0xC775, 0xC78F, 13),
    (0xC790, 0xC790, 12), (0xC791, 0xC7AB, 13), (0xC7AC, 0xC7AC, 12), (0xC7AD, 0xC7C7, 13), (0xC7C8, 0xC7C8, 12),
    (0xC7C9, 0xC7E3, 13), (0xC7E4, 0xC7E4, 12), (0xC7E5, 0xC7FF, 13), (0xC800, 0xC800, 12), (0xC801, 0xC81B, 13),
    (0xC81C, 0xC81C, 12), (0xC81D, 0xC837, 13), (0xC838, 0xC838, 12), (0xC839, 0xC853, 13), (0xC854, 0xC854, 12),
    (0xC855, 0xC86F, 13), (0xC870, 0xC870, 12), (0xC871, 0xC88B, 13), (0xC88C, 0xC88C, 12), (0xC88D, 0xC8A7, 13),
    (0xC8A8, 0xC8A8, 12), (0xC8A9, 0xC8C3, 13), (0xC8C4, 0xC8C4, 12), (0xC8C5, 0xC8DF, 13), (0xC8E0, 0xC8E0, 12),
    (0xC8E1, 0xC8FB, 13), (0xC8FC, 0xC8FC, 12), (0xC8FD, 0xC917, 13), (0xC918, 0xC918, 12), (0xC919, 0xC933, 13),
    (0xC934, 0xC934, 12), (0xC935, 0xC94F, 13), (0xC950, 0xC950, 12), (0xC951, 0xC96B, 13), (0xC96C, 0xC96C, 12),
    (0xC96D, 0xC987, 13), (0xC988, 0xC988, 12), (0xC989, 0xC9A3, 13), (0xC9A4, 0xC9A4, 12), (0xC9A5, 0xC9BF, 13),
    (0xC9C0, 0xC9C0, 12), (0xC9C1, 0xC9DB, 13), (0xC9DC, 0xC9DC, 12), (0xC9DD, 0xC9F7, 13), (0xC9F8, 0xC9F8, 12),
    (0xC9F9, 0xCA13, 13), (0xCA14, 0xCA14, 12), (0xCA15, 0xCA2F, 13), (0xCA30, 0xCA30, 12), (0xCA31, 0xCA4B, 13),
    (0xCA4C, 0xCA4C, 12), (0xCA4D, 0xCA67, 13), (0xCA68, 0xCA68, 12), (0xCA69, 0xCA83, 13), (0xCA84, 0xCA84, 12),
    (0xCA85, 0xCA9F, 13), (0xCAA0, 0xCAA0, 12), (0xCAA1, 0xCABB, 13), (0xCABC, 0xCABC, 12), (0xCABD, 0xCAD7, 13),
    (0xCAD8, 0xCAD8, 12), (0xCAD9, 0xCAF3, 13), (0xCAF4, 0xCAF4, 12), (0xCAF5, 0xCB0F, 13), (0xCB10, 0xCB10, 12),
    (0xCB11, 0xCB2B, 13), (0xCB2C, 0xCB2C, 12), (0xCB2D, 0xCB47, 13), (0xCB48, 0xCB48, 12), (0xCB49, 0xCB63, 13),
    (0xCB64, 0xCB64, 12), (0xCB65, 0xCB7F, 13), (0xCB80, 0xCB80, 12), (0xCB81, 0xCB9B, 13), (0xCB9C, 0xCB9C, 12),
    (0xCB9D, 0xCBB7, 13), (0xCBB8, 0xCBB8, 12), (0xCBB9, 0xCBD3, 13), (0xCBD4, 0xCBD4, 12), (0xCBD5, 0xCBEF, 13),
    (0xCBF0, 0xCBF0, 12), (0xCBF1, 0xCC0B, 13), (0xCC0C, 0xCC0C, 12), (0xCC0D, 0xCC27, 13), (0xCC28, 0xCC28, 12),
    (0xCC29, 0xCC43, 13), (0xCC44, 0xCC44, 12), (0xCC45, 0xCC5F, 13), (0xCC60, 0xCC60, 12), (0xCC61, 0xCC7B, 13),
    (0xCC7C, 0xCC7C, 12), (0xCC7D, 0xCC97, 13), (0xCC98, 0xCC98, 12), (0xCC99, 0xCCB3, 13), (0xCCB4, 0xCCB4, 12),
    (0xCCB5, 0xCCCF, 13), (0xCCD0, 0xCCD0, 12), (0xCCD1, 0xCCEB, 13), (0xCCEC, 0xCCEC, 12), (0xCCED, 0xCD07, 13),
    (0xCD08, 0xCD08, 12), (0xCD09, 0xCD23, 13), (0xCD24, 0xCD24, 12), (0xCD25, 0xCD3F, 13), (0xCD40, 0xCD40, 12),
    (0xCD41, 0xCD5B, 13), (0xCD5C, 0xCD5C, 12), (0xCD5D, 0xCD77, 13), (0xCD78, 0xCD78, 12), (0xCD79, 0xCD93, 13),
    (0xCD94, 0xCD94, 12), (0xCD95, 0xCDAF, 13), (0xCDB0, 0xCDB0, 12), (0xCDB1, 0xCDCB, 13), (0xCDCC, 0xCDCC, 12),
    (0xCDCD, 0xCDE7, 13), (0xCDE8, 0xCDE8, 12), (0xCDE9, 0xCE03, 13), (0xCE04, 0xCE04, 12), (0xCE05, 0xCE1F, 13),
    (0xCE20, 0xCE20, 12), (0xCE21, 0xCE3B, 13), (0xCE3C, 0xCE3C, 12), (0xCE3D, 0xCE57, 13), (0xCE58, 0xCE58, 12),
    (0xCE59, 0xCE73, 13), (0xCE74, 0xCE74, 12), (0xCE75, 0xCE8F, 13), (0xCE90, 0xCE90, 12), (0xCE91, 0xCEAB, 13),
    (0xCEAC, 0xCEAC, 12), (0xCEAD, 0xCEC7, 13), (0xCEC8, 0xCEC8, 12), (0xCEC9, 0xCEE3, 13), (0xCEE4, 0xCEE4, 12),
    (0xCEE5, 0xCEFF, 13), (0xCF00, 0xCF00, 12), (0xCF01, 0xCF1B, 13), (0xCF1C, 0xCF1C, 12), (0xCF1D, 0xCF37, 13),
    (0xCF38, 0xCF38, 12), (0xCF39, 0xCF53, 13), (0xCF54, 0xCF54, 12), (0xCF55, 0xCF6F, 13), (0xCF70, 0xCF70, 12),
    (0xCF71, 0xCF8B, 13), (0xCF8C, 0xCF8C, 12), (0xCF8D, 0xCFA7, 13), (0xCFA8, 0xCFA8, 12), (0xCFA9, 0xCFC3, 13),
    (0xCFC4, 0xCFC4, 12), (0xCFC5, 0xCFDF, 13), (0xCFE0, 0xCFE0, 12), (0xCFE1, 0xCFFB, 13), (0xCFFC, 0xCFFC, 12),
    (0xCFFD, 0xD017, 13), (0xD018, 0xD018, 12), (0xD019, 0xD033, 13), (0xD034, 0xD034, 12), (0xD035, 0xD04F, 13),
    (0xD050, 0xD050, 12), (0xD051, 0xD06B, 13), (0xD06C, 0xD06C, 12), (0xD06D, 0xD087, 13), (0xD088, 0xD088, 12),
    (0xD089, 0xD0A3, 13), (0xD0A4, 0xD0A4, 12), (0xD0A5, 0xD0BF, 13), (0xD0C0, 0xD0C0, 12), (0xD0C1, 0xD0DB, 13),
    (0xD0DC, 0xD0DC, 12), (0xD0DD, 0xD0F7, 13), (0xD0F8, 0xD0F8, 12), (0xD0F9, 0xD113, 13), (0xD114, 0xD114, 12),
    (0xD115, 0xD12F, 13), (0xD130, 0xD130, 12), (0xD131, 0xD14B, 13), (0xD14C, 0xD14C, 12), (0xD14D, 0xD167, 13),
    (0xD168, 0xD168, 12), (0xD169, 0xD183, 13), (0xD184, 0xD184, 12), (0xD185, 0xD19F, 13), (0xD1A0, 0xD1A0, 12),
    (0xD1A1, 0xD1BB, 13), (0xD1BC, 0xD1BC, 12), (0xD1BD, 0xD1D7, 13), (0xD1D8, 0xD1D8, 12), (0xD1D9, 0xD1F3, 13),
    (0xD1F4, 0xD1F4, 12), (0xD1F5, 0xD20F, 13), (0xD210, 0xD210, 12), (0xD211, 0xD22B, 13), (0xD22C, 0xD22C, 12),
    (0xD22D, 0xD247, 13), (0xD248, 0xD248, 12), (0xD249, 0xD263, 13), (0xD264, 0xD264, 12), (0xD265, 0xD27F, 13),
    (0xD280, 0xD280, 12), (0xD281, 0xD29B, 13), (0xD29C, 0xD29C, 12), (0xD29D, 0xD2B7, 13), (0xD2B8, 0xD2B8, 12),
    (0xD2B9, 0xD2D3, 13), (0xD2D4, 0xD2D4, 12), (0xD2D5, 0xD2EF, 13), (0xD2F0, 0xD2F0, 12), (0xD2F1, 0xD30B, 13),
    (0xD30C, 0xD30C, 12), (0xD30D, 0xD327, 13), (0xD328, 0xD328, 12), (0xD329, 0xD343, 13), (0xD344, 0xD344, 12),
    (0xD345, 0xD35F, 13), (0xD360, 0xD360, 12), (0xD361, 0xD37B, 13), (0xD37C, 0xD37C, 12), (0xD37D, 0xD397, 13),
    (0xD398, 0xD398, 12), (0xD399, 0xD3B3, 13), (0xD3B4, 0xD3B4, 12), (0xD3B5, 0xD3CF, 13), (0xD3D0, 0xD3D0, 12),
    (0xD3D1, 0xD3EB, 13), (0xD3EC, 0xD3EC, 12), (0xD3ED, 0xD407, 13), (0xD408, 0xD408, 12), (0xD409, 0xD423, 13),
    (0xD424, 0xD424, 12), (0xD425, 0xD43F, 13), (0xD440, 0xD440, 12), (0xD441, 0xD45B, 13), (0xD45C, 0xD45C, 12),
    (0xD45D, 0xD477, 13), (0xD478, 0xD478, 12), (0xD479, 0xD493, 13), (0xD494, 0xD494, 12), (0xD495, 0xD4AF, 13),
    (0xD4B0, 0xD4B0, 12), (0xD4B1, 0xD4CB, 13), (0xD4CC, 0xD4CC, 12), (0xD4CD, 0xD4E7, 13), (0xD4E8, 0xD4E8, 12),
    (0xD4E9, 0xD503, 13), (0xD504, 0xD504, 12), (0xD505, 0xD51F, 13), (0xD520, 0xD520, 12), (0xD521, 0xD53B, 13),
    (0xD53C, 0xD53C, 12), (0xD53D, 0xD557, 13), (0xD558, 0xD558, 12), (0xD559, 0xD573, 13), (0xD574, 0xD574, 12),
    (0xD575, 0xD58F, 13), (0xD590, 0xD590, 12), (0xD591, 0xD5AB, 13), (0xD5AC, 0xD5AC, 12), (0xD5AD, 0xD5C7, 13),
    (0xD5C8, 0xD5C8, 12), (0xD5C9, 0xD5E3, 13), (0xD5E4, 0xD5E4, 12), (0xD5E5, 0xD5FF, 13), (0xD600, 0xD600, 12),
    (0xD601, 0xD61B, 13), (0xD61C, 0xD61C, 12), (0xD61D, 0xD637, 13), (0xD638, 0xD638, 12), (0xD639, 0xD653, 13),
    (0xD654, 0xD654, 12), (0xD655, 0xD66F, 13), (0xD670, 0xD670, 12), (0xD671, 0xD68B, 13), (0xD68C, 0xD68C, 12),
    (0xD68D, 0xD6A7, 13), (0xD6A8, 0xD6A8, 12), (0xD6A9, 0xD6C3, 13), (0xD6C4, 0xD6C4, 12), (0xD6C5, 0xD6DF, 13),
    (0xD6E0, 0xD6E0, 12), (0xD6E1, 0xD6FB, 13), (0xD6FC, 0xD6FC, 12), (0xD6FD, 0xD717, 13), (0xD718, 0xD718, 12),
    (0xD719, 0xD733, 13), (0xD734, 0xD734, 12), (0xD735, 0xD74F, 13), (0xD750, 0xD750, 12), (0xD751, 0xD76B, 13),
    (0xD76C, 0xD76C, 12), (0xD76D, 0xD787, 13), (0xD788, 0xD788, 12), (0xD789, 0xD7A3, 13), (0xD7A4, 0xD7AF, 3),
    (0xD7B0, 0xD7C6, 10), (0xD7C7, 0xD7CA, 3), (0xD7CB, 0xD7FB, 11), (0xD7FC, 0xDFFF, 3), (0xFA6E, 0xFA6F, 3),
    (0xFADA, 0xFAFF, 3), (0xFB07, 0xFB12, 3), (0xFB18, 0xFB1C, 3), (0xFB1E, 0xFB1E, 4), (0xFB37, 0xFB37, 3),
    (0xFB3D, 0xFB3D, 3), (0xFB3F, 0xFB3F, 3), (0xFB42, 0xFB42, 3), (0xFB45, 0xFB45, 3), (0xFBC3, 0xFBD2, 3),
    (0xFD90, 0xFD91, 3), (0xFDC8, 0xFDCE, 3), (0xFDD0, 0xFDEF, 3), (0xFE00, 0xFE0F, 4), (0xFE1A, 0xFE1F, 3),
    (0xFE20, 0xFE2F, 4), (0xFE53, 0xFE53, 3), (0xFE67, 0xFE67, 3), (0xFE6C, 0xFE6F, 3), (0xFE75, 0xFE75, 3),
    (0xFEFD, 0xFF00, 3), (0xFF9E, 0xFF9F, 4), (0xFFBF, 0xFFC1, 3), (0xFFC8, 0xFFC9, 3), (0xFFD0, 0xFFD1, 3),
    (0xFFD8, 0xFFD9, 3), (0xFFDD, 0xFFDF, 3), (0xFFE7, 0xFFE7, 3), (0xFFEF, 0xFFFB, 3), (0xFFFE, 0xFFFF, 3),
    (0x1000C, 0x1000C, 3), (0x10027, 0x10027, 3), (0x1003B, 0x1003B, 3), (0x1003E, 0x1003E, 3), (0x1004E, 0x1004F, 3),
    (0x1005E, 0x1007F, 3), (0x100FB, 0x100FF, 3), (0x10103, 0x10106, 3), (0x10134, 0x10136, 3), (0x1018F, 0x1018F, 3),
    (0x1019D, 0x1019F, 3), (0x101A1, 0x101CF, 3), (0x101FD, 0x101FD, 4), (0x101FE, 0x1027F, 3), (0x1029D, 0x1029F, 3),
    (0x102D1, 0x102DF, 3), (0x102E0, 0x102E0, 4), (0x102FC, 0x102FF, 3), (0x10324, 0x1032C, 3), (0x1034B, 0x1034F, 3),
    (0x10376, 0x1037A, 4), (0x1037B, 0x1037F, 3), (0x1039E, 0x1039E, 3), (0x103C4, 0x103C7, 3), (0x103D6, 0x103FF, 3),
    (0x1049E, 0x1049F, 3), (0x104AA, 0x104AF, 3), (0x104D4, 0x104D7, 3), (0x104FC, 0x104FF, 3), (0x10528, 0x1052F, 3),
    (0x10564, 0x1056E, 3), (0x1057B, 0x1057B, 3), (0x1058B, 0x1058B, 3), (0x10593, 0x10593, 3), (0x10596, 0x10596, 3),
    (0x105A2, 0x105A2, 3), (0x105B2, 0x105B2, 3), (0x105BA, 0x105BA, 3), (0x105BD, 0x105FF, 3), (0x10737, 0x1073F, 3),
    (0x10756, 0x1075F, 3), (0x10768, 0x1077F, 3), (0x10786, 0x10786, 3), (0x107B1, 0x107B1, 3), (0x107BB, 0x107FF, 3),
    (0x10806, 0x10807, 3), (0x10809, 0x10809, 3), (0x10836, 0x10836, 3), (0x10839, 0x1083B, 3), (0x1083D, 0x1083E, 3),
    (0x10856, 0x10856, 3), (0x1089F, 0x108A6, 3), (0x108B0, 0x108DF, 3), (0x108F3, 0x108F3, 3), (0x108F6, 0x108FA, 3),
    (0x1091C, 0x1091E, 3), (0x1093A, 0x1093E, 3), (0x10940, 0x1097F, 3), (0x109B8, 0x109BB, 3), (0x109D0, 0x109D1, 3),
    (0x10A01, 0x10A03, 4), (0x10A04, 0x10A04, 3), (0x10A05, 0x10A06, 4), (0x10A07, 0x10A0B, 3), (0x10A0C, 0x10A0F, 4),
    (0x10A14, 0x10A14, 3), (0x10A18, 0x10A18, 3), (0x10A36, 0x10A37, 3), (0x10A38, 0x10A3A, 4), (0x10A3B, 0x10A3E, 3),
    (0x10A3F, 0x10A3F, 4), (0x10A49, 0x10A4F, 3), (0x10A59, 0x10A5F, 3), (0x10AA0, 0x10ABF, 3), (0x10AE5, 0x10AE6, 4),
    (0x10AE7, 0x10AEA, 3), (0x10AF7, 0x10AFF, 3), (0x10B36, 0x10B38, 3), (0x10B56, 0x10B57, 3), (0x10B73, 0x10B77, 3),
    (0x10B92, 0x10B98, 3), (0x10B9D, 0x10BA8, 3), (0x10BB0, 0x10BFF, 3), (0x10C49, 0x10C7F, 3), (0x10CB3, 0x10CBF, 3),
    (0x10CF3, 0x10CF9, 3), (0x10D24, 0x10D27, 4), (0x10D28, 0x10D2F, 3), (0x10D3A, 0x10E5F, 3), (0x10E7F, 0x10E7F, 3),
    (0x10EAA, 0x10EAA, 3), (0x10EAB, 0x10EAC, 4), (0x10EAE, 0x10EAF, 3), (0x10EB2, 0x10EFC, 3), (0x10EFD, 0x10EFF, 4),
    (0x10F28, 0x10F2F, 3), (0x10F46, 0x10F50, 4), (0x10F5A, 0x10F6F, 3), (0x10F82, 0x10F85, 4), (0x10F8A, 0x10FAF, 3),
    (0x10FCC, 0x10FDF, 3), (0x10FF7, 0x10FFF, 3), (0x11000, 0x11000, 8), (0x11001, 0x11001, 4), (0x11002, 0x11002, 8),
    (0x11038, 0x11046, 4), (0x1104E, 0x11051, 3), (0x11070, 0x11070, 4), (0x11073, 0x11074, 4), (0x11076, 0x1107E, 3),
    (0x1107F, 0x11081, 4), (0x11082, 0x11082, 8), (0x110B0, 0x110B2, 8), (0x110B3, 0x110B6, 4), (0x110B7, 0x110B8, 8),
    (0x110B9, 0x110BA, 4), (0x110BD, 0x110BD, 7), (0x110C2, 0x110C2, 4), (0x110C3, 0x110CC, 3), (0x110CD, 0x110CD, 7),
    (0x110CE, 0x110CF, 3), (0x110E9, 0x110EF, 3), (0x110FA, 0x110FF, 3), (0x11100, 0x11102, 4), (0x11127, 0x1112B, 4),
    (0x1112C, 0x1112C, 8), (0x1112D, 0x11134, 4), (0x11135, 0x11135, 3), (0x11145, 0x11146, 8), (0x11148, 0x1114F, 3),
    (0x11173, 0x11173, 4), (0x11177, 0x1117F, 3), (0x11180, 0x11181, 4), (0x11182, 0x11182, 8), (0x111B3, 0x111B5, 8),
    (0x111B6, 0x111BE, 4), (0x111BF, 0x111C0, 8), (0x111C2, 0x111C3, 7), (0x111C9, 0x111CC, 4), (0x111CE, 0x111CE, 8),
    (0x111CF, 0x111CF, 4), (0x111E0, 0x111E0, 3), (0x111F5, 0x111FF, 3), (0x11212, 0x11212, 3), (0x1122C, 0x1122E, 8),
    (0x1122F, 0x11231, 4), (0x11232, 0x11233, 8), (0x11234, 0x11234, 4), (0x11235, 0x11235, 8), (0x11236, 0x11237, 4),
    (0x1123E, 0x1123E, 4), (0x11241, 0x11241, 4), (0x11242, 0x1127F, 3), (0x11287, 0x11287, 3), (0x11289, 0x11289, 3),
    (0x1128E, 0x1128E, 3), (0x1129E, 0x1129E, 3), (0x112AA, 0x112AF, 3), (0x112DF, 0x112DF, 4), (0x112E0, 0x112E2, 8),
    (0x112E3, 0x112EA, 4), (0x112EB, 0x112EF, 3), (0x112FA, 0x112FF, 3), (0x11300, 0x11301, 4), (0x11302, 0x11303, 8),
    (0x11304, 0x11304, 3), (0x1130D, 0x1130E, 3), (0x11311, 0x11312, 3), (0x11329, 0x11329, 3), (0x11331, 0x11331, 3),
    (0x11334, 0x11334, 3), (0x1133A, 0x1133A, 3), (0x1133B, 0x1133C, 4), (0x1133E, 0x1133F, 8), (0x11340, 0x11340, 4),
    (0x11341, 0x11344, 8), (0x11345, 0x11346, 3), (0x11347, 0x11348, 8), (0x11349, 0x1134A, 3), (0x1134B, 0x1134D, 8),
    (0x1134E, 0x1134F, 3), (0x11351, 0x11356, 3), (0x11357, 0x11357, 8), (0x11358, 0x1135C, 3), (0x11362, 0x11363, 8),
    (0x11364, 0x11365, 3), (0x11366, 0x1136C, 4), (0x1136D, 0x1136F, 3), (0x11370, 0x11374, 4), (0x11375, 0x113FF, 3),
    (0x11435, 0x11437, 8), (0x11438, 0x1143F, 4), (0x11440, 0x11441, 8), (0x11442, 0x11444, 4), (0x11445, 0x11445, 8),
    (0x11446, 0x11446, 4), (0x1145C, 0x1145C, 3), (0x1145E, 0x1145E, 4), (0x11462, 0x1147F, 3), (0x114B0, 0x114B2, 8),
    (0x114B3, 0x114B8, 4), (0x114B9, 0x114B9, 8), (0x114BA, 0x114BA, 4), (0x114BB, 0x114BE, 8), (0x114BF, 0x114C0, 4),
    (0x114C1, 0x114C1, 8), (0x114C2, 0x114C3, 4), (0x114C8, 0x114CF, 3), (0x114DA, 0x1157F, 3), (0x115AF, 0x115B1, 8),
    (0x115B2, 0x115B5, 4), (0x115B6, 0x115B7, 3), (0x115B8, 0x115BB, 8), (0x115BC, 0x115BD, 4), (0x115BE, 0x115BE, 8),
    (0x115BF, 0x115C0, 4), (0x115DC, 0x115DD, 4), (0x115DE, 0x115FF, 3), (0x11630, 0x11632, 8), (0x11633, 0x1163A, 4),
    (0x1163B, 0x1163C, 8), (0x1163D, 0x1163D, 4), (0x1163E, 0x1163E, 8), (0x1163F, 0x11640, 4), (0x11645, 0x1164F, 3),
    (0x1165A, 0x1165F, 3), (0x1166D, 0x1167F, 3), (0x116AB, 0x116AB, 4), (0x116AC, 0x116AC, 8), (0x116AD, 0x116AD, 4),
    (0x116AE, 0x116AF, 8), (0x116B0, 0x116B5, 4), (0x116B6, 0x116B6, 8), (0x116B7, 0x116B7, 4), (0x116BA, 0x116BF, 3),
    (0x116CA, 0x116FF, 3), (0x1171B, 0x1171C, 3), (0x1171D, 0x1171F, 4), (0x11720, 0x11721, 8), (0x11722, 0x11725, 4),
    (0x11726, 0x11726, 8), (0x11727, 0x1172B, 4), (0x1172C, 0x1172F, 3), (0x11747, 0x117FF, 3), (0x1182C, 0x1182E, 8),
    (0x1182F, 0x11837, 4), (0x11838, 0x11838, 8), (0x11839, 0x1183A, 4), (0x1183C, 0x1189F, 3), (0x118F3, 0x118FE, 3),
    (0x11907, 0x11908, 3), (0x1190A, 0x1190B, 3), (0x11914, 0x11914, 3), (0x11917, 0x11917, 3), (0x11930, 0x11935, 8),
    (0x11936, 0x11936, 3), (0x11937, 0x11938, 8), (0x11939, 0x1193A, 3), (0x1193B, 0x1193C, 4), (0x1193D, 0x1193D, 8),
    (0x1193E, 0x1193E, 4), (0x1193F, 0x1193F, 7), (0x11940, 0x11940, 8), (0x11941, 0x11941, 7), (0x11942, 0x11942, 8),
    (0x11943, 0x11943, 4), (0x11947, 0x1194F, 3), (0x1195A, 0x1199F, 3), (0x119A8, 0x119A9, 3), (0x119D1, 0x119D3, 8),
    (0x119D4, 0x119D7, 4), (0x119D8, 0x119D9, 3), (0x119DA, 0x119DB, 4), (0x119DC, 0x119DF, 8), (0x119E0, 0x119E0, 4),
    (0x119E4, 0x119E4, 8), (0x119E5, 0x119FF, 3), (0x11A01, 0x11A0A, 4), (0x11A33, 0x11A38, 4), (0x11A39, 0x11A39, 8),
    (0x11A3A, 0x11A3A, 7), (0x11A3B, 0x11A3E, 4), (0x11A47, 0x11A47, 4), (0x11A48, 0x11A4F, 3), (0x11A51, 0x11A56, 4),
    (0x11A57, 0x11A58, 8), (0x11A59, 0x11A5B, 4), (0x11A84, 0x11A89, 7), (0x11A8A, 0x11A96, 4), (0x11A97, 0x11A97, 8),
    (0x11A98, 0x11A99, 4), (0x11AA3, 0x11AAF, 3), (0x11AF9, 0x11AFF, 3), (0x11B0A, 0x11BFF, 3), (0x11C09, 0x11C09, 3),
    (0x11C2F, 0x11C2F, 8), (0x11C30, 0x11C36, 4), (0x11C37, 0x11C37, 3), (0x11C38, 0x11C3D, 4), (0x11C3E, 0x11C3E, 8),
    (0x11C3F, 0x11C3F, 4), (0x11C46, 0x11C4F, 3), (0x11C6D, 0x11C6F, 3), (0x11C90, 0x11C91, 3), (0x11C92, 0x11CA7, 4),
    (0x11CA8, 0x11CA8, 3), (0x11CA9, 0x11CA9, 8), (0x11CAA, 0x11CB0, 4), (0x11CB1, 0x11CB1, 8), (0x11CB2, 0x11CB3, 4),
    (0x11CB4, 0x11CB4, 8), (0x11CB5, 0x11CB6, 4), (0x11CB7, 0x11CFF, 3), (0x11D07, 0x11D07, 3), (0x11D0A, 0x11D0A, 3),
    (0x11D31, 0x11D36, 4), (0x11D37, 0x11D39, 3), (0x11D3A, 0x11D3A, 4), (0x11D3B, 0x11D3B, 3), (0x11D3C, 0x11D3D, 4),
    (0x11D3E, 0x11D3E, 3), (0x11D3F, 0x11D45, 4), (0x11D46, 0x11D46, 7), (0x11D47, 0x11D47, 4), (0x11D48, 0x11D4F, 3),
    (0x11D5A, 0x11D5F, 3), (0x11D66, 0x11D66, 3), (0x11D69, 0x11D69, 3), (0x11D8A, 0x11D8E, 8), (0x11D8F, 0x11D8F, 3),
    (0x11D90, 0x11D91, 4), (0x11D92, 0x11D92, 3), (0x11D93, 0x11D94, 8), (0x11D95, 0x11D95, 4), (0x11D96, 0x11D96, 8),
    (0x11D97, 0x11D97, 4), (0x11D99, 0x11D9F, 3), (0x11DAA, 0x11EDF, 3), (0x11EF3, 0x11EF4, 4), (0x11EF5, 0x11EF6, 8),
    (0x11EF9, 0x11EFF, 3), (0x11F00, 0x11F01, 4), (0x11F02, 0x11F02, 7), (0x11F03, 0x11F03, 8), (0x11F11, 0x11F11, 3),
    (0x11F34, 0x11F35, 8), (0x11F36, 0x11F3A, 4), (0x11F3B, 0x11F3D, 3), (0x11F3E, 0x11F3F, 8), (0x11F40, 0x11F40, 4),
    (0x11F41, 0x11F41, 8), (0x11F42, 0x11F42, 4), (0x11F5A, 0x11FAF, 3), (0x11FB1, 0x11FBF, 3), (0x11FF2, 0x11FFE, 3),
    (0x1239A, 0x123FF, 3), (0x1246F, 0x1246F, 3), (0x12475, 0x1247F, 3), (0x12544, 0x12F8F, 3), (0x12FF3, 0x12FFF, 3),
    (0x13430, 0x1343F, 3), (0x13440, 0x13440, 4), (0x13447, 0x13455, 4), (0x13456, 0x143FF, 3), (0x14647, 0x167FF, 3),
    (0x16A39, 0x16A3F, 3), (0x16A5F, 0x16A5F, 3), (0x16A6A, 0x16A6D, 3), (0x16ABF, 0x16ABF, 3), (0x16ACA, 0x16ACF, 3),
    (0x16AEE, 0x16AEF, 3), (0x16AF0, 0x16AF4, 4), (0x16AF6, 0x16AFF, 3), (0x16B30, 0x16B36, 4), (0x16B46, 0x16B4F, 3),
    (0x16B5A, 0x16B5A, 3), (0x16B62, 0x16B62, 3), (0x16B78, 0x16B7C, 3), (0x16B90, 0x16E3F, 3), (0x16E9B, 0x16EFF, 3),
    (0x16F4B, 0x16F4E, 3), (0x16F4F, 0x16F4F, 4), (0x16F51, 0x16F87, 8), (0x16F88, 0x16F8E, 3), (0x16F8F, 0x16F92, 4),
    (0x16FA0, 0x16FDF, 3), (0x16FE4, 0x16FE4, 4), (0x16FE5, 0x16FEF, 3), (0x16FF0, 0x16FF1, 8), (0x16FF2, 0x16FFF, 3),
    (0x187F8, 0x187FF, 3), (0x18CD6, 0x18CFF, 3), (0x18D09, 0x1AFEF, 3), (0x1AFF4, 0x1AFF4, 3), (0x1AFFC, 0x1AFFC, 3),
    (0x1AFFF, 0x1AFFF, 3), (0x1B123, 0x1B131, 3), (0x1B133, 0x1B14F, 3), (0x1B153, 0x1B154, 3), (0x1B156, 0x1B163, 3),
    (0x1B168, 0x1B16F, 3), (0x1B2FC, 0x1BBFF, 3), (0x1BC6B, 0x1BC6F, 3), (0x1BC7D, 0x1BC7F, 3), (0x1BC89, 0x1BC8F, 3),
    (0x1BC9A, 0x1BC9B, 3), (0x1BC9D, 0x1BC9E, 4), (0x1BCA0, 0x1CEFF, 3), (0x1CF00, 0x1CF2D, 4), (0x1CF2E, 0x1CF2F, 3),
    (0x1CF30, 0x1CF46, 4), (0x1CF47, 0x1CF4F, 3), (0x1CFC4, 0x1CFFF, 3), (0x1D0F6, 0x1D0FF, 3), (0x1D127, 0x1D128, 3),
    (0x1D165, 0x1D166, 8), (0x1D167, 0x1D169, 4), (0x1D16D, 0x1D172, 8), (0x1D173, 0x1D17A, 3), (0x1D17B, 0x1D182, 4),
    (0x1D185, 0x1D18B, 4), (0x1D1AA, 0x1D1AD, 4), (0x1D1EB, 0x1D1FF, 3), (0x1D242, 0x1D244, 4), (0x1D246, 0x1D2BF, 3),
    (0x1D2D4, 0x1D2DF, 3), (0x1D2F4, 0x1D2FF, 3), (0x1D357, 0x1D35F, 3), (0x1D379, 0x1D3FF, 3), (0x1D455, 0x1D455, 3),
    (0x1D49D, 0x1D49D, 3), (0x1D4A0, 0x1D4A1, 3), (0x1D4A3, 0x1D4A4, 3), (0x1D4A7, 0x1D4A8, 3), (0x1D4AD, 0x1D4AD, 3),
    (0x1D4BA, 0x1D4BA, 3), (0x1D4BC, 0x1D4BC, 3), (0x1D4C4, 0x1D4C4, 3), (0x1D506, 0x1D506, 3), (0x1D50B, 0x1D50C, 3),
    (0x1D515, 0x1D515, 3), (0x1D51D, 0x1D51D, 3), (0x1D53A, 0x1D53A, 3), (0x1D53F, 0x1D53F, 3), (0x1D545, 0x1D545, 3),
    (0x1D547, 0x1D549, 3), (0x1D551, 0x1D551, 3), (0x1D6A6, 0x1D6A7, 3), (0x1D7CC, 0x1D7CD, 3), (0x1DA00, 0x1DA36, 4),
    (0x1DA3B, 0x1DA6C, 4), (0x1DA75, 0x1DA75, 4), (0x1DA84, 0x1DA84, 4), (0x1DA8C, 0x1DA9A, 3), (0x1DA9B, 0x1DA9F, 4),
    (0x1DAA0, 0x1DAA0, 3), (0x1DAA1, 0x1DAAF, 4), (0x1DAB0, 0x1DEFF, 3), (0x1DF1F, 0x1DF24, 3), (0x1DF2B, 0x1DFFF, 3),
    (0x1E000, 0x1E006, 4), (0x1E007, 0x1E007, 3), (0x1E008, 0x1E018, 4), (0x1E019, 0x1E01A, 3), (0x1E01B, 0x1E021, 4),
    (0x1E022, 0x1E022, 3), (0x1E023, 0x1E024, 4), (0x1E025, 0x1E025, 3), (0x1E026, 0x1E02A, 4), (0x1E02B, 0x1E02F, 3),
    (0x1E06E, 0x1E08E, 3), (0x1E08F, 0x1E08F, 4), (0x1E090, 0x1E0FF, 3), (0x1E12D, 0x1E12F, 3), (0x1E130, 0x1E136, 4),
    (0x1E13E, 0x1E13F, 3), (0x1E14A, 0x1E14D, 3), (0x1E150, 0x1E28F, 3), (0x1E2AE, 0x1E2AE, 4), (0x1E2AF, 0x1E2BF, 3),
    (0x1E2EC, 0x1E2EF, 4), (0x1E2FA, 0x1E2FE, 3), (0x1E300, 0x1E4CF, 3), (0x1E4EC, 0x1E4EF, 4), (0x1E4FA, 0x1E7DF, 3),
    (0x1E7E7, 0x1E7E7, 3), (0x1E7EC, 0x1E7EC, 3), (0x1E7EF, 0x1E7EF, 3), (0x1E7FF, 0x1E7FF, 3), (0x1E8C5, 0x1E8C6, 3),
    (0x1E8D0, 0x1E8D6, 4), (0x1E8D7, 0x1E8FF, 3), (0x1E944, 0x1E94A, 4), (0x1E94C, 0x1E94F, 3), (0x1E95A, 0x1E95D, 3),
    (0x1E960, 0x1EC70, 3), (0x1ECB5, 0x1ED00, 3), (0x1ED3E, 0x1EDFF, 3), (0x1EE04, 0x1EE04, 3), (0x1EE20, 0x1EE20, 3),
    (0x1EE23, 0x1EE23, 3), (0x1EE25, 0x1EE26, 3), (0x1EE28, 0x1EE28, 3), (0x1EE33, 0x1EE33, 3), (0x1EE38, 0x1EE38, 3),
    (0x1EE3A, 0x1EE3A, 3), (0x1EE3C, 0x1EE41, 3), (0x1EE43, 0x1EE46, 3), (0x1EE48, 0x1EE48, 3), (0x1EE4A, 0x1EE4A, 3),
    (0x1EE4C, 0x1EE4C, 3), (0x1EE50, 0x1EE50, 3), (0x1EE53, 0x1EE53, 3), (0x1EE55, 0x1EE56, 3), (0x1EE58, 0x1EE58, 3),
    (0x1EE5A, 0x1EE5A, 3), (0x1EE5C, 0x1EE5C, 3), (0x1EE5E, 0x1EE5E, 3), (0x1EE60, 0x1EE60, 3), (0x1EE63, 0x1EE63, 3),
    (0x1EE65, 0x1EE66, 3), (0x1EE6B, 0x1EE6B, 3), (0x1EE73, 0x1EE73, 3), (0x1EE78, 0x1EE78, 3), (0x1EE7D, 0x1EE7D, 3),
    (0x1EE7F, 0x1EE7F, 3), (0x1EE8A, 0x1EE8A, 3), (0x1EE9C, 0x1EEA0, 3), (0x1EEA4, 0x1EEA4, 3), (0x1EEAA, 0x1EEAA, 3),
    (0x1EEBC, 0x1EEEF, 3), (0x1EEF2, 0x1EFFF, 3), (0x1F000, 0x1F0FF, 14), (0x1F10D, 0x1F10F, 14), (0x1F12F, 0x1F12F, 14),
    (0x1F16C, 0x1F171, 14), (0x1F17E, 0x1F17F, 14), (0x1F18E, 0x1F18E, 14), (0x1F191, 0x1F19A, 14), (0x1F1AD, 0x1F1E5, 14),
    (0x1F1E6, 0x1F1FF, 6), (0x1F201, 0x1F20F, 14), (0x1F21A, 0x1F21A, 14), (0x1F22F, 0x1F22F, 14), (0x1F232, 0x1F23A, 14),
    (0x1F23C, 0x1F23F, 14), (0x1F249, 0x1F3FA, 14), (0x1F3FB, 0x1F3FF, 4), (0x1F400, 0x1F53D, 14), (0x1F546, 0x1F64F, 14),
    (0x1F680, 0x1F6FF, 14), (0x1F774, 0x1F77F, 14), (0x1F7D5, 0x1F7FF, 14), (0x1F80C, 0x1F80F, 14), (0x1F848, 0x1F84F, 14),
    (0x1F85A, 0x1F85F, 14), (0x1F888, 0x1F88F, 14), (0x1F8AE, 0x1F8FF, 14), (0x1F90C, 0x1F93A, 14), (0x1F93C, 0x1F945, 14),
    (0x1F947, 0x1FAFF, 14), (0x1FB93, 0x1FB93, 3), (0x1FBCB, 0x1FBEF, 3), (0x1FBFA, 0x1FBFF, 3), (0x1FC00, 0x1FFFD, 14),
    (0x1FFFE, 0x1FFFF, 3), (0x2A6E0, 0x2A6FF, 3), (0x2B73A, 0x2B73F, 3), (0x2B81E, 0x2B81F, 3), (0x2CEA2, 0x2CEAF, 3),
    (0x2EBE1, 0x2F7FF, 3), (0x2FA1E, 0x2FFFF, 3), (0x3134B, 0x3134F, 3), (0x323B0, 0xE001F, 3), (0xE0020, 0xE007F, 4),
    (0xE0080, 0xE00FF, 3), (0xE0100, 0xE01EF, 4), (0xE01F0, 0xEFFFF, 3), (0xFFFFE, 0xFFFFF, 3), (0x10FFFE, 0x10FFFF, 3),
];

/// `Character.toUpperCase` and `toLowerCase` of every code point that either
/// changes: the code point, its uppercase and its lowercase.
pub(super) const CASES: &[(u32, u32, u32)] = &[
    (0x0041, 0x0041, 0x0061), (0x0042, 0x0042, 0x0062), (0x0043, 0x0043, 0x0063), (0x0044, 0x0044, 0x0064),
    (0x0045, 0x0045, 0x0065), (0x0046, 0x0046, 0x0066), (0x0047, 0x0047, 0x0067), (0x0048, 0x0048, 0x0068),
    (0x0049, 0x0049, 0x0069), (0x004A, 0x004A, 0x006A), (0x004B, 0x004B, 0x006B), (0x004C, 0x004C, 0x006C),
    (0x004D, 0x004D, 0x006D), (0x004E, 0x004E, 0x006E), (0x004F, 0x004F, 0x006F), (0x0050, 0x0050, 0x0070),
    (0x0051, 0x0051, 0x0071), (0x0052, 0x0052, 0x0072), (0x0053, 0x0053, 0x0073), (0x0054, 0x0054, 0x0074),
    (0x0055, 0x0055, 0x0075), (0x0056, 0x0056, 0x0076), (0x0057, 0x0057, 0x0077), (0x0058, 0x0058, 0x0078),
    (0x0059, 0x0059, 0x0079), (0x005A, 0x005A, 0x007A), (0x0061, 0x0041, 0x0061), (0x0062, 0x0042, 0x0062),
    (0x0063, 0x0043, 0x0063), (0x0064, 0x0044, 0x0064), (0x0065, 0x0045, 0x0065), (0x0066, 0x0046, 0x0066),
    (0x0067, 0x0047, 0x0067), (0x0068, 0x0048, 0x0068), (0x0069, 0x0049, 0x0069), (0x006A, 0x004A, 0x006A),
    (0x006B, 0x004B, 0x006B), (0x006C, 0x004C, 0x006C), (0x006D, 0x004D, 0x006D), (0x006E, 0x004E, 0x006E),
    (0x006F, 0x004F, 0x006F), (0x0070, 0x0050, 0x0070), (0x0071, 0x0051, 0x0071), (0x0072, 0x0052, 0x0072),
    (0x0073, 0x0053, 0x0073), (0x0074, 0x0054, 0x0074), (0x0075, 0x0055, 0x0075), (0x0076, 0x0056, 0x0076),
    (0x0077, 0x0057, 0x0077), (0x0078, 0x0058, 0x0078), (0x0079, 0x0059, 0x0079), (0x007A, 0x005A, 0x007A),
    (0x00B5, 0x039C, 0x00B5), (0x00C0, 0x00C0, 0x00E0), (0x00C1, 0x00C1, 0x00E1), (0x00C2, 0x00C2, 0x00E2),
    (0x00C3, 0x00C3, 0x00E3), (0x00C4, 0x00C4, 0x00E4), (0x00C5, 0x00C5, 0x00E5), (0x00C6, 0x00C6, 0x00E6),
    (0x00C7, 0x00C7, 0x00E7), (0x00C8, 0x00C8, 0x00E8), (0x00C9, 0x00C9, 0x00E9), (0x00CA, 0x00CA, 0x00EA),
    (0x00CB, 0x00CB, 0x00EB), (0x00CC, 0x00CC, 0x00EC), (0x00CD, 0x00CD, 0x00ED), (0x00CE, 0x00CE, 0x00EE),
    (0x00CF, 0x00CF, 0x00EF), (0x00D0, 0x00D0, 0x00F0), (0x00D1, 0x00D1, 0x00F1), (0x00D2, 0x00D2, 0x00F2),
    (0x00D3, 0x00D3, 0x00F3), (0x00D4, 0x00D4, 0x00F4), (0x00D5, 0x00D5, 0x00F5), (0x00D6, 0x00D6, 0x00F6),
    (0x00D8, 0x00D8, 0x00F8), (0x00D9, 0x00D9, 0x00F9), (0x00DA, 0x00DA, 0x00FA), (0x00DB, 0x00DB, 0x00FB),
    (0x00DC, 0x00DC, 0x00FC), (0x00DD, 0x00DD, 0x00FD), (0x00DE, 0x00DE, 0x00FE), (0x00E0, 0x00C0, 0x00E0),
    (0x00E1, 0x00C1, 0x00E1), (0x00E2, 0x00C2, 0x00E2), (0x00E3, 0x00C3, 0x00E3), (0x00E4, 0x00C4, 0x00E4),
    (0x00E5, 0x00C5, 0x00E5), (0x00E6, 0x00C6, 0x00E6), (0x00E7, 0x00C7, 0x00E7), (0x00E8, 0x00C8, 0x00E8),
    (0x00E9, 0x00C9, 0x00E9), (0x00EA, 0x00CA, 0x00EA), (0x00EB, 0x00CB, 0x00EB), (0x00EC, 0x00CC, 0x00EC),
    (0x00ED, 0x00CD, 0x00ED), (0x00EE, 0x00CE, 0x00EE), (0x00EF, 0x00CF, 0x00EF), (0x00F0, 0x00D0, 0x00F0),
    (0x00F1, 0x00D1, 0x00F1), (0x00F2, 0x00D2, 0x00F2), (0x00F3, 0x00D3, 0x00F3), (0x00F4, 0x00D4, 0x00F4),
    (0x00F5, 0x00D5, 0x00F5), (0x00F6, 0x00D6, 0x00F6), (0x00F8, 0x00D8, 0x00F8), (0x00F9, 0x00D9, 0x00F9),
    (0x00FA, 0x00DA, 0x00FA), (0x00FB, 0x00DB, 0x00FB), (0x00FC, 0x00DC, 0x00FC), (0x00FD, 0x00DD, 0x00FD),
    (0x00FE, 0x00DE, 0x00FE), (0x00FF, 0x0178, 0x00FF), (0x0100, 0x0100, 0x0101), (0x0101, 0x0100, 0x0101),
    (0x0102, 0x0102, 0x0103), (0x0103, 0x0102, 0x0103), (0x0104, 0x0104, 0x0105), (0x0105, 0x0104, 0x0105),
    (0x0106, 0x0106, 0x0107), (0x0107, 0x0106, 0x0107), (0x0108, 0x0108, 0x0109), (0x0109, 0x0108, 0x0109),
    (0x010A, 0x010A, 0x010B), (0x010B, 0x010A, 0x010B), (0x010C, 0x010C, 0x010D), (0x010D, 0x010C, 0x010D),
    (0x010E, 0x010E, 0x010F), (0x010F, 0x010E, 0x010F), (0x0110, 0x0110, 0x0111), (0x0111, 0x0110, 0x0111),
    (0x0112, 0x0112, 0x0113), (0x0113, 0x0112, 0x0113), (0x0114, 0x0114, 0x0115), (0x0115, 0x0114, 0x0115),
    (0x0116, 0x0116, 0x0117), (0x0117, 0x0116, 0x0117), (0x0118, 0x0118, 0x0119), (0x0119, 0x0118, 0x0119),
    (0x011A, 0x011A, 0x011B), (0x011B, 0x011A, 0x011B), (0x011C, 0x011C, 0x011D), (0x011D, 0x011C, 0x011D),
    (0x011E, 0x011E, 0x011F), (0x011F, 0x011E, 0x011F), (0x0120, 0x0120, 0x0121), (0x0121, 0x0120, 0x0121),
    (0x0122, 0x0122, 0x0123), (0x0123, 0x0122, 0x0123), (0x0124, 0x0124, 0x0125), (0x0125, 0x0124, 0x0125),
    (0x0126, 0x0126, 0x0127), (0x0127, 0x0126, 0x0127), (0x0128, 0x0128, 0x0129), (0x0129, 0x0128, 0x0129),
    (0x012A, 0x012A, 0x012B), (0x012B, 0x012A, 0x012B), (0x012C, 0x012C, 0x012D), (0x012D, 0x012C, 0x012D),
    (0x012E, 0x012E, 0x012F), (0x012F, 0x012E, 0x012F), (0x0130, 0x0130, 0x0069), (0x0131, 0x0049, 0x0131),
    (0x0132, 0x0132, 0x0133), (0x0133, 0x0132, 0x0133), (0x0134, 0x0134, 0x0135), (0x0135, 0x0134, 0x0135),
    (0x0136, 0x0136, 0x0137), (0x0137, 0x0136, 0x0137), (0x0139, 0x0139, 0x013A), (0x013A, 0x0139, 0x013A),
    (0x013B, 0x013B, 0x013C), (0x013C, 0x013B, 0x013C), (0x013D, 0x013D, 0x013E), (0x013E, 0x013D, 0x013E),
    (0x013F, 0x013F, 0x0140), (0x0140, 0x013F, 0x0140), (0x0141, 0x0141, 0x0142), (0x0142, 0x0141, 0x0142),
    (0x0143, 0x0143, 0x0144), (0x0144, 0x0143, 0x0144), (0x0145, 0x0145, 0x0146), (0x0146, 0x0145, 0x0146),
    (0x0147, 0x0147, 0x0148), (0x0148, 0x0147, 0x0148), (0x014A, 0x014A, 0x014B), (0x014B, 0x014A, 0x014B),
    (0x014C, 0x014C, 0x014D), (0x014D, 0x014C, 0x014D), (0x014E, 0x014E, 0x014F), (0x014F, 0x014E, 0x014F),
    (0x0150, 0x0150, 0x0151), (0x0151, 0x0150, 0x0151), (0x0152, 0x0152, 0x0153), (0x0153, 0x0152, 0x0153),
    (0x0154, 0x0154, 0x0155), (0x0155, 0x0154, 0x0155), (0x0156, 0x0156, 0x0157), (0x0157, 0x0156, 0x0157),
    (0x0158, 0x0158, 0x0159), (0x0159, 0x0158, 0x0159), (0x015A, 0x015A, 0x015B), (0x015B, 0x015A, 0x015B),
    (0x015C, 0x015C, 0x015D), (0x015D, 0x015C, 0x015D), (0x015E, 0x015E, 0x015F), (0x015F, 0x015E, 0x015F),
    (0x0160, 0x0160, 0x0161), (0x0161, 0x0160, 0x0161), (0x0162, 0x0162, 0x0163), (0x0163, 0x0162, 0x0163),
    (0x0164, 0x0164, 0x0165), (0x0165, 0x0164, 0x0165), (0x0166, 0x0166, 0x0167), (0x0167, 0x0166, 0x0167),
    (0x0168, 0x0168, 0x0169), (0x0169, 0x0168, 0x0169), (0x016A, 0x016A, 0x016B), (0x016B, 0x016A, 0x016B),
    (0x016C, 0x016C, 0x016D), (0x016D, 0x016C, 0x016D), (0x016E, 0x016E, 0x016F), (0x016F, 0x016E, 0x016F),
    (0x0170, 0x0170, 0x0171), (0x0171, 0x0170, 0x0171), (0x0172, 0x0172, 0x0173), (0x0173, 0x0172, 0x0173),
    (0x0174, 0x0174, 0x0175), (0x0175, 0x0174, 0x0175), (0x0176, 0x0176, 0x0177), (0x0177, 0x0176, 0x0177),
    (0x0178, 0x0178, 0x00FF), (0x0179, 0x0179, 0x017A), (0x017A, 0x0179, 0x017A), (0x017B, 0x017B, 0x017C),
    (0x017C, 0x017B, 0x017C), (0x017D, 0x017D, 0x017E), (0x017E, 0x017D, 0x017E), (0x017F, 0x0053, 0x017F),
    (0x0180, 0x0243, 0x0180), (0x0181, 0x0181, 0x0253), (0x0182, 0x0182, 0x0183), (0x0183, 0x0182, 0x0183),
    (0x0184, 0x0184, 0x0185), (0x0185, 0x0184, 0x0185), (0x0186, 0x0186, 0x0254), (0x0187, 0x0187, 0x0188),
    (0x0188, 0x0187, 0x0188), (0x0189, 0x0189, 0x0256), (0x018A, 0x018A, 0x0257), (0x018B, 0x018B, 0x018C),
    (0x018C, 0x018B, 0x018C), (0x018E, 0x018E, 0x01DD), (0x018F, 0x018F, 0x0259), (0x0190, 0x0190, 0x025B),
    (0x0191, 0x0191, 0x0192), (0x0192, 0x0191, 0x0192), (0x0193, 0x0193, 0x0260), (0x0194, 0x0194, 0x0263),
    (0x0195, 0x01F6, 0x0195), (0x0196, 0x0196, 0x0269), (0x0197, 0x0197, 0x0268), (0x0198, 0x0198, 0x0199),
    (0x0199, 0x0198, 0x0199), (0x019A, 0x023D, 0x019A), (0x019C, 0x019C, 0x026F), (0x019D, 0x019D, 0x0272),
    (0x019E, 0x0220, 0x019E), (0x019F, 0x019F, 0x0275), (0x01A0, 0x01A0, 0x01A1), (0x01A1, 0x01A0, 0x01A1),
    (0x01A2, 0x01A2, 0x01A3), (0x01A3, 0x01A2, 0x01A3), (0x01A4, 0x01A4, 0x01A5), (0x01A5, 0x01A4, 0x01A5),
    (0x01A6, 0x01A6, 0x0280), (0x01A7, 0x01A7, 0x01A8), (0x01A8, 0x01A7, 0x01A8), (0x01A9, 0x01A9, 0x0283),
    (0x01AC, 0x01AC, 0x01AD), (0x01AD, 0x01AC, 0x01AD), (0x01AE, 0x01AE, 0x0288), (0x01AF, 0x01AF, 0x01B0),
    (0x01B0, 0x01AF, 0x01B0), (0x01B1, 0x01B1, 0x028A), (0x01B2, 0x01B2, 0x028B), (0x01B3, 0x01B3, 0x01B4),
    (0x01B4, 0x01B3, 0x01B4), (0x01B5, 0x01B5, 0x01B6), (0x01B6, 0x01B5, 0x01B6), (0x01B7, 0x01B7, 0x0292),
    (0x01B8, 0x01B8, 0x01B9), (0x01B9, 0x01B8, 0x01B9), (0x01BC, 0x01BC, 0x01BD), (0x01BD, 0x01BC, 0x01BD),
    (0x01BF, 0x01F7, 0x01BF), (0x01C4, 0x01C4, 0x01C6), (0x01C5, 0x01C4, 0x01C6), (0x01C6, 0x01C4, 0x01C6),
    (0x01C7, 0x01C7, 0x01C9), (0x01C8, 0x01C7, 0x01C9), (0x01C9, 0x01C7, 0x01C9), (0x01CA, 0x01CA, 0x01CC),
    (0x01CB, 0x01CA, 0x01CC), (0x01CC, 0x01CA, 0x01CC), (0x01CD, 0x01CD, 0x01CE), (0x01CE, 0x01CD, 0x01CE),
    (0x01CF, 0x01CF, 0x01D0), (0x01D0, 0x01CF, 0x01D0), (0x01D1, 0x01D1, 0x01D2), (0x01D2, 0x01D1, 0x01D2),
    (0x01D3, 0x01D3, 0x01D4), (0x01D4, 0x01D3, 0x01D4), (0x01D5, 0x01D5, 0x01D6), (0x01D6, 0x01D5, 0x01D6),
    (0x01D7, 0x01D7, 0x01D8), (0x01D8, 0x01D7, 0x01D8), (0x01D9, 0x01D9, 0x01DA), (0x01DA, 0x01D9, 0x01DA),
    (0x01DB, 0x01DB, 0x01DC), (0x01DC, 0x01DB, 0x01DC), (0x01DD, 0x018E, 0x01DD), (0x01DE, 0x01DE, 0x01DF),
    (0x01DF, 0x01DE, 0x01DF), (0x01E0, 0x01E0, 0x01E1), (0x01E1, 0x01E0, 0x01E1), (0x01E2, 0x01E2, 0x01E3),
    (0x01E3, 0x01E2, 0x01E3), (0x01E4, 0x01E4, 0x01E5), (0x01E5, 0x01E4, 0x01E5), (0x01E6, 0x01E6, 0x01E7),
    (0x01E7, 0x01E6, 0x01E7), (0x01E8, 0x01E8, 0x01E9), (0x01E9, 0x01E8, 0x01E9), (0x01EA, 0x01EA, 0x01EB),
    (0x01EB, 0x01EA, 0x01EB), (0x01EC, 0x01EC, 0x01ED), (0x01ED, 0x01EC, 0x01ED), (0x01EE, 0x01EE, 0x01EF),
    (0x01EF, 0x01EE, 0x01EF), (0x01F1, 0x01F1, 0x01F3), (0x01F2, 0x01F1, 0x01F3), (0x01F3, 0x01F1, 0x01F3),
    (0x01F4, 0x01F4, 0x01F5), (0x01F5, 0x01F4, 0x01F5), (0x01F6, 0x01F6, 0x0195), (0x01F7, 0x01F7, 0x01BF),
    (0x01F8, 0x01F8, 0x01F9), (0x01F9, 0x01F8, 0x01F9), (0x01FA, 0x01FA, 0x01FB), (0x01FB, 0x01FA, 0x01FB),
    (0x01FC, 0x01FC, 0x01FD), (0x01FD, 0x01FC, 0x01FD), (0x01FE, 0x01FE, 0x01FF), (0x01FF, 0x01FE, 0x01FF),
    (0x0200, 0x0200, 0x0201), (0x0201, 0x0200, 0x0201), (0x0202, 0x0202, 0x0203), (0x0203, 0x0202, 0x0203),
    (0x0204, 0x0204, 0x0205), (0x0205, 0x0204, 0x0205), (0x0206, 0x0206, 0x0207), (0x0207, 0x0206, 0x0207),
    (0x0208, 0x0208, 0x0209), (0x0209, 0x0208, 0x0209), (0x020A, 0x020A, 0x020B), (0x020B, 0x020A, 0x020B),
    (0x020C, 0x020C, 0x020D), (0x020D, 0x020C, 0x020D), (0x020E, 0x020E, 0x020F), (0x020F, 0x020E, 0x020F),
    (0x0210, 0x0210, 0x0211), (0x0211, 0x0210, 0x0211), (0x0212, 0x0212, 0x0213), (0x0213, 0x0212, 0x0213),
    (0x0214, 0x0214, 0x0215), (0x0215, 0x0214, 0x0215), (0x0216, 0x0216, 0x0217), (0x0217, 0x0216, 0x0217),
    (0x0218, 0x0218, 0x0219), (0x0219, 0x0218, 0x0219), (0x021A, 0x021A, 0x021B), (0x021B, 0x021A, 0x021B),
    (0x021C, 0x021C, 0x021D), (0x021D, 0x021C, 0x021D), (0x021E, 0x021E, 0x021F), (0x021F, 0x021E, 0x021F),
    (0x0220, 0x0220, 0x019E), (0x0222, 0x0222, 0x0223), (0x0223, 0x0222, 0x0223), (0x0224, 0x0224, 0x0225),
    (0x0225, 0x0224, 0x0225), (0x0226, 0x0226, 0x0227), (0x0227, 0x0226, 0x0227), (0x0228, 0x0228, 0x0229),
    (0x0229, 0x0228, 0x0229), (0x022A, 0x022A, 0x022B), (0x022B, 0x022A, 0x022B), (0x022C, 0x022C, 0x022D),
    (0x022D, 0x022C, 0x022D), (0x022E, 0x022E, 0x022F), (0x022F, 0x022E, 0x022F), (0x0230, 0x0230, 0x0231),
    (0x0231, 0x0230, 0x0231), (0x0232, 0x0232, 0x0233), (0x0233, 0x0232, 0x0233), (0x023A, 0x023A, 0x2C65),
    (0x023B, 0x023B, 0x023C), (0x023C, 0x023B, 0x023C), (0x023D, 0x023D, 0x019A), (0x023E, 0x023E, 0x2C66),
    (0x023F, 0x2C7E, 0x023F), (0x0240, 0x2C7F, 0x0240), (0x0241, 0x0241, 0x0242), (0x0242, 0x0241, 0x0242),
    (0x0243, 0x0243, 0x0180), (0x0244, 0x0244, 0x0289), (0x0245, 0x0245, 0x028C), (0x0246, 0x0246, 0x0247),
    (0x0247, 0x0246, 0x0247), (0x0248, 0x0248, 0x0249), (0x0249, 0x0248, 0x0249), (0x024A, 0x024A, 0x024B),
    (0x024B, 0x024A, 0x024B), (0x024C, 0x024C, 0x024D), (0x024D, 0x024C, 0x024D), (0x024E, 0x024E, 0x024F),
    (0x024F, 0x024E, 0x024F), (0x0250, 0x2C6F, 0x0250), (0x0251, 0x2C6D, 0x0251), (0x0252, 0x2C70, 0x0252),
    (0x0253, 0x0181, 0x0253), (0x0254, 0x0186, 0x0254), (0x0256, 0x0189, 0x0256), (0x0257, 0x018A, 0x0257),
    (0x0259, 0x018F, 0x0259), (0x025B, 0x0190, 0x025B), (0x025C, 0xA7AB, 0x025C), (0x0260, 0x0193, 0x0260),
    (0x0261, 0xA7AC, 0x0261), (0x0263, 0x0194, 0x0263), (0x0265, 0xA78D, 0x0265), (0x0266, 0xA7AA, 0x0266),
    (0x0268, 0x0197, 0x0268), (0x0269, 0x0196, 0x0269), (0x026A, 0xA7AE, 0x026A), (0x026B, 0x2C62, 0x026B),
    (0x026C, 0xA7AD, 0x026C), (0x026F, 0x019C, 0x026F), (0x0271, 0x2C6E, 0x0271), (0x0272, 0x019D, 0x0272),
    (0x0275, 0x019F, 0x0275), (0x027D, 0x2C64, 0x027D), (0x0280, 0x01A6, 0x0280), (0x0282, 0xA7C5, 0x0282),
    (0x0283, 0x01A9, 0x0283), (0x0287, 0xA7B1, 0x0287), (0x0288, 0x01AE, 0x0288), (0x0289, 0x0244, 0x0289),
    (0x028A, 0x01B1, 0x028A), (0x028B, 0x01B2, 0x028B), (0x028C, 0x0245, 0x028C), (0x0292, 0x01B7, 0x0292),
    (0x029D, 0xA7B2, 0x029D), (0x029E, 0xA7B0, 0x029E), (0x0345, 0x0399, 0x0345), (0x0370, 0x0370, 0x0371),
    (0x0371, 0x0370, 0x0371), (0x0372, 0x0372, 0x0373), (0x0373, 0x0372, 0x0373), (0x0376, 0x0376, 0x0377),
    (0x0377, 0x0376, 0x0377), (0x037B, 0x03FD, 0x037B), (0x037C, 0x03FE, 0x037C), (0x037D, 0x03FF, 0x037D),
    (0x037F, 0x037F, 0x03F3), (0x0386, 0x0386, 0x03AC), (0x0388, 0x0388, 0x03AD), (0x0389, 0x0389, 0x03AE),
    (0x038A, 0x038A, 0x03AF), (0x038C, 0x038C, 0x03CC), (0x038E, 0x038E, 0x03CD), (0x038F, 0x038F, 0x03CE),
    (0x0391, 0x0391, 0x03B1), (0x0392, 0x0392, 0x03B2), (0x0393, 0x0393, 0x03B3), (0x0394, 0x0394, 0x03B4),
    (0x0395, 0x0395, 0x03B5), (0x0396, 0x0396, 0x03B6), (0x0397, 0x0397, 0x03B7), (0x0398, 0x0398, 0x03B8),
    (0x0399, 0x0399, 0x03B9), (0x039A, 0x039A, 0x03BA), (0x039B, 0x039B, 0x03BB), (0x039C, 0x039C, 0x03BC),
    (0x039D, 0x039D, 0x03BD), (0x039E, 0x039E, 0x03BE), (0x039F, 0x039F, 0x03BF), (0x03A0, 0x03A0, 0x03C0),
    (0x03A1, 0x03A1, 0x03C1), (0x03A3, 0x03A3, 0x03C3), (0x03A4, 0x03A4, 0x03C4), (0x03A5, 0x03A5, 0x03C5),
    (0x03A6, 0x03A6, 0x03C6), (0x03A7, 0x03A7, 0x03C7), (0x03A8, 0x03A8, 0x03C8), (0x03A9, 0x03A9, 0x03C9),
    (0x03AA, 0x03AA, 0x03CA), (0x03AB, 0x03AB, 0x03CB), (0x03AC, 0x0386, 0x03AC), (0x03AD, 0x0388, 0x03AD),
    (0x03AE, 0x0389, 0x03AE), (0x03AF, 0x038A, 0x03AF), (0x03B1, 0x0391, 0x03B1), (0x03B2, 0x0392, 0x03B2),
    (0x03B3, 0x0393, 0x03B3), (0x03B4, 0x0394, 0x03B4), (0x03B5, 0x0395, 0x03B5), (0x03B6, 0x0396, 0x03B6),
    (0x03B7, 0x0397, 0x03B7), (0x03B8, 0x0398, 0x03B8), (0x03B9, 0x0399, 0x03B9), (0x03BA, 0x039A, 0x03BA),
    (0x03BB, 0x039B, 0x03BB), (0x03BC, 0x039C, 0x03BC), (0x03BD, 0x039D, 0x03BD), (0x03BE, 0x039E, 0x03BE),
    (0x03BF, 0x039F, 0x03BF), (0x03C0, 0x03A0, 0x03C0), (0x03C1, 0x03A1, 0x03C1), (0x03C2, 0x03A3, 0x03C2),
    (0x03C3, 0x03A3, 0x03C3), (0x03C4, 0x03A4, 0x03C4), (0x03C5, 0x03A5, 0x03C5), (0x03C6, 0x03A6, 0x03C6),
    (0x03C7, 0x03A7, 0x03C7), (0x03C8, 0x03A8, 0x03C8), (0x03C9, 0x03A9, 0x03C9), (0x03CA, 0x03AA, 0x03CA),
    (0x03CB, 0x03AB, 0x03CB), (0x03CC, 0x038C, 0x03CC), (0x03CD, 0x038E, 0x03CD), (0x03CE, 0x038F, 0x03CE),
    (0x03CF, 0x03CF, 0x03D7), (0x03D0, 0x0392, 0x03D0), (0x03D1, 0x0398, 0x03D1), (0x03D5, 0x03A6, 0x03D5),
    (0x03D6, 0x03A0, 0x03D6), (0x03D7, 0x03CF, 0x03D7), (0x03D8, 0x03D8, 0x03D9), (0x03D9, 0x03D8, 0x03D9),
    (0x03DA, 0x03DA, 0x03DB), (0x03DB, 0x03DA, 0x03DB), (0x03DC, 0x03DC, 0x03DD), (0x03DD, 0x03DC, 0x03DD),
    (0x03DE, 0x03DE, 0x03DF), (0x03DF, 0x03DE, 0x03DF), (0x03E0, 0x03E0, 0x03E1), (0x03E1, 0x03E0, 0x03E1),
    (0x03E2, 0x03E2, 0x03E3), (0x03E3, 0x03E2, 0x03E3), (0x03E4, 0x03E4, 0x03E5), (0x03E5, 0x03E4, 0x03E5),
    (0x03E6, 0x03E6, 0x03E7), (0x03E7, 0x03E6, 0x03E7), (0x03E8, 0x03E8, 0x03E9), (0x03E9, 0x03E8, 0x03E9),
    (0x03EA, 0x03EA, 0x03EB), (0x03EB, 0x03EA, 0x03EB), (0x03EC, 0x03EC, 0x03ED), (0x03ED, 0x03EC, 0x03ED),
    (0x03EE, 0x03EE, 0x03EF), (0x03EF, 0x03EE, 0x03EF), (0x03F0, 0x039A, 0x03F0), (0x03F1, 0x03A1, 0x03F1),
    (0x03F2, 0x03F9, 0x03F2), (0x03F3, 0x037F, 0x03F3), (0x03F4, 0x03F4, 0x03B8), (0x03F5, 0x0395, 0x03F5),
    (0x03F7, 0x03F7, 0x03F8), (0x03F8, 0x03F7, 0x03F8), (0x03F9, 0x03F9, 0x03F2), (0x03FA, 0x03FA, 0x03FB),
    (0x03FB, 0x03FA, 0x03FB), (0x03FD, 0x03FD, 0x037B), (0x03FE, 0x03FE, 0x037C), (0x03FF, 0x03FF, 0x037D),
    (0x0400, 0x0400, 0x0450), (0x0401, 0x0401, 0x0451), (0x0402, 0x0402, 0x0452), (0x0403, 0x0403, 0x0453),
    (0x0404, 0x0404, 0x0454), (0x0405, 0x0405, 0x0455), (0x0406, 0x0406, 0x0456), (0x0407, 0x0407, 0x0457),
    (0x0408, 0x0408, 0x0458), (0x0409, 0x0409, 0x0459), (0x040A, 0x040A, 0x045A), (0x040B, 0x040B, 0x045B),
    (0x040C, 0x040C, 0x045C), (0x040D, 0x040D, 0x045D), (0x040E, 0x040E, 0x045E), (0x040F, 0x040F, 0x045F),
    (0x0410, 0x0410, 0x0430), (0x0411, 0x0411, 0x0431), (0x0412, 0x0412, 0x0432), (0x0413, 0x0413, 0x0433),
    (0x0414, 0x0414, 0x0434), (0x0415, 0x0415, 0x0435), (0x0416, 0x0416, 0x0436), (0x0417, 0x0417, 0x0437),
    (0x0418, 0x0418, 0x0438), (0x0419, 0x0419, 0x0439), (0x041A, 0x041A, 0x043A), (0x041B, 0x041B, 0x043B),
    (0x041C, 0x041C, 0x043C), (0x041D, 0x041D, 0x043D), (0x041E, 0x041E, 0x043E), (0x041F, 0x041F, 0x043F),
    (0x0420, 0x0420, 0x0440), (0x0421, 0x0421, 0x0441), (0x0422, 0x0422, 0x0442), (0x0423, 0x0423, 0x0443),
    (0x0424, 0x0424, 0x0444), (0x0425, 0x0425, 0x0445), (0x0426, 0x0426, 0x0446), (0x0427, 0x0427, 0x0447),
    (0x0428, 0x0428, 0x0448), (0x0429, 0x0429, 0x0449), (0x042A, 0x042A, 0x044A), (0x042B, 0x042B, 0x044B),
    (0x042C, 0x042C, 0x044C), (0x042D, 0x042D, 0x044D), (0x042E, 0x042E, 0x044E), (0x042F, 0x042F, 0x044F),
    (0x0430, 0x0410, 0x0430), (0x0431, 0x0411, 0x0431), (0x0432, 0x0412, 0x0432), (0x0433, 0x0413, 0x0433),
    (0x0434, 0x0414, 0x0434), (0x0435, 0x0415, 0x0435), (0x0436, 0x0416, 0x0436), (0x0437, 0x0417, 0x0437),
    (0x0438, 0x0418, 0x0438), (0x0439, 0x0419, 0x0439), (0x043A, 0x041A, 0x043A), (0x043B, 0x041B, 0x043B),
    (0x043C, 0x041C, 0x043C), (0x043D, 0x041D, 0x043D), (0x043E, 0x041E, 0x043E), (0x043F, 0x041F, 0x043F),
    (0x0440, 0x0420, 0x0440), (0x0441, 0x0421, 0x0441), (0x0442, 0x0422, 0x0442), (0x0443, 0x0423, 0x0443),
    (0x0444, 0x0424, 0x0444), (0x0445, 0x0425, 0x0445), (0x0446, 0x0426, 0x0446), (0x0447, 0x0427, 0x0447),
    (0x0448, 0x0428, 0x0448), (0x0449, 0x0429, 0x0449), (0x044A, 0x042A, 0x044A), (0x044B, 0x042B, 0x044B),
    (0x044C, 0x042C, 0x044C), (0x044D, 0x042D, 0x044D), (0x044E, 0x042E, 0x044E), (0x044F, 0x042F, 0x044F),
    (0x0450, 0x0400, 0x0450), (0x0451, 0x0401, 0x0451), (0x0452, 0x0402, 0x0452), (0x0453, 0x0403, 0x0453),
    (0x0454, 0x0404, 0x0454), (0x0455, 0x0405, 0x0455), (0x0456, 0x0406, 0x0456), (0x0457, 0x0407, 0x0457),
    (0x0458, 0x0408, 0x0458), (0x0459, 0x0409, 0x0459), (0x045A, 0x040A, 0x045A), (0x045B, 0x040B, 0x045B),
    (0x045C, 0x040C, 0x045C), (0x045D, 0x040D, 0x045D), (0x045E, 0x040E, 0x045E), (0x045F, 0x040F, 0x045F),
    (0x0460, 0x0460, 0x0461), (0x0461, 0x0460, 0x0461), (0x0462, 0x0462, 0x0463), (0x0463, 0x0462, 0x0463),
    (0x0464, 0x0464, 0x0465), (0x0465, 0x0464, 0x0465), (0x0466, 0x0466, 0x0467), (0x0467, 0x0466, 0x0467),
    (0x0468, 0x0468, 0x0469), (0x0469, 0x0468, 0x0469), (0x046A, 0x046A, 0x046B), (0x046B, 0x046A, 0x046B),
    (0x046C, 0x046C, 0x046D), (0x046D, 0x046C, 0x046D), (0x046E, 0x046E, 0x046F), (0x046F, 0x046E, 0x046F),
    (0x0470, 0x0470, 0x0471), (0x0471, 0x0470, 0x0471), (0x0472, 0x0472, 0x0473), (0x0473, 0x0472, 0x0473),
    (0x0474, 0x0474, 0x0475), (0x0475, 0x0474, 0x0475), (0x0476, 0x0476, 0x0477), (0x0477, 0x0476, 0x0477),
    (0x0478, 0x0478, 0x0479), (0x0479, 0x0478, 0x0479), (0x047A, 0x047A, 0x047B), (0x047B, 0x047A, 0x047B),
    (0x047C, 0x047C, 0x047D), (0x047D, 0x047C, 0x047D), (0x047E, 0x047E, 0x047F), (0x047F, 0x047E, 0x047F),
    (0x0480, 0x0480, 0x0481), (0x0481, 0x0480, 0x0481), (0x048A, 0x048A, 0x048B), (0x048B, 0x048A, 0x048B),
    (0x048C, 0x048C, 0x048D), (0x048D, 0x048C, 0x048D), (0x048E, 0x048E, 0x048F), (0x048F, 0x048E, 0x048F),
    (0x0490, 0x0490, 0x0491), (0x0491, 0x0490, 0x0491), (0x0492, 0x0492, 0x0493), (0x0493, 0x0492, 0x0493),
    (0x0494, 0x0494, 0x0495), (0x0495, 0x0494, 0x0495), (0x0496, 0x0496, 0x0497), (0x0497, 0x0496, 0x0497),
    (0x0498, 0x0498, 0x0499), (0x0499, 0x0498, 0x0499), (0x049A, 0x049A, 0x049B), (0x049B, 0x049A, 0x049B),
    (0x049C, 0x049C, 0x049D), (0x049D, 0x049C, 0x049D), (0x049E, 0x049E, 0x049F), (0x049F, 0x049E, 0x049F),
    (0x04A0, 0x04A0, 0x04A1), (0x04A1, 0x04A0, 0x04A1), (0x04A2, 0x04A2, 0x04A3), (0x04A3, 0x04A2, 0x04A3),
    (0x04A4, 0x04A4, 0x04A5), (0x04A5, 0x04A4, 0x04A5), (0x04A6, 0x04A6, 0x04A7), (0x04A7, 0x04A6, 0x04A7),
    (0x04A8, 0x04A8, 0x04A9), (0x04A9, 0x04A8, 0x04A9), (0x04AA, 0x04AA, 0x04AB), (0x04AB, 0x04AA, 0x04AB),
    (0x04AC, 0x04AC, 0x04AD), (0x04AD, 0x04AC, 0x04AD), (0x04AE, 0x04AE, 0x04AF), (0x04AF, 0x04AE, 0x04AF),
    (0x04B0, 0x04B0, 0x04B1), (0x04B1, 0x04B0, 0x04B1), (0x04B2, 0x04B2, 0x04B3), (0x04B3, 0x04B2, 0x04B3),
    (0x04B4, 0x04B4, 0x04B5), (0x04B5, 0x04B4, 0x04B5), (0x04B6, 0x04B6, 0x04B7), (0x04B7, 0x04B6, 0x04B7),
    (0x04B8, 0x04B8, 0x04B9), (0x04B9, 0x04B8, 0x04B9), (0x04BA, 0x04BA, 0x04BB), (0x04BB, 0x04BA, 0x04BB),
    (0x04BC, 0x04BC, 0x04BD), (0x04BD, 0x04BC, 0x04BD), (0x04BE, 0x04BE, 0x04BF), (0x04BF, 0x04BE, 0x04BF),
    (0x04C0, 0x04C0, 0x04CF), (0x04C1, 0x04C1, 0x04C2), (0x04C2, 0x04C1, 0x04C2), (0x04C3, 0x04C3, 0x04C4),
    (0x04C4, 0x04C3, 0x04C4), (0x04C5, 0x04C5, 0x04C6), (0x04C6, 0x04C5, 0x04C6), (0x04C7, 0x04C7, 0x04C8),
    (0x04C8, 0x04C7, 0x04C8), (0x04C9, 0x04C9, 0x04CA), (0x04CA, 0x04C9, 0x04CA), (0x04CB, 0x04CB, 0x04CC),
    (0x04CC, 0x04CB, 0x04CC), (0x04CD, 0x04CD, 0x04CE), (0x04CE, 0x04CD, 0x04CE), (0x04CF, 0x04C0, 0x04CF),
    (0x04D0, 0x04D0, 0x04D1), (0x04D1, 0x04D0, 0x04D1), (0x04D2, 0x04D2, 0x04D3), (0x04D3, 0x04D2, 0x04D3),
    (0x04D4, 0x04D4, 0x04D5), (0x04D5, 0x04D4, 0x04D5), (0x04D6, 0x04D6, 0x04D7), (0x04D7, 0x04D6, 0x04D7),
    (0x04D8, 0x04D8, 0x04D9), (0x04D9, 0x04D8, 0x04D9), (0x04DA, 0x04DA, 0x04DB), (0x04DB, 0x04DA, 0x04DB),
    (0x04DC, 0x04DC, 0x04DD), (0x04DD, 0x04DC, 0x04DD), (0x04DE, 0x04DE, 0x04DF), (0x04DF, 0x04DE, 0x04DF),
    (0x04E0, 0x04E0, 0x04E1), (0x04E1, 0x04E0, 0x04E1), (0x04E2, 0x04E2, 0x04E3), (0x04E3, 0x04E2, 0x04E3),
    (0x04E4, 0x04E4, 0x04E5), (0x04E5, 0x04E4, 0x04E5), (0x04E6, 0x04E6, 0x04E7), (0x04E7, 0x04E6, 0x04E7),
    (0x04E8, 0x04E8, 0x04E9), (0x04E9, 0x04E8, 0x04E9), (0x04EA, 0x04EA, 0x04EB), (0x04EB, 0x04EA, 0x04EB),
    (0x04EC, 0x04EC, 0x04ED), (0x04ED, 0x04EC, 0x04ED), (0x04EE, 0x04EE, 0x04EF), (0x04EF, 0x04EE, 0x04EF),
    (0x04F0, 0x04F0, 0x04F1), (0x04F1, 0x04F0, 0x04F1), (0x04F2, 0x04F2, 0x04F3), (0x04F3, 0x04F2, 0x04F3),
    (0x04F4, 0x04F4, 0x04F5), (0x04F5, 0x04F4, 0x04F5), (0x04F6, 0x04F6, 0x04F7), (0x04F7, 0x04F6, 0x04F7),
    (0x04F8, 0x04F8, 0x04F9), (0x04F9, 0x04F8, 0x04F9), (0x04FA, 0x04FA, 0x04FB), (0x04FB, 0x04FA, 0x04FB),
    (0x04FC, 0x04FC, 0x04FD), (0x04FD, 0x04FC, 0x04FD), (0x04FE, 0x04FE, 0x04FF), (0x04FF, 0x04FE, 0x04FF),
    (0x0500, 0x0500, 0x0501), (0x0501, 0x0500, 0x0501), (0x0502, 0x0502, 0x0503), (0x0503, 0x0502, 0x0503),
    (0x0504, 0x0504, 0x0505), (0x0505, 0x0504, 0x0505), (0x0506, 0x0506, 0x0507), (0x0507, 0x0506, 0x0507),
    (0x0508, 0x0508, 0x0509), (0x0509, 0x0508, 0x0509), (0x050A, 0x050A, 0x050B), (0x050B, 0x050A, 0x050B),
    (0x050C, 0x050C, 0x050D), (0x050D, 0x050C, 0x050D), (0x050E, 0x050E, 0x050F), (0x050F, 0x050E, 0x050F),
    (0x0510, 0x0510, 0x0511), (0x0511, 0x0510, 0x0511), (0x0512, 0x0512, 0x0513), (0x0513, 0x0512, 0x0513),
    (0x0514, 0x0514, 0x0515), (0x0515, 0x0514, 0x0515), (0x0516, 0x0516, 0x0517), (0x0517, 0x0516, 0x0517),
    (0x0518, 0x0518, 0x0519), (0x0519, 0x0518, 0x0519), (0x051A, 0x051A, 0x051B), (0x051B, 0x051A, 0x051B),
    (0x051C, 0x051C, 0x051D), (0x051D, 0x051C, 0x051D), (0x051E, 0x051E, 0x051F), (0x051F, 0x051E, 0x051F),
    (0x0520, 0x0520, 0x0521), (0x0521, 0x0520, 0x0521), (0x0522, 0x0522, 0x0523), (0x0523, 0x0522, 0x0523),
    (0x0524, 0x0524, 0x0525), (0x0525, 0x0524, 0x0525), (0x0526, 0x0526, 0x0527), (0x0527, 0x0526, 0x0527),
    (0x0528, 0x0528, 0x0529), (0x0529, 0x0528, 0x0529), (0x052A, 0x052A, 0x052B), (0x052B, 0x052A, 0x052B),
    (0x052C, 0x052C, 0x052D), (0x052D, 0x052C, 0x052D), (0x052E, 0x052E, 0x052F), (0x052F, 0x052E, 0x052F),
    (0x0531, 0x0531, 0x0561), (0x0532, 0x0532, 0x0562), (0x0533, 0x0533, 0x0563), (0x0534, 0x0534, 0x0564),
    (0x0535, 0x0535, 0x0565), (0x0536, 0x0536, 0x0566), (0x0537, 0x0537, 0x0567), (0x0538, 0x0538, 0x0568),
    (0x0539, 0x0539, 0x0569), (0x053A, 0x053A, 0x056A), (0x053B, 0x053B, 0x056B), (0x053C, 0x053C, 0x056C),
    (0x053D, 0x053D, 0x056D), (0x053E, 0x053E, 0x056E), (0x053F, 0x053F, 0x056F), (0x0540, 0x0540, 0x0570),
    (0x0541, 0x0541, 0x0571), (0x0542, 0x0542, 0x0572), (0x0543, 0x0543, 0x0573), (0x0544, 0x0544, 0x0574),
    (0x0545, 0x0545, 0x0575), (0x0546, 0x0546, 0x0576), (0x0547, 0x0547, 0x0577), (0x0548, 0x0548, 0x0578),
    (0x0549, 0x0549, 0x0579), (0x054A, 0x054A, 0x057A), (0x054B, 0x054B, 0x057B), (0x054C, 0x054C, 0x057C),
    (0x054D, 0x054D, 0x057D), (0x054E, 0x054E, 0x057E), (0x054F, 0x054F, 0x057F), (0x0550, 0x0550, 0x0580),
    (0x0551, 0x0551, 0x0581), (0x0552, 0x0552, 0x0582), (0x0553, 0x0553, 0x0583), (0x0554, 0x0554, 0x0584),
    (0x0555, 0x0555, 0x0585), (0x0556, 0x0556, 0x0586), (0x0561, 0x0531, 0x0561), (0x0562, 0x0532, 0x0562),
    (0x0563, 0x0533, 0x0563), (0x0564, 0x0534, 0x0564), (0x0565, 0x0535, 0x0565), (0x0566, 0x0536, 0x0566),
    (0x0567, 0x0537, 0x0567), (0x0568, 0x0538, 0x0568), (0x0569, 0x0539, 0x0569), (0x056A, 0x053A, 0x056A),
    (0x056B, 0x053B, 0x056B), (0x056C, 0x053C, 0x056C), (0x056D, 0x053D, 0x056D), (0x056E, 0x053E, 0x056E),
    (0x056F, 0x053F, 0x056F), (0x0570, 0x0540, 0x0570), (0x0571, 0x0541, 0x0571), (0x0572, 0x0542, 0x0572),
    (0x0573, 0x0543, 0x0573), (0x0574, 0x0544, 0x0574), (0x0575, 0x0545, 0x0575), (0x0576, 0x0546, 0x0576),
    (0x0577, 0x0547, 0x0577), (0x0578, 0x0548, 0x0578), (0x0579, 0x0549, 0x0579), (0x057A, 0x054A, 0x057A),
    (0x057B, 0x054B, 0x057B), (0x057C, 0x054C, 0x057C), (0x057D, 0x054D, 0x057D), (0x057E, 0x054E, 0x057E),
    (0x057F, 0x054F, 0x057F), (0x0580, 0x0550, 0x0580), (0x0581, 0x0551, 0x0581), (0x0582, 0x0552, 0x0582),
    (0x0583, 0x0553, 0x0583), (0x0584, 0x0554, 0x0584), (0x0585, 0x0555, 0x0585), (0x0586, 0x0556, 0x0586),
    (0x10A0, 0x10A0, 0x2D00), (0x10A1, 0x10A1, 0x2D01), (0x10A2, 0x10A2, 0x2D02), (0x10A3, 0x10A3, 0x2D03),
    (0x10A4, 0x10A4, 0x2D04), (0x10A5, 0x10A5, 0x2D05), (0x10A6, 0x10A6, 0x2D06), (0x10A7, 0x10A7, 0x2D07),
    (0x10A8, 0x10A8, 0x2D08), (0x10A9, 0x10A9, 0x2D09), (0x10AA, 0x10AA, 0x2D0A), (0x10AB, 0x10AB, 0x2D0B),
    (0x10AC, 0x10AC, 0x2D0C), (0x10AD, 0x10AD, 0x2D0D), (0x10AE, 0x10AE, 0x2D0E), (0x10AF, 0x10AF, 0x2D0F),
    (0x10B0, 0x10B0, 0x2D10), (0x10B1, 0x10B1, 0x2D11), (0x10B2, 0x10B2, 0x2D12), (0x10B3, 0x10B3, 0x2D13),
    (0x10B4, 0x10B4, 0x2D14), (0x10B5, 0x10B5, 0x2D15), (0x10B6, 0x10B6, 0x2D16), (0x10B7, 0x10B7, 0x2D17),
    (0x10B8, 0x10B8, 0x2D18), (0x10B9, 0x10B9, 0x2D19), (0x10BA, 0x10BA, 0x2D1A), (0x10BB, 0x10BB, 0x2D1B),
    (0x10BC, 0x10BC, 0x2D1C), (0x10BD, 0x10BD, 0x2D1D), (0x10BE, 0x10BE, 0x2D1E), (0x10BF, 0x10BF, 0x2D1F),
    (0x10C0, 0x10C0, 0x2D20), (0x10C1, 0x10C1, 0x2D21), (0x10C2, 0x10C2, 0x2D22), (0x10C3, 0x10C3, 0x2D23),
    (0x10C4, 0x10C4, 0x2D24), (0x10C5, 0x10C5, 0x2D25), (0x10C7, 0x10C7, 0x2D27), (0x10CD, 0x10CD, 0x2D2D),
    (0x10D0, 0x1C90, 0x10D0), (0x10D1, 0x1C91, 0x10D1), (0x10D2, 0x1C92, 0x10D2), (0x10D3, 0x1C93, 0x10D3),
    (0x10D4, 0x1C94, 0x10D4), (0x10D5, 0x1C95, 0x10D5), (0x10D6, 0x1C96, 0x10D6), (0x10D7, 0x1C97, 0x10D7),
    (0x10D8, 0x1C98, 0x10D8), (0x10D9, 0x1C99, 0x10D9), (0x10DA, 0x1C9A, 0x10DA), (0x10DB, 0x1C9B, 0x10DB),
    (0x10DC, 0x1C9C, 0x10DC), (0x10DD, 0x1C9D, 0x10DD), (0x10DE, 0x1C9E, 0x10DE), (0x10DF, 0x1C9F, 0x10DF),
    (0x10E0, 0x1CA0, 0x10E0), (0x10E1, 0x1CA1, 0x10E1), (0x10E2, 0x1CA2, 0x10E2), (0x10E3, 0x1CA3, 0x10E3),
    (0x10E4, 0x1CA4, 0x10E4), (0x10E5, 0x1CA5, 0x10E5), (0x10E6, 0x1CA6, 0x10E6), (0x10E7, 0x1CA7, 0x10E7),
    (0x10E8, 0x1CA8, 0x10E8), (0x10E9, 0x1CA9, 0x10E9), (0x10EA, 0x1CAA, 0x10EA), (0x10EB, 0x1CAB, 0x10EB),
    (0x10EC, 0x1CAC, 0x10EC), (0x10ED, 0x1CAD, 0x10ED), (0x10EE, 0x1CAE, 0x10EE), (0x10EF, 0x1CAF, 0x10EF),
    (0x10F0, 0x1CB0, 0x10F0), (0x10F1, 0x1CB1, 0x10F1), (0x10F2, 0x1CB2, 0x10F2), (0x10F3, 0x1CB3, 0x10F3),
    (0x10F4, 0x1CB4, 0x10F4), (0x10F5, 0x1CB5, 0x10F5), (0x10F6, 0x1CB6, 0x10F6), (0x10F7, 0x1CB7, 0x10F7),
    (0x10F8, 0x1CB8, 0x10F8), (0x10F9, 0x1CB9, 0x10F9), (0x10FA, 0x1CBA, 0x10FA), (0x10FD, 0x1CBD, 0x10FD),
    (0x10FE, 0x1CBE, 0x10FE), (0x10FF, 0x1CBF, 0x10FF), (0x13A0, 0x13A0, 0xAB70), (0x13A1, 0x13A1, 0xAB71),
    (0x13A2, 0x13A2, 0xAB72), (0x13A3, 0x13A3, 0xAB73), (0x13A4, 0x13A4, 0xAB74), (0x13A5, 0x13A5, 0xAB75),
    (0x13A6, 0x13A6, 0xAB76), (0x13A7, 0x13A7, 0xAB77), (0x13A8, 0x13A8, 0xAB78), (0x13A9, 0x13A9, 0xAB79),
    (0x13AA, 0x13AA, 0xAB7A), (0x13AB, 0x13AB, 0xAB7B), (0x13AC, 0x13AC, 0xAB7C), (0x13AD, 0x13AD, 0xAB7D),
    (0x13AE, 0x13AE, 0xAB7E), (0x13AF, 0x13AF, 0xAB7F), (0x13B0, 0x13B0, 0xAB80), (0x13B1, 0x13B1, 0xAB81),
    (0x13B2, 0x13B2, 0xAB82), (0x13B3, 0x13B3, 0xAB83), (0x13B4, 0x13B4, 0xAB84), (0x13B5, 0x13B5, 0xAB85),
    (0x13B6, 0x13B6, 0xAB86), (0x13B7, 0x13B7, 0xAB87), (0x13B8, 0x13B8, 0xAB88), (0x13B9, 0x13B9, 0xAB89),
    (0x13BA, 0x13BA, 0xAB8A), (0x13BB, 0x13BB, 0xAB8B), (0x13BC, 0x13BC, 0xAB8C), (0x13BD, 0x13BD, 0xAB8D),
    (0x13BE, 0x13BE, 0xAB8E), (0x13BF, 0x13BF, 0xAB8F), (0x13C0, 0x13C0, 0xAB90), (0x13C1, 0x13C1, 0xAB91),
    (0x13C2, 0x13C2, 0xAB92), (0x13C3, 0x13C3, 0xAB93), (0x13C4, 0x13C4, 0xAB94), (0x13C5, 0x13C5, 0xAB95),
    (0x13C6, 0x13C6, 0xAB96), (0x13C7, 0x13C7, 0xAB97), (0x13C8, 0x13C8, 0xAB98), (0x13C9, 0x13C9, 0xAB99),
    (0x13CA, 0x13CA, 0xAB9A), (0x13CB, 0x13CB, 0xAB9B), (0x13CC, 0x13CC, 0xAB9C), (0x13CD, 0x13CD, 0xAB9D),
    (0x13CE, 0x13CE, 0xAB9E), (0x13CF, 0x13CF, 0xAB9F), (0x13D0, 0x13D0, 0xABA0), (0x13D1, 0x13D1, 0xABA1),
    (0x13D2, 0x13D2, 0xABA2), (0x13D3, 0x13D3, 0xABA3), (0x13D4, 0x13D4, 0xABA4), (0x13D5, 0x13D5, 0xABA5),
    (0x13D6, 0x13D6, 0xABA6), (0x13D7, 0x13D7, 0xABA7), (0x13D8, 0x13D8, 0xABA8), (0x13D9, 0x13D9, 0xABA9),
    (0x13DA, 0x13DA, 0xABAA), (0x13DB, 0x13DB, 0xABAB), (0x13DC, 0x13DC, 0xABAC), (0x13DD, 0x13DD, 0xABAD),
    (0x13DE, 0x13DE, 0xABAE), (0x13DF, 0x13DF, 0xABAF), (0x13E0, 0x13E0, 0xABB0), (0x13E1, 0x13E1, 0xABB1),
    (0x13E2, 0x13E2, 0xABB2), (0x13E3, 0x13E3, 0xABB3), (0x13E4, 0x13E4, 0xABB4), (0x13E5, 0x13E5, 0xABB5),
    (0x13E6, 0x13E6, 0xABB6), (0x13E7, 0x13E7, 0xABB7), (0x13E8, 0x13E8, 0xABB8), (0x13E9, 0x13E9, 0xABB9),
    (0x13EA, 0x13EA, 0xABBA), (0x13EB, 0x13EB, 0xABBB), (0x13EC, 0x13EC, 0xABBC), (0x13ED, 0x13ED, 0xABBD),
    (0x13EE, 0x13EE, 0xABBE), (0x13EF, 0x13EF, 0xABBF), (0x13F0, 0x13F0, 0x13F8), (0x13F1, 0x13F1, 0x13F9),
    (0x13F2, 0x13F2, 0x13FA), (0x13F3, 0x13F3, 0x13FB), (0x13F4, 0x13F4, 0x13FC), (0x13F5, 0x13F5, 0x13FD),
    (0x13F8, 0x13F0, 0x13F8), (0x13F9, 0x13F1, 0x13F9), (0x13FA, 0x13F2, 0x13FA), (0x13FB, 0x13F3, 0x13FB),
    (0x13FC, 0x13F4, 0x13FC), (0x13FD, 0x13F5, 0x13FD), (0x1C80, 0x0412, 0x1C80), (0x1C81, 0x0414, 0x1C81),
    (0x1C82, 0x041E, 0x1C82), (0x1C83, 0x0421, 0x1C83), (0x1C84, 0x0422, 0x1C84), (0x1C85, 0x0422, 0x1C85),
    (0x1C86, 0x042A, 0x1C86), (0x1C87, 0x0462, 0x1C87), (0x1C88, 0xA64A, 0x1C88), (0x1C90, 0x1C90, 0x10D0),
    (0x1C91, 0x1C91, 0x10D1), (0x1C92, 0x1C92, 0x10D2), (0x1C93, 0x1C93, 0x10D3), (0x1C94, 0x1C94, 0x10D4),
    (0x1C95, 0x1C95, 0x10D5), (0x1C96, 0x1C96, 0x10D6), (0x1C97, 0x1C97, 0x10D7), (0x1C98, 0x1C98, 0x10D8),
    (0x1C99, 0x1C99, 0x10D9), (0x1C9A, 0x1C9A, 0x10DA), (0x1C9B, 0x1C9B, 0x10DB), (0x1C9C, 0x1C9C, 0x10DC),
    (0x1C9D, 0x1C9D, 0x10DD), (0x1C9E, 0x1C9E, 0x10DE), (0x1C9F, 0x1C9F, 0x10DF), (0x1CA0, 0x1CA0, 0x10E0),
    (0x1CA1, 0x1CA1, 0x10E1), (0x1CA2, 0x1CA2, 0x10E2), (0x1CA3, 0x1CA3, 0x10E3), (0x1CA4, 0x1CA4, 0x10E4),
    (0x1CA5, 0x1CA5, 0x10E5), (0x1CA6, 0x1CA6, 0x10E6), (0x1CA7, 0x1CA7, 0x10E7), (0x1CA8, 0x1CA8, 0x10E8),
    (0x1CA9, 0x1CA9, 0x10E9), (0x1CAA, 0x1CAA, 0x10EA), (0x1CAB, 0x1CAB, 0x10EB), (0x1CAC, 0x1CAC, 0x10EC),
    (0x1CAD, 0x1CAD, 0x10ED), (0x1CAE, 0x1CAE, 0x10EE), (0x1CAF, 0x1CAF, 0x10EF), (0x1CB0, 0x1CB0, 0x10F0),
    (0x1CB1, 0x1CB1, 0x10F1), (0x1CB2, 0x1CB2, 0x10F2), (0x1CB3, 0x1CB3, 0x10F3), (0x1CB4, 0x1CB4, 0x10F4),
    (0x1CB5, 0x1CB5, 0x10F5), (0x1CB6, 0x1CB6, 0x10F6), (0x1CB7, 0x1CB7, 0x10F7), (0x1CB8, 0x1CB8, 0x10F8),
    (0x1CB9, 0x1CB9, 0x10F9), (0x1CBA, 0x1CBA, 0x10FA), (0x1CBD, 0x1CBD, 0x10FD), (0x1CBE, 0x1CBE, 0x10FE),
    (0x1CBF, 0x1CBF, 0x10FF), (0x1D79, 0xA77D, 0x1D79), (0x1D7D, 0x2C63, 0x1D7D), (0x1D8E, 0xA7C6, 0x1D8E),
    (0x1E00, 0x1E00, 0x1E01), (0x1E01, 0x1E00, 0x1E01), (0x1E02, 0x1E02, 0x1E03), (0x1E03, 0x1E02, 0x1E03),
    (0x1E04, 0x1E04, 0x1E05), (0x1E05, 0x1E04, 0x1E05), (0x1E06, 0x1E06, 0x1E07), (0x1E07, 0x1E06, 0x1E07),
    (0x1E08, 0x1E08, 0x1E09), (0x1E09, 0x1E08, 0x1E09), (0x1E0A, 0x1E0A, 0x1E0B), (0x1E0B, 0x1E0A, 0x1E0B),
    (0x1E0C, 0x1E0C, 0x1E0D), (0x1E0D, 0x1E0C, 0x1E0D), (0x1E0E, 0x1E0E, 0x1E0F), (0x1E0F, 0x1E0E, 0x1E0F),
    (0x1E10, 0x1E10, 0x1E11), (0x1E11, 0x1E10, 0x1E11), (0x1E12, 0x1E12, 0x1E13), (0x1E13, 0x1E12, 0x1E13),
    (0x1E14, 0x1E14, 0x1E15), (0x1E15, 0x1E14, 0x1E15), (0x1E16, 0x1E16, 0x1E17), (0x1E17, 0x1E16, 0x1E17),
    (0x1E18, 0x1E18, 0x1E19), (0x1E19, 0x1E18, 0x1E19), (0x1E1A, 0x1E1A, 0x1E1B), (0x1E1B, 0x1E1A, 0x1E1B),
    (0x1E1C, 0x1E1C, 0x1E1D), (0x1E1D, 0x1E1C, 0x1E1D), (0x1E1E, 0x1E1E, 0x1E1F), (0x1E1F, 0x1E1E, 0x1E1F),
    (0x1E20, 0x1E20, 0x1E21), (0x1E21, 0x1E20, 0x1E21), (0x1E22, 0x1E22, 0x1E23), (0x1E23, 0x1E22, 0x1E23),
    (0x1E24, 0x1E24, 0x1E25), (0x1E25, 0x1E24, 0x1E25), (0x1E26, 0x1E26, 0x1E27), (0x1E27, 0x1E26, 0x1E27),
    (0x1E28, 0x1E28, 0x1E29), (0x1E29, 0x1E28, 0x1E29), (0x1E2A, 0x1E2A, 0x1E2B), (0x1E2B, 0x1E2A, 0x1E2B),
    (0x1E2C, 0x1E2C, 0x1E2D), (0x1E2D, 0x1E2C, 0x1E2D), (0x1E2E, 0x1E2E, 0x1E2F), (0x1E2F, 0x1E2E, 0x1E2F),
    (0x1E30, 0x1E30, 0x1E31), (0x1E31, 0x1E30, 0x1E31), (0x1E32, 0x1E32, 0x1E33), (0x1E33, 0x1E32, 0x1E33),
    (0x1E34, 0x1E34, 0x1E35), (0x1E35, 0x1E34, 0x1E35), (0x1E36, 0x1E36, 0x1E37), (0x1E37, 0x1E36, 0x1E37),
    (0x1E38, 0x1E38, 0x1E39), (0x1E39, 0x1E38, 0x1E39), (0x1E3A, 0x1E3A, 0x1E3B), (0x1E3B, 0x1E3A, 0x1E3B),
    (0x1E3C, 0x1E3C, 0x1E3D), (0x1E3D, 0x1E3C, 0x1E3D), (0x1E3E, 0x1E3E, 0x1E3F), (0x1E3F, 0x1E3E, 0x1E3F),
    (0x1E40, 0x1E40, 0x1E41), (0x1E41, 0x1E40, 0x1E41), (0x1E42, 0x1E42, 0x1E43), (0x1E43, 0x1E42, 0x1E43),
    (0x1E44, 0x1E44, 0x1E45), (0x1E45, 0x1E44, 0x1E45), (0x1E46, 0x1E46, 0x1E47), (0x1E47, 0x1E46, 0x1E47),
    (0x1E48, 0x1E48, 0x1E49), (0x1E49, 0x1E48, 0x1E49), (0x1E4A, 0x1E4A, 0x1E4B), (0x1E4B, 0x1E4A, 0x1E4B),
    (0x1E4C, 0x1E4C, 0x1E4D), (0x1E4D, 0x1E4C, 0x1E4D), (0x1E4E, 0x1E4E, 0x1E4F), (0x1E4F, 0x1E4E, 0x1E4F),
    (0x1E50, 0x1E50, 0x1E51), (0x1E51, 0x1E50, 0x1E51), (0x1E52, 0x1E52, 0x1E53), (0x1E53, 0x1E52, 0x1E53),
    (0x1E54, 0x1E54, 0x1E55), (0x1E55, 0x1E54, 0x1E55), (0x1E56, 0x1E56, 0x1E57), (0x1E57, 0x1E56, 0x1E57),
    (0x1E58, 0x1E58, 0x1E59), (0x1E59, 0x1E58, 0x1E59), (0x1E5A, 0x1E5A, 0x1E5B), (0x1E5B, 0x1E5A, 0x1E5B),
    (0x1E5C, 0x1E5C, 0x1E5D), (0x1E5D, 0x1E5C, 0x1E5D), (0x1E5E, 0x1E5E, 0x1E5F), (0x1E5F, 0x1E5E, 0x1E5F),
    (0x1E60, 0x1E60, 0x1E61), (0x1E61, 0x1E60, 0x1E61), (0x1E62, 0x1E62, 0x1E63), (0x1E63, 0x1E62, 0x1E63),
    (0x1E64, 0x1E64, 0x1E65), (0x1E65, 0x1E64, 0x1E65), (0x1E66, 0x1E66, 0x1E67), (0x1E67, 0x1E66, 0x1E67),
    (0x1E68, 0x1E68, 0x1E69), (0x1E69, 0x1E68, 0x1E69), (0x1E6A, 0x1E6A, 0x1E6B), (0x1E6B, 0x1E6A, 0x1E6B),
    (0x1E6C, 0x1E6C, 0x1E6D), (0x1E6D, 0x1E6C, 0x1E6D), (0x1E6E, 0x1E6E, 0x1E6F), (0x1E6F, 0x1E6E, 0x1E6F),
    (0x1E70, 0x1E70, 0x1E71), (0x1E71, 0x1E70, 0x1E71), (0x1E72, 0x1E72, 0x1E73), (0x1E73, 0x1E72, 0x1E73),
    (0x1E74, 0x1E74, 0x1E75), (0x1E75, 0x1E74, 0x1E75), (0x1E76, 0x1E76, 0x1E77), (0x1E77, 0x1E76, 0x1E77),
    (0x1E78, 0x1E78, 0x1E79), (0x1E79, 0x1E78, 0x1E79), (0x1E7A, 0x1E7A, 0x1E7B), (0x1E7B, 0x1E7A, 0x1E7B),
    (0x1E7C, 0x1E7C, 0x1E7D), (0x1E7D, 0x1E7C, 0x1E7D), (0x1E7E, 0x1E7E, 0x1E7F), (0x1E7F, 0x1E7E, 0x1E7F),
    (0x1E80, 0x1E80, 0x1E81), (0x1E81, 0x1E80, 0x1E81), (0x1E82, 0x1E82, 0x1E83), (0x1E83, 0x1E82, 0x1E83),
    (0x1E84, 0x1E84, 0x1E85), (0x1E85, 0x1E84, 0x1E85), (0x1E86, 0x1E86, 0x1E87), (0x1E87, 0x1E86, 0x1E87),
    (0x1E88, 0x1E88, 0x1E89), (0x1E89, 0x1E88, 0x1E89), (0x1E8A, 0x1E8A, 0x1E8B), (0x1E8B, 0x1E8A, 0x1E8B),
    (0x1E8C, 0x1E8C, 0x1E8D), (0x1E8D, 0x1E8C, 0x1E8D), (0x1E8E, 0x1E8E, 0x1E8F), (0x1E8F, 0x1E8E, 0x1E8F),
    (0x1E90, 0x1E90, 0x1E91), (0x1E91, 0x1E90, 0x1E91), (0x1E92, 0x1E92, 0x1E93), (0x1E93, 0x1E92, 0x1E93),
    (0x1E94, 0x1E94, 0x1E95), (0x1E95, 0x1E94, 0x1E95), (0x1E9B, 0x1E60, 0x1E9B), (0x1E9E, 0x1E9E, 0x00DF),
    (0x1EA0, 0x1EA0, 0x1EA1), (0x1EA1, 0x1EA0, 0x1EA1), (0x1EA2, 0x1EA2, 0x1EA3), (0x1EA3, 0x1EA2, 0x1EA3),
    (0x1EA4, 0x1EA4, 0x1EA5), (0x1EA5, 0x1EA4, 0x1EA5), (0x1EA6, 0x1EA6, 0x1EA7), (0x1EA7, 0x1EA6, 0x1EA7),
    (0x1EA8, 0x1EA8, 0x1EA9), (0x1EA9, 0x1EA8, 0x1EA9), (0x1EAA, 0x1EAA, 0x1EAB), (0x1EAB, 0x1EAA, 0x1EAB),
    (0x1EAC, 0x1EAC, 0x1EAD), (0x1EAD, 0x1EAC, 0x1EAD), (0x1EAE, 0x1EAE, 0x1EAF), (0x1EAF, 0x1EAE, 0x1EAF),
    (0x1EB0, 0x1EB0, 0x1EB1), (0x1EB1, 0x1EB0, 0x1EB1), (0x1EB2, 0x1EB2, 0x1EB3), (0x1EB3, 0x1EB2, 0x1EB3),
    (0x1EB4, 0x1EB4, 0x1EB5), (0x1EB5, 0x1EB4, 0x1EB5), (0x1EB6, 0x1EB6, 0x1EB7), (0x1EB7, 0x1EB6, 0x1EB7),
    (0x1EB8, 0x1EB8, 0x1EB9), (0x1EB9, 0x1EB8, 0x1EB9), (0x1EBA, 0x1EBA, 0x1EBB), (0x1EBB, 0x1EBA, 0x1EBB),
    (0x1EBC, 0x1EBC, 0x1EBD), (0x1EBD, 0x1EBC, 0x1EBD), (0x1EBE, 0x1EBE, 0x1EBF), (0x1EBF, 0x1EBE, 0x1EBF),
    (0x1EC0, 0x1EC0, 0x1EC1), (0x1EC1, 0x1EC0, 0x1EC1), (0x1EC2, 0x1EC2, 0x1EC3), (0x1EC3, 0x1EC2, 0x1EC3),
    (0x1EC4, 0x1EC4, 0x1EC5), (0x1EC5, 0x1EC4, 0x1EC5), (0x1EC6, 0x1EC6, 0x1EC7), (0x1EC7, 0x1EC6, 0x1EC7),
    (0x1EC8, 0x1EC8, 0x1EC9), (0x1EC9, 0x1EC8, 0x1EC9), (0x1ECA, 0x1ECA, 0x1ECB), (0x1ECB, 0x1ECA, 0x1ECB),
    (0x1ECC, 0x1ECC, 0x1ECD), (0x1ECD, 0x1ECC, 0x1ECD), (0x1ECE, 0x1ECE, 0x1ECF), (0x1ECF, 0x1ECE, 0x1ECF),
    (0x1ED0, 0x1ED0, 0x1ED1), (0x1ED1, 0x1ED0, 0x1ED1), (0x1ED2, 0x1ED2, 0x1ED3), (0x1ED3, 0x1ED2, 0x1ED3),
    (0x1ED4, 0x1ED4, 0x1ED5), (0x1ED5, 0x1ED4, 0x1ED5), (0x1ED6, 0x1ED6, 0x1ED7), (0x1ED7, 0x1ED6, 0x1ED7),
    (0x1ED8, 0x1ED8, 0x1ED9), (0x1ED9, 0x1ED8, 0x1ED9), (0x1EDA, 0x1EDA, 0x1EDB), (0x1EDB, 0x1EDA, 0x1EDB),
    (0x1EDC, 0x1EDC, 0x1EDD), (0x1EDD, 0x1EDC, 0x1EDD), (0x1EDE, 0x1EDE, 0x1EDF), (0x1EDF, 0x1EDE, 0x1EDF),
    (0x1EE0, 0x1EE0, 0x1EE1), (0x1EE1, 0x1EE0, 0x1EE1), (0x1EE2, 0x1EE2, 0x1EE3), (0x1EE3, 0x1EE2, 0x1EE3),
    (0x1EE4, 0x1EE4, 0x1EE5), (0x1EE5, 0x1EE4, 0x1EE5), (0x1EE6, 0x1EE6, 0x1EE7), (0x1EE7, 0x1EE6, 0x1EE7),
    (0x1EE8, 0x1EE8, 0x1EE9), (0x1EE9, 0x1EE8, 0x1EE9), (0x1EEA, 0x1EEA, 0x1EEB), (0x1EEB, 0x1EEA, 0x1EEB),
    (0x1EEC, 0x1EEC, 0x1EED), (0x1EED, 0x1EEC, 0x1EED), (0x1EEE, 0x1EEE, 0x1EEF), (0x1EEF, 0x1EEE, 0x1EEF),
    (0x1EF0, 0x1EF0, 0x1EF1), (0x1EF1, 0x1EF0, 0x1EF1), (0x1EF2, 0x1EF2, 0x1EF3), (0x1EF3, 0x1EF2, 0x1EF3),
    (0x1EF4, 0x1EF4, 0x1EF5), (0x1EF5, 0x1EF4, 0x1EF5), (0x1EF6, 0x1EF6, 0x1EF7), (0x1EF7, 0x1EF6, 0x1EF7),
    (0x1EF8, 0x1EF8, 0x1EF9), (0x1EF9, 0x1EF8, 0x1EF9), (0x1EFA, 0x1EFA, 0x1EFB), (0x1EFB, 0x1EFA, 0x1EFB),
    (0x1EFC, 0x1EFC, 0x1EFD), (0x1EFD, 0x1EFC, 0x1EFD), (0x1EFE, 0x1EFE, 0x1EFF), (0x1EFF, 0x1EFE, 0x1EFF),
    (0x1F00, 0x1F08, 0x1F00), (0x1F01, 0x1F09, 0x1F01), (0x1F02, 0x1F0A, 0x1F02), (0x1F03, 0x1F0B, 0x1F03),
    (0x1F04, 0x1F0C, 0x1F04), (0x1F05, 0x1F0D, 0x1F05), (0x1F06, 0x1F0E, 0x1F06), (0x1F07, 0x1F0F, 0x1F07),
    (0x1F08, 0x1F08, 0x1F00), (0x1F09, 0x1F09, 0x1F01), (0x1F0A, 0x1F0A, 0x1F02), (0x1F0B, 0x1F0B, 0x1F03),
    (0x1F0C, 0x1F0C, 0x1F04), (0x1F0D, 0x1F0D, 0x1F05), (0x1F0E, 0x1F0E, 0x1F06), (0x1F0F, 0x1F0F, 0x1F07),
    (0x1F10, 0x1F18, 0x1F10), (0x1F11, 0x1F19, 0x1F11), (0x1F12, 0x1F1A, 0x1F12), (0x1F13, 0x1F1B, 0x1F13),
    (0x1F14, 0x1F1C, 0x1F14), (0x1F15, 0x1F1D, 0x1F15), (0x1F18, 0x1F18, 0x1F10), (0x1F19, 0x1F19, 0x1F11),
    (0x1F1A, 0x1F1A, 0x1F12), (0x1F1B, 0x1F1B, 0x1F13), (0x1F1C, 0x1F1C, 0x1F14), (0x1F1D, 0x1F1D, 0x1F15),
    (0x1F20, 0x1F28, 0x1F20), (0x1F21, 0x1F29, 0x1F21), (0x1F22, 0x1F2A, 0x1F22), (0x1F23, 0x1F2B, 0x1F23),
    (0x1F24, 0x1F2C, 0x1F24), (0x1F25, 0x1F2D, 0x1F25), (0x1F26, 0x1F2E, 0x1F26), (0x1F27, 0x1F2F, 0x1F27),
    (0x1F28, 0x1F28, 0x1F20), (0x1F29, 0x1F29, 0x1F21), (0x1F2A, 0x1F2A, 0x1F22), (0x1F2B, 0x1F2B, 0x1F23),
    (0x1F2C, 0x1F2C, 0x1F24), (0x1F2D, 0x1F2D, 0x1F25), (0x1F2E, 0x1F2E, 0x1F26), (0x1F2F, 0x1F2F, 0x1F27),
    (0x1F30, 0x1F38, 0x1F30), (0x1F31, 0x1F39, 0x1F31), (0x1F32, 0x1F3A, 0x1F32), (0x1F33, 0x1F3B, 0x1F33),
    (0x1F34, 0x1F3C, 0x1F34), (0x1F35, 0x1F3D, 0x1F35), (0x1F36, 0x1F3E, 0x1F36), (0x1F37, 0x1F3F, 0x1F37),
    (0x1F38, 0x1F38, 0x1F30), (0x1F39, 0x1F39, 0x1F31), (0x1F3A, 0x1F3A, 0x1F32), (0x1F3B, 0x1F3B, 0x1F33),
    (0x1F3C, 0x1F3C, 0x1F34), (0x1F3D, 0x1F3D, 0x1F35), (0x1F3E, 0x1F3E, 0x1F36), (0x1F3F, 0x1F3F, 0x1F37),
    (0x1F40, 0x1F48, 0x1F40), (0x1F41, 0x1F49, 0x1F41), (0x1F42, 0x1F4A, 0x1F42), (0x1F43, 0x1F4B, 0x1F43),
    (0x1F44, 0x1F4C, 0x1F44), (0x1F45, 0x1F4D, 0x1F45), (0x1F48, 0x1F48, 0x1F40), (0x1F49, 0x1F49, 0x1F41),
    (0x1F4A, 0x1F4A, 0x1F42), (0x1F4B, 0x1F4B, 0x1F43), (0x1F4C, 0x1F4C, 0x1F44), (0x1F4D, 0x1F4D, 0x1F45),
    (0x1F51, 0x1F59, 0x1F51), (0x1F53, 0x1F5B, 0x1F53), (0x1F55, 0x1F5D, 0x1F55), (0x1F57, 0x1F5F, 0x1F57),
    (0x1F59, 0x1F59, 0x1F51), (0x1F5B, 0x1F5B, 0x1F53), (0x1F5D, 0x1F5D, 0x1F55), (0x1F5F, 0x1F5F, 0x1F57),
    (0x1F60, 0x1F68, 0x1F60), (0x1F61, 0x1F69, 0x1F61), (0x1F62, 0x1F6A, 0x1F62), (0x1F63, 0x1F6B, 0x1F63),
    (0x1F64, 0x1F6C, 0x1F64), (0x1F65, 0x1F6D, 0x1F65), (0x1F66, 0x1F6E, 0x1F66), (0x1F67, 0x1F6F, 0x1F67),
    (0x1F68, 0x1F68, 0x1F60), (0x1F69, 0x1F69, 0x1F61), (0x1F6A, 0x1F6A, 0x1F62), (0x1F6B, 0x1F6B, 0x1F63),
    (0x1F6C, 0x1F6C, 0x1F64), (0x1F6D, 0x1F6D, 0x1F65), (0x1F6E, 0x1F6E, 0x1F66), (0x1F6F, 0x1F6F, 0x1F67),
    (0x1F70, 0x1FBA, 0x1F70), (0x1F71, 0x1FBB, 0x1F71), (0x1F72, 0x1FC8, 0x1F72), (0x1F73, 0x1FC9, 0x1F73),
    (0x1F74, 0x1FCA, 0x1F74), (0x1F75, 0x1FCB, 0x1F75), (0x1F76, 0x1FDA, 0x1F76), (0x1F77, 0x1FDB, 0x1F77),
    (0x1F78, 0x1FF8, 0x1F78), (0x1F79, 0x1FF9, 0x1F79), (0x1F7A, 0x1FEA, 0x1F7A), (0x1F7B, 0x1FEB, 0x1F7B),
    (0x1F7C, 0x1FFA, 0x1F7C), (0x1F7D, 0x1FFB, 0x1F7D), (0x1F80, 0x1F88, 0x1F80), (0x1F81, 0x1F89, 0x1F81),
    (0x1F82, 0x1F8A, 0x1F82), (0x1F83, 0x1F8B, 0x1F83), (0x1F84, 0x1F8C, 0x1F84), (0x1F85, 0x1F8D, 0x1F85),
    (0x1F86, 0x1F8E, 0x1F86), (0x1F87, 0x1F8F, 0x1F87), (0x1F88, 0x1F88, 0x1F80), (0x1F89, 0x1F89, 0x1F81),
    (0x1F8A, 0x1F8A, 0x1F82), (0x1F8B, 0x1F8B, 0x1F83), (0x1F8C, 0x1F8C, 0x1F84), (0x1F8D, 0x1F8D, 0x1F85),
    (0x1F8E, 0x1F8E, 0x1F86), (0x1F8F, 0x1F8F, 0x1F87), (0x1F90, 0x1F98, 0x1F90), (0x1F91, 0x1F99, 0x1F91),
    (0x1F92, 0x1F9A, 0x1F92), (0x1F93, 0x1F9B, 0x1F93), (0x1F94, 0x1F9C, 0x1F94), (0x1F95, 0x1F9D, 0x1F95),
    (0x1F96, 0x1F9E, 0x1F96), (0x1F97, 0x1F9F, 0x1F97), (0x1F98, 0x1F98, 0x1F90), (0x1F99, 0x1F99, 0x1F91),
    (0x1F9A, 0x1F9A, 0x1F92), (0x1F9B, 0x1F9B, 0x1F93), (0x1F9C, 0x1F9C, 0x1F94), (0x1F9D, 0x1F9D, 0x1F95),
    (0x1F9E, 0x1F9E, 0x1F96), (0x1F9F, 0x1F9F, 0x1F97), (0x1FA0, 0x1FA8, 0x1FA0), (0x1FA1, 0x1FA9, 0x1FA1),
    (0x1FA2, 0x1FAA, 0x1FA2), (0x1FA3, 0x1FAB, 0x1FA3), (0x1FA4, 0x1FAC, 0x1FA4), (0x1FA5, 0x1FAD, 0x1FA5),
    (0x1FA6, 0x1FAE, 0x1FA6), (0x1FA7, 0x1FAF, 0x1FA7), (0x1FA8, 0x1FA8, 0x1FA0), (0x1FA9, 0x1FA9, 0x1FA1),
    (0x1FAA, 0x1FAA, 0x1FA2), (0x1FAB, 0x1FAB, 0x1FA3), (0x1FAC, 0x1FAC, 0x1FA4), (0x1FAD, 0x1FAD, 0x1FA5),
    (0x1FAE, 0x1FAE, 0x1FA6), (0x1FAF, 0x1FAF, 0x1FA7), (0x1FB0, 0x1FB8, 0x1FB0), (0x1FB1, 0x1FB9, 0x1FB1),
    (0x1FB3, 0x1FBC, 0x1FB3), (0x1FB8, 0x1FB8, 0x1FB0), (0x1FB9, 0x1FB9, 0x1FB1), (0x1FBA, 0x1FBA, 0x1F70),
    (0x1FBB, 0x1FBB, 0x1F71), (0x1FBC, 0x1FBC, 0x1FB3), (0x1FBE, 0x0399, 0x1FBE), (0x1FC3, 0x1FCC, 0x1FC3),
    (0x1FC8, 0x1FC8, 0x1F72), (0x1FC9, 0x1FC9, 0x1F73), (0x1FCA, 0x1FCA, 0x1F74), (0x1FCB, 0x1FCB, 0x1F75),
    (0x1FCC, 0x1FCC, 0x1FC3), (0x1FD0, 0x1FD8, 0x1FD0), (0x1FD1, 0x1FD9, 0x1FD1), (0x1FD8, 0x1FD8, 0x1FD0),
    (0x1FD9, 0x1FD9, 0x1FD1), (0x1FDA, 0x1FDA, 0x1F76), (0x1FDB, 0x1FDB, 0x1F77), (0x1FE0, 0x1FE8, 0x1FE0),
    (0x1FE1, 0x1FE9, 0x1FE1), (0x1FE5, 0x1FEC, 0x1FE5), (0x1FE8, 0x1FE8, 0x1FE0), (0x1FE9, 0x1FE9, 0x1FE1),
    (0x1FEA, 0x1FEA, 0x1F7A), (0x1FEB, 0x1FEB, 0x1F7B), (0x1FEC, 0x1FEC, 0x1FE5), (0x1FF3, 0x1FFC, 0x1FF3),
    (0x1FF8, 0x1FF8, 0x1F78), (0x1FF9, 0x1FF9, 0x1F79), (0x1FFA, 0x1FFA, 0x1F7C), (0x1FFB, 0x1FFB, 0x1F7D),
    (0x1FFC, 0x1FFC, 0x1FF3), (0x2126, 0x2126, 0x03C9), (0x212A, 0x212A, 0x006B), (0x212B, 0x212B, 0x00E5),
    (0x2132, 0x2132, 0x214E), (0x214E, 0x2132, 0x214E), (0x2160, 0x2160, 0x2170), (0x2161, 0x2161, 0x2171),
    (0x2162, 0x2162, 0x2172), (0x2163, 0x2163, 0x2173), (0x2164, 0x2164, 0x2174), (0x2165, 0x2165, 0x2175),
    (0x2166, 0x2166, 0x2176), (0x2167, 0x2167, 0x2177), (0x2168, 0x2168, 0x2178), (0x2169, 0x2169, 0x2179),
    (0x216A, 0x216A, 0x217A), (0x216B, 0x216B, 0x217B), (0x216C, 0x216C, 0x217C), (0x216D, 0x216D, 0x217D),
    (0x216E, 0x216E, 0x217E), (0x216F, 0x216F, 0x217F), (0x2170, 0x2160, 0x2170), (0x2171, 0x2161, 0x2171),
    (0x2172, 0x2162, 0x2172), (0x2173, 0x2163, 0x2173), (0x2174, 0x2164, 0x2174), (0x2175, 0x2165, 0x2175),
    (0x2176, 0x2166, 0x2176), (0x2177, 0x2167, 0x2177), (0x2178, 0x2168, 0x2178), (0x2179, 0x2169, 0x2179),
    (0x217A, 0x216A, 0x217A), (0x217B, 0x216B, 0x217B), (0x217C, 0x216C, 0x217C), (0x217D, 0x216D, 0x217D),
    (0x217E, 0x216E, 0x217E), (0x217F, 0x216F, 0x217F), (0x2183, 0x2183, 0x2184), (0x2184, 0x2183, 0x2184),
    (0x24B6, 0x24B6, 0x24D0), (0x24B7, 0x24B7, 0x24D1), (0x24B8, 0x24B8, 0x24D2), (0x24B9, 0x24B9, 0x24D3),
    (0x24BA, 0x24BA, 0x24D4), (0x24BB, 0x24BB, 0x24D5), (0x24BC, 0x24BC, 0x24D6), (0x24BD, 0x24BD, 0x24D7),
    (0x24BE, 0x24BE, 0x24D8), (0x24BF, 0x24BF, 0x24D9), (0x24C0, 0x24C0, 0x24DA), (0x24C1, 0x24C1, 0x24DB),
    (0x24C2, 0x24C2, 0x24DC), (0x24C3, 0x24C3, 0x24DD), (0x24C4, 0x24C4, 0x24DE), (0x24C5, 0x24C5, 0x24DF),
    (0x24C6, 0x24C6, 0x24E0), (0x24C7, 0x24C7, 0x24E1), (0x24C8, 0x24C8, 0x24E2), (0x24C9, 0x24C9, 0x24E3),
    (0x24CA, 0x24CA, 0x24E4), (0x24CB, 0x24CB, 0x24E5), (0x24CC, 0x24CC, 0x24E6), (0x24CD, 0x24CD, 0x24E7),
    (0x24CE, 0x24CE, 0x24E8), (0x24CF, 0x24CF, 0x24E9), (0x24D0, 0x24B6, 0x24D0), (0x24D1, 0x24B7, 0x24D1),
    (0x24D2, 0x24B8, 0x24D2), (0x24D3, 0x24B9, 0x24D3), (0x24D4, 0x24BA, 0x24D4), (0x24D5, 0x24BB, 0x24D5),
    (0x24D6, 0x24BC, 0x24D6), (0x24D7, 0x24BD, 0x24D7), (0x24D8, 0x24BE, 0x24D8), (0x24D9, 0x24BF, 0x24D9),
    (0x24DA, 0x24C0, 0x24DA), (0x24DB, 0x24C1, 0x24DB), (0x24DC, 0x24C2, 0x24DC), (0x24DD, 0x24C3, 0x24DD),
    (0x24DE, 0x24C4, 0x24DE), (0x24DF, 0x24C5, 0x24DF), (0x24E0, 0x24C6, 0x24E0), (0x24E1, 0x24C7, 0x24E1),
    (0x24E2, 0x24C8, 0x24E2), (0x24E3, 0x24C9, 0x24E3), (0x24E4, 0x24CA, 0x24E4), (0x24E5, 0x24CB, 0x24E5),
    (0x24E6, 0x24CC, 0x24E6), (0x24E7, 0x24CD, 0x24E7), (0x24E8, 0x24CE, 0x24E8), (0x24E9, 0x24CF, 0x24E9),
    (0x2C00, 0x2C00, 0x2C30), (0x2C01, 0x2C01, 0x2C31), (0x2C02, 0x2C02, 0x2C32), (0x2C03, 0x2C03, 0x2C33),
    (0x2C04, 0x2C04, 0x2C34), (0x2C05, 0x2C05, 0x2C35), (0x2C06, 0x2C06, 0x2C36), (0x2C07, 0x2C07, 0x2C37),
    (0x2C08, 0x2C08, 0x2C38), (0x2C09, 0x2C09, 0x2C39), (0x2C0A, 0x2C0A, 0x2C3A), (0x2C0B, 0x2C0B, 0x2C3B),
    (0x2C0C, 0x2C0C, 0x2C3C), (0x2C0D, 0x2C0D, 0x2C3D), (0x2C0E, 0x2C0E, 0x2C3E), (0x2C0F, 0x2C0F, 0x2C3F),
    (0x2C10, 0x2C10, 0x2C40), (0x2C11, 0x2C11, 0x2C41), (0x2C12, 0x2C12, 0x2C42), (0x2C13, 0x2C13, 0x2C43),
    (0x2C14, 0x2C14, 0x2C44), (0x2C15, 0x2C15, 0x2C45), (0x2C16, 0x2C16, 0x2C46), (0x2C17, 0x2C17, 0x2C47),
    (0x2C18, 0x2C18, 0x2C48), (0x2C19, 0x2C19, 0x2C49), (0x2C1A, 0x2C1A, 0x2C4A), (0x2C1B, 0x2C1B, 0x2C4B),
    (0x2C1C, 0x2C1C, 0x2C4C), (0x2C1D, 0x2C1D, 0x2C4D), (0x2C1E, 0x2C1E, 0x2C4E), (0x2C1F, 0x2C1F, 0x2C4F),
    (0x2C20, 0x2C20, 0x2C50), (0x2C21, 0x2C21, 0x2C51), (0x2C22, 0x2C22, 0x2C52), (0x2C23, 0x2C23, 0x2C53),
    (0x2C24, 0x2C24, 0x2C54), (0x2C25, 0x2C25, 0x2C55), (0x2C26, 0x2C26, 0x2C56), (0x2C27, 0x2C27, 0x2C57),
    (0x2C28, 0x2C28, 0x2C58), (0x2C29, 0x2C29, 0x2C59), (0x2C2A, 0x2C2A, 0x2C5A), (0x2C2B, 0x2C2B, 0x2C5B),
    (0x2C2C, 0x2C2C, 0x2C5C), (0x2C2D, 0x2C2D, 0x2C5D), (0x2C2E, 0x2C2E, 0x2C5E), (0x2C2F, 0x2C2F, 0x2C5F),
    (0x2C30, 0x2C00, 0x2C30), (0x2C31, 0x2C01, 0x2C31), (0x2C32, 0x2C02, 0x2C32), (0x2C33, 0x2C03, 0x2C33),
    (0x2C34, 0x2C04, 0x2C34), (0x2C35, 0x2C05, 0x2C35), (0x2C36, 0x2C06, 0x2C36), (0x2C37, 0x2C07, 0x2C37),
    (0x2C38, 0x2C08, 0x2C38), (0x2C39, 0x2C09, 0x2C39), (0x2C3A, 0x2C0A, 0x2C3A), (0x2C3B, 0x2C0B, 0x2C3B),
    (0x2C3C, 0x2C0C, 0x2C3C), (0x2C3D, 0x2C0D, 0x2C3D), (0x2C3E, 0x2C0E, 0x2C3E), (0x2C3F, 0x2C0F, 0x2C3F),
    (0x2C40, 0x2C10, 0x2C40), (0x2C41, 0x2C11, 0x2C41), (0x2C42, 0x2C12, 0x2C42), (0x2C43, 0x2C13, 0x2C43),
    (0x2C44, 0x2C14, 0x2C44), (0x2C45, 0x2C15, 0x2C45), (0x2C46, 0x2C16, 0x2C46), (0x2C47, 0x2C17, 0x2C47),
    (0x2C48, 0x2C18, 0x2C48), (0x2C49, 0x2C19, 0x2C49), (0x2C4A, 0x2C1A, 0x2C4A), (0x2C4B, 0x2C1B, 0x2C4B),
    (0x2C4C, 0x2C1C, 0x2C4C), (0x2C4D, 0x2C1D, 0x2C4D), (0x2C4E, 0x2C1E, 0x2C4E), (0x2C4F, 0x2C1F, 0x2C4F),
    (0x2C50, 0x2C20, 0x2C50), (0x2C51, 0x2C21, 0x2C51), (0x2C52, 0x2C22, 0x2C52), (0x2C53, 0x2C23, 0x2C53),
    (0x2C54, 0x2C24, 0x2C54), (0x2C55, 0x2C25, 0x2C55), (0x2C56, 0x2C26, 0x2C56), (0x2C57, 0x2C27, 0x2C57),
    (0x2C58, 0x2C28, 0x2C58), (0x2C59, 0x2C29, 0x2C59), (0x2C5A, 0x2C2A, 0x2C5A), (0x2C5B, 0x2C2B, 0x2C5B),
    (0x2C5C, 0x2C2C, 0x2C5C), (0x2C5D, 0x2C2D, 0x2C5D), (0x2C5E, 0x2C2E, 0x2C5E), (0x2C5F, 0x2C2F, 0x2C5F),
    (0x2C60, 0x2C60, 0x2C61), (0x2C61, 0x2C60, 0x2C61), (0x2C62, 0x2C62, 0x026B), (0x2C63, 0x2C63, 0x1D7D),
    (0x2C64, 0x2C64, 0x027D), (0x2C65, 0x023A, 0x2C65), (0x2C66, 0x023E, 0x2C66), (0x2C67, 0x2C67, 0x2C68),
    (0x2C68, 0x2C67, 0x2C68), (0x2C69, 0x2C69, 0x2C6A), (0x2C6A, 0x2C69, 0x2C6A), (0x2C6B, 0x2C6B, 0x2C6C),
    (0x2C6C, 0x2C6B, 0x2C6C), (0x2C6D, 0x2C6D, 0x0251), (0x2C6E, 0x2C6E, 0x0271), (0x2C6F, 0x2C6F, 0x0250),
    (0x2C70, 0x2C70, 0x0252), (0x2C72, 0x2C72, 0x2C73), (0x2C73, 0x2C72, 0x2C73), (0x2C75, 0x2C75, 0x2C76),
    (0x2C76, 0x2C75, 0x2C76), (0x2C7E, 0x2C7E, 0x023F), (0x2C7F, 0x2C7F, 0x0240), (0x2C80, 0x2C80, 0x2C81),
    (0x2C81, 0x2C80, 0x2C81), (0x2C82, 0x2C82, 0x2C83), (0x2C83, 0x2C82, 0x2C83), (0x2C84, 0x2C84, 0x2C85),
    (0x2C85, 0x2C84, 0x2C85), (0x2C86, 0x2C86, 0x2C87), (0x2C87, 0x2C86, 0x2C87), (0x2C88, 0x2C88, 0x2C89),
    (0x2C89, 0x2C88, 0x2C89), (0x2C8A, 0x2C8A, 0x2C8B), (0x2C8B, 0x2C8A, 0x2C8B), (0x2C8C, 0x2C8C, 0x2C8D),
    (0x2C8D, 0x2C8C, 0x2C8D), (0x2C8E, 0x2C8E, 0x2C8F), (0x2C8F, 0x2C8E, 0x2C8F), (0x2C90, 0x2C90, 0x2C91),
    (0x2C91, 0x2C90, 0x2C91), (0x2C92, 0x2C92, 0x2C93), (0x2C93, 0x2C92, 0x2C93), (0x2C94, 0x2C94, 0x2C95),
    (0x2C95, 0x2C94, 0x2C95), (0x2C96, 0x2C96, 0x2C97), (0x2C97, 0x2C96, 0x2C97), (0x2C98, 0x2C98, 0x2C99),
    (0x2C99, 0x2C98, 0x2C99), (0x2C9A, 0x2C9A, 0x2C9B), (0x2C9B, 0x2C9A, 0x2C9B), (0x2C9C, 0x2C9C, 0x2C9D),
    (0x2C9D, 0x2C9C, 0x2C9D), (0x2C9E, 0x2C9E, 0x2C9F), (0x2C9F, 0x2C9E, 0x2C9F), (0x2CA0, 0x2CA0, 0x2CA1),
    (0x2CA1, 0x2CA0, 0x2CA1), (0x2CA2, 0x2CA2, 0x2CA3), (0x2CA3, 0x2CA2, 0x2CA3), (0x2CA4, 0x2CA4, 0x2CA5),
    (0x2CA5, 0x2CA4, 0x2CA5), (0x2CA6, 0x2CA6, 0x2CA7), (0x2CA7, 0x2CA6, 0x2CA7), (0x2CA8, 0x2CA8, 0x2CA9),
    (0x2CA9, 0x2CA8, 0x2CA9), (0x2CAA, 0x2CAA, 0x2CAB), (0x2CAB, 0x2CAA, 0x2CAB), (0x2CAC, 0x2CAC, 0x2CAD),
    (0x2CAD, 0x2CAC, 0x2CAD), (0x2CAE, 0x2CAE, 0x2CAF), (0x2CAF, 0x2CAE, 0x2CAF), (0x2CB0, 0x2CB0, 0x2CB1),
    (0x2CB1, 0x2CB0, 0x2CB1), (0x2CB2, 0x2CB2, 0x2CB3), (0x2CB3, 0x2CB2, 0x2CB3), (0x2CB4, 0x2CB4, 0x2CB5),
    (0x2CB5, 0x2CB4, 0x2CB5), (0x2CB6, 0x2CB6, 0x2CB7), (0x2CB7, 0x2CB6, 0x2CB7), (0x2CB8, 0x2CB8, 0x2CB9),
    (0x2CB9, 0x2CB8, 0x2CB9), (0x2CBA, 0x2CBA, 0x2CBB), (0x2CBB, 0x2CBA, 0x2CBB), (0x2CBC, 0x2CBC, 0x2CBD),
    (0x2CBD, 0x2CBC, 0x2CBD), (0x2CBE, 0x2CBE, 0x2CBF), (0x2CBF, 0x2CBE, 0x2CBF), (0x2CC0, 0x2CC0, 0x2CC1),
    (0x2CC1, 0x2CC0, 0x2CC1), (0x2CC2, 0x2CC2, 0x2CC3), (0x2CC3, 0x2CC2, 0x2CC3), (0x2CC4, 0x2CC4, 0x2CC5),
    (0x2CC5, 0x2CC4, 0x2CC5), (0x2CC6, 0x2CC6, 0x2CC7), (0x2CC7, 0x2CC6, 0x2CC7), (0x2CC8, 0x2CC8, 0x2CC9),
    (0x2CC9, 0x2CC8, 0x2CC9), (0x2CCA, 0x2CCA, 0x2CCB), (0x2CCB, 0x2CCA, 0x2CCB), (0x2CCC, 0x2CCC, 0x2CCD),
    (0x2CCD, 0x2CCC, 0x2CCD), (0x2CCE, 0x2CCE, 0x2CCF), (0x2CCF, 0x2CCE, 0x2CCF), (0x2CD0, 0x2CD0, 0x2CD1),
    (0x2CD1, 0x2CD0, 0x2CD1), (0x2CD2, 0x2CD2, 0x2CD3), (0x2CD3, 0x2CD2, 0x2CD3), (0x2CD4, 0x2CD4, 0x2CD5),
    (0x2CD5, 0x2CD4, 0x2CD5), (0x2CD6, 0x2CD6, 0x2CD7), (0x2CD7, 0x2CD6, 0x2CD7), (0x2CD8, 0x2CD8, 0x2CD9),
    (0x2CD9, 0x2CD8, 0x2CD9), (0x2CDA, 0x2CDA, 0x2CDB), (0x2CDB, 0x2CDA, 0x2CDB), (0x2CDC, 0x2CDC, 0x2CDD),
    (0x2CDD, 0x2CDC, 0x2CDD), (0x2CDE, 0x2CDE, 0x2CDF), (0x2CDF, 0x2CDE, 0x2CDF), (0x2CE0, 0x2CE0, 0x2CE1),
    (0x2CE1, 0x2CE0, 0x2CE1), (0x2CE2, 0x2CE2, 0x2CE3), (0x2CE3, 0x2CE2, 0x2CE3), (0x2CEB, 0x2CEB, 0x2CEC),
    (0x2CEC, 0x2CEB, 0x2CEC), (0x2CED, 0x2CED, 0x2CEE), (0x2CEE, 0x2CED, 0x2CEE), (0x2CF2, 0x2CF2, 0x2CF3),
    (0x2CF3, 0x2CF2, 0x2CF3), (0x2D00, 0x10A0, 0x2D00), (0x2D01, 0x10A1, 0x2D01), (0x2D02, 0x10A2, 0x2D02),
    (0x2D03, 0x10A3, 0x2D03), (0x2D04, 0x10A4, 0x2D04), (0x2D05, 0x10A5, 0x2D05), (0x2D06, 0x10A6, 0x2D06),
    (0x2D07, 0x10A7, 0x2D07), (0x2D08, 0x10A8, 0x2D08), (0x2D09, 0x10A9, 0x2D09), (0x2D0A, 0x10AA, 0x2D0A),
    (0x2D0B, 0x10AB, 0x2D0B), (0x2D0C, 0x10AC, 0x2D0C), (0x2D0D, 0x10AD, 0x2D0D), (0x2D0E, 0x10AE, 0x2D0E),
    (0x2D0F, 0x10AF, 0x2D0F), (0x2D10, 0x10B0, 0x2D10), (0x2D11, 0x10B1, 0x2D11), (0x2D12, 0x10B2, 0x2D12),
    (0x2D13, 0x10B3, 0x2D13), (0x2D14, 0x10B4, 0x2D14), (0x2D15, 0x10B5, 0x2D15), (0x2D16, 0x10B6, 0x2D16),
    (0x2D17, 0x10B7, 0x2D17), (0x2D18, 0x10B8, 0x2D18), (0x2D19, 0x10B9, 0x2D19), (0x2D1A, 0x10BA, 0x2D1A),
    (0x2D1B, 0x10BB, 0x2D1B), (0x2D1C, 0x10BC, 0x2D1C), (0x2D1D, 0x10BD, 0x2D1D), (0x2D1E, 0x10BE, 0x2D1E),
    (0x2D1F, 0x10BF, 0x2D1F), (0x2D20, 0x10C0, 0x2D20), (0x2D21, 0x10C1, 0x2D21), (0x2D22, 0x10C2, 0x2D22),
    (0x2D23, 0x10C3, 0x2D23), (0x2D24, 0x10C4, 0x2D24), (0x2D25, 0x10C5, 0x2D25), (0x2D27, 0x10C7, 0x2D27),
    (0x2D2D, 0x10CD, 0x2D2D), (0xA640, 0xA640, 0xA641), (0xA641, 0xA640, 0xA641), (0xA642, 0xA642, 0xA643),
    (0xA643, 0xA642, 0xA643), (0xA644, 0xA644, 0xA645), (0xA645, 0xA644, 0xA645), (0xA646, 0xA646, 0xA647),
    (0xA647, 0xA646, 0xA647), (0xA648, 0xA648, 0xA649), (0xA649, 0xA648, 0xA649), (0xA64A, 0xA64A, 0xA64B),
    (0xA64B, 0xA64A, 0xA64B), (0xA64C, 0xA64C, 0xA64D), (0xA64D, 0xA64C, 0xA64D), (0xA64E, 0xA64E, 0xA64F),
    (0xA64F, 0xA64E, 0xA64F), (0xA650, 0xA650, 0xA651), (0xA651, 0xA650, 0xA651), (0xA652, 0xA652, 0xA653),
    (0xA653, 0xA652, 0xA653), (0xA654, 0xA654, 0xA655), (0xA655, 0xA654, 0xA655), (0xA656, 0xA656, 0xA657),
    (0xA657, 0xA656, 0xA657), (0xA658, 0xA658, 0xA659), (0xA659, 0xA658, 0xA659), (0xA65A, 0xA65A, 0xA65B),
    (0xA65B, 0xA65A, 0xA65B), (0xA65C, 0xA65C, 0xA65D), (0xA65D, 0xA65C, 0xA65D), (0xA65E, 0xA65E, 0xA65F),
    (0xA65F, 0xA65E, 0xA65F), (0xA660, 0xA660, 0xA661), (0xA661, 0xA660, 0xA661), (0xA662, 0xA662, 0xA663),
    (0xA663, 0xA662, 0xA663), (0xA664, 0xA664, 0xA665), (0xA665, 0xA664, 0xA665), (0xA666, 0xA666, 0xA667),
    (0xA667, 0xA666, 0xA667), (0xA668, 0xA668, 0xA669), (0xA669, 0xA668, 0xA669), (0xA66A, 0xA66A, 0xA66B),
    (0xA66B, 0xA66A, 0xA66B), (0xA66C, 0xA66C, 0xA66D), (0xA66D, 0xA66C, 0xA66D), (0xA680, 0xA680, 0xA681),
    (0xA681, 0xA680, 0xA681), (0xA682, 0xA682, 0xA683), (0xA683, 0xA682, 0xA683), (0xA684, 0xA684, 0xA685),
    (0xA685, 0xA684, 0xA685), (0xA686, 0xA686, 0xA687), (0xA687, 0xA686, 0xA687), (0xA688, 0xA688, 0xA689),
    (0xA689, 0xA688, 0xA689), (0xA68A, 0xA68A, 0xA68B), (0xA68B, 0xA68A, 0xA68B), (0xA68C, 0xA68C, 0xA68D),
    (0xA68D, 0xA68C, 0xA68D), (0xA68E, 0xA68E, 0xA68F), (0xA68F, 0xA68E, 0xA68F), (0xA690, 0xA690, 0xA691),
    (0xA691, 0xA690, 0xA691), (0xA692, 0xA692, 0xA693), (0xA693, 0xA692, 0xA693), (0xA694, 0xA694, 0xA695),
    (0xA695, 0xA694, 0xA695), (0xA696, 0xA696, 0xA697), (0xA697, 0xA696, 0xA697), (0xA698, 0xA698, 0xA699),
    (0xA699, 0xA698, 0xA699), (0xA69A, 0xA69A, 0xA69B), (0xA69B, 0xA69A, 0xA69B), (0xA722, 0xA722, 0xA723),
    (0xA723, 0xA722, 0xA723), (0xA724, 0xA724, 0xA725), (0xA725, 0xA724, 0xA725), (0xA726, 0xA726, 0xA727),
    (0xA727, 0xA726, 0xA727), (0xA728, 0xA728, 0xA729), (0xA729, 0xA728, 0xA729), (0xA72A, 0xA72A, 0xA72B),
    (0xA72B, 0xA72A, 0xA72B), (0xA72C, 0xA72C, 0xA72D), (0xA72D, 0xA72C, 0xA72D), (0xA72E, 0xA72E, 0xA72F),
    (0xA72F, 0xA72E, 0xA72F), (0xA732, 0xA732, 0xA733), (0xA733, 0xA732, 0xA733), (0xA734, 0xA734, 0xA735),
    (0xA735, 0xA734, 0xA735), (0xA736, 0xA736, 0xA737), (0xA737, 0xA736, 0xA737), (0xA738, 0xA738, 0xA739),
    (0xA739, 0xA738, 0xA739), (0xA73A, 0xA73A, 0xA73B), (0xA73B, 0xA73A, 0xA73B), (0xA73C, 0xA73C, 0xA73D),
    (0xA73D, 0xA73C, 0xA73D), (0xA73E, 0xA73E, 0xA73F), (0xA73F, 0xA73E, 0xA73F), (0xA740, 0xA740, 0xA741),
    (0xA741, 0xA740, 0xA741), (0xA742, 0xA742, 0xA743), (0xA743, 0xA742, 0xA743), (0xA744, 0xA744, 0xA745),
    (0xA745, 0xA744, 0xA745), (0xA746, 0xA746, 0xA747), (0xA747, 0xA746, 0xA747), (0xA748, 0xA748, 0xA749),
    (0xA749, 0xA748, 0xA749), (0xA74A, 0xA74A, 0xA74B), (0xA74B, 0xA74A, 0xA74B), (0xA74C, 0xA74C, 0xA74D),
    (0xA74D, 0xA74C, 0xA74D), (0xA74E, 0xA74E, 0xA74F), (0xA74F, 0xA74E, 0xA74F), (0xA750, 0xA750, 0xA751),
    (0xA751, 0xA750, 0xA751), (0xA752, 0xA752, 0xA753), (0xA753, 0xA752, 0xA753), (0xA754, 0xA754, 0xA755),
    (0xA755, 0xA754, 0xA755), (0xA756, 0xA756, 0xA757), (0xA757, 0xA756, 0xA757), (0xA758, 0xA758, 0xA759),
    (0xA759, 0xA758, 0xA759), (0xA75A, 0xA75A, 0xA75B), (0xA75B, 0xA75A, 0xA75B), (0xA75C, 0xA75C, 0xA75D),
    (0xA75D, 0xA75C, 0xA75D), (0xA75E, 0xA75E, 0xA75F), (0xA75F, 0xA75E, 0xA75F), (0xA760, 0xA760, 0xA761),
    (0xA761, 0xA760, 0xA761), (0xA762, 0xA762, 0xA763), (0xA763, 0xA762, 0xA763), (0xA764, 0xA764, 0xA765),
    (0xA765, 0xA764, 0xA765), (0xA766, 0xA766, 0xA767), (0xA767, 0xA766, 0xA767), (0xA768, 0xA768, 0xA769),
    (0xA769, 0xA768, 0xA769), (0xA76A, 0xA76A, 0xA76B), (0xA76B, 0xA76A, 0xA76B), (0xA76C, 0xA76C, 0xA76D),
    (0xA76D, 0xA76C, 0xA76D), (0xA76E, 0xA76E, 0xA76F), (0xA76F, 0xA76E, 0xA76F), (0xA779, 0xA779, 0xA77A),
    (0xA77A, 0xA779, 0xA77A), (0xA77B, 0xA77B, 0xA77C), (0xA77C, 0xA77B, 0xA77C), (0xA77D, 0xA77D, 0x1D79),
    (0xA77E, 0xA77E, 0xA77F), (0xA77F, 0xA77E, 0xA77F), (0xA780, 0xA780, 0xA781), (0xA781, 0xA780, 0xA781),
    (0xA782, 0xA782, 0xA783), (0xA783, 0xA782, 0xA783), (0xA784, 0xA784, 0xA785), (0xA785, 0xA784, 0xA785),
    (0xA786, 0xA786, 0xA787), (0xA787, 0xA786, 0xA787), (0xA78B, 0xA78B, 0xA78C), (0xA78C, 0xA78B, 0xA78C),
    (0xA78D, 0xA78D, 0x0265), (0xA790, 0xA790, 0xA791), (0xA791, 0xA790, 0xA791), (0xA792, 0xA792, 0xA793),
    (0xA793, 0xA792, 0xA793), (0xA794, 0xA7C4, 0xA794), (0xA796, 0xA796, 0xA797), (0xA797, 0xA796, 0xA797),
    (0xA798, 0xA798, 0xA799), (0xA799, 0xA798, 0xA799), (0xA79A, 0xA79A, 0xA79B), (0xA79B, 0xA79A, 0xA79B),
    (0xA79C, 0xA79C, 0xA79D), (0xA79D, 0xA79C, 0xA79D), (0xA79E, 0xA79E, 0xA79F), (0xA79F, 0xA79E, 0xA79F),
    (0xA7A0, 0xA7A0, 0xA7A1), (0xA7A1, 0xA7A0, 0xA7A1), (0xA7A2, 0xA7A2, 0xA7A3), (0xA7A3, 0xA7A2, 0xA7A3),
    (0xA7A4, 0xA7A4, 0xA7A5), (0xA7A5, 0xA7A4, 0xA7A5), (0xA7A6, 0xA7A6, 0xA7A7), (0xA7A7, 0xA7A6, 0xA7A7),
    (0xA7A8, 0xA7A8, 0xA7A9), (0xA7A9, 0xA7A8, 0xA7A9), (0xA7AA, 0xA7AA, 0x0266), (0xA7AB, 0xA7AB, 0x025C),
    (0xA7AC, 0xA7AC, 0x0261), (0xA7AD, 0xA7AD, 0x026C), (0xA7AE, 0xA7AE, 0x026A), (0xA7B0, 0xA7B0, 0x029E),
    (0xA7B1, 0xA7B1, 0x0287), (0xA7B2, 0xA7B2, 0x029D), (0xA7B3, 0xA7B3, 0xAB53), (0xA7B4, 0xA7B4, 0xA7B5),
    (0xA7B5, 0xA7B4, 0xA7B5), (0xA7B6, 0xA7B6, 0xA7B7), (0xA7B7, 0xA7B6, 0xA7B7), (0xA7B8, 0xA7B8, 0xA7B9),
    (0xA7B9, 0xA7B8, 0xA7B9), (0xA7BA, 0xA7BA, 0xA7BB), (0xA7BB, 0xA7BA, 0xA7BB), (0xA7BC, 0xA7BC, 0xA7BD),
    (0xA7BD, 0xA7BC, 0xA7BD), (0xA7BE, 0xA7BE, 0xA7BF), (0xA7BF, 0xA7BE, 0xA7BF), (0xA7C0, 0xA7C0, 0xA7C1),
    (0xA7C1, 0xA7C0, 0xA7C1), (0xA7C2, 0xA7C2, 0xA7C3), (0xA7C3, 0xA7C2, 0xA7C3), (0xA7C4, 0xA7C4, 0xA794),
    (0xA7C5, 0xA7C5, 0x0282), (0xA7C6, 0xA7C6, 0x1D8E), (0xA7C7, 0xA7C7, 0xA7C8), (0xA7C8, 0xA7C7, 0xA7C8),
    (0xA7C9, 0xA7C9, 0xA7CA), (0xA7CA, 0xA7C9, 0xA7CA), (0xA7D0, 0xA7D0, 0xA7D1), (0xA7D1, 0xA7D0, 0xA7D1),
    (0xA7D6, 0xA7D6, 0xA7D7), (0xA7D7, 0xA7D6, 0xA7D7), (0xA7D8, 0xA7D8, 0xA7D9), (0xA7D9, 0xA7D8, 0xA7D9),
    (0xA7F5, 0xA7F5, 0xA7F6), (0xA7F6, 0xA7F5, 0xA7F6), (0xAB53, 0xA7B3, 0xAB53), (0xAB70, 0x13A0, 0xAB70),
    (0xAB71, 0x13A1, 0xAB71), (0xAB72, 0x13A2, 0xAB72), (0xAB73, 0x13A3, 0xAB73), (0xAB74, 0x13A4, 0xAB74),
    (0xAB75, 0x13A5, 0xAB75), (0xAB76, 0x13A6, 0xAB76), (0xAB77, 0x13A7, 0xAB77), (0xAB78, 0x13A8, 0xAB78),
    (0xAB79, 0x13A9, 0xAB79), (0xAB7A, 0x13AA, 0xAB7A), (0xAB7B, 0x13AB, 0xAB7B), (0xAB7C, 0x13AC, 0xAB7C),
    (0xAB7D, 0x13AD, 0xAB7D), (0xAB7E, 0x13AE, 0xAB7E), (0xAB7F, 0x13AF, 0xAB7F), (0xAB80, 0x13B0, 0xAB80),
    (0xAB81, 0x13B1, 0xAB81), (0xAB82, 0x13B2, 0xAB82), (0xAB83, 0x13B3, 0xAB83), (0xAB84, 0x13B4, 0xAB84),
    (0xAB85, 0x13B5, 0xAB85), (0xAB86, 0x13B6, 0xAB86), (0xAB87, 0x13B7, 0xAB87), (0xAB88, 0x13B8, 0xAB88),
    (0xAB89, 0x13B9, 0xAB89), (0xAB8A, 0x13BA, 0xAB8A), (0xAB8B, 0x13BB, 0xAB8B), (0xAB8C, 0x13BC, 0xAB8C),
    (0xAB8D, 0x13BD, 0xAB8D), (0xAB8E, 0x13BE, 0xAB8E), (0xAB8F, 0x13BF, 0xAB8F), (0xAB90, 0x13C0, 0xAB90),
    (0xAB91, 0x13C1, 0xAB91), (0xAB92, 0x13C2, 0xAB92), (0xAB93, 0x13C3, 0xAB93), (0xAB94, 0x13C4, 0xAB94),
    (0xAB95, 0x13C5, 0xAB95), (0xAB96, 0x13C6, 0xAB96), (0xAB97, 0x13C7, 0xAB97), (0xAB98, 0x13C8, 0xAB98),
    (0xAB99, 0x13C9, 0xAB99), (0xAB9A, 0x13CA, 0xAB9A), (0xAB9B, 0x13CB, 0xAB9B), (0xAB9C, 0x13CC, 0xAB9C),
    (0xAB9D, 0x13CD, 0xAB9D), (0xAB9E, 0x13CE, 0xAB9E), (0xAB9F, 0x13CF, 0xAB9F), (0xABA0, 0x13D0, 0xABA0),
    (0xABA1, 0x13D1, 0xABA1), (0xABA2, 0x13D2, 0xABA2), (0xABA3, 0x13D3, 0xABA3), (0xABA4, 0x13D4, 0xABA4),
    (0xABA5, 0x13D5, 0xABA5), (0xABA6, 0x13D6, 0xABA6), (0xABA7, 0x13D7, 0xABA7), (0xABA8, 0x13D8, 0xABA8),
    (0xABA9, 0x13D9, 0xABA9), (0xABAA, 0x13DA, 0xABAA), (0xABAB, 0x13DB, 0xABAB), (0xABAC, 0x13DC, 0xABAC),
    (0xABAD, 0x13DD, 0xABAD), (0xABAE, 0x13DE, 0xABAE), (0xABAF, 0x13DF, 0xABAF), (0xABB0, 0x13E0, 0xABB0),
    (0xABB1, 0x13E1, 0xABB1), (0xABB2, 0x13E2, 0xABB2), (0xABB3, 0x13E3, 0xABB3), (0xABB4, 0x13E4, 0xABB4),
    (0xABB5, 0x13E5, 0xABB5), (0xABB6, 0x13E6, 0xABB6), (0xABB7, 0x13E7, 0xABB7), (0xABB8, 0x13E8, 0xABB8),
    (0xABB9, 0x13E9, 0xABB9), (0xABBA, 0x13EA, 0xABBA), (0xABBB, 0x13EB, 0xABBB), (0xABBC, 0x13EC, 0xABBC),
    (0xABBD, 0x13ED, 0xABBD), (0xABBE, 0x13EE, 0xABBE), (0xABBF, 0x13EF, 0xABBF), (0xFF21, 0xFF21, 0xFF41),
    (0xFF22, 0xFF22, 0xFF42), (0xFF23, 0xFF23, 0xFF43), (0xFF24, 0xFF24, 0xFF44), (0xFF25, 0xFF25, 0xFF45),
    (0xFF26, 0xFF26, 0xFF46), (0xFF27, 0xFF27, 0xFF47), (0xFF28, 0xFF28, 0xFF48), (0xFF29, 0xFF29, 0xFF49),
    (0xFF2A, 0xFF2A, 0xFF4A), (0xFF2B, 0xFF2B, 0xFF4B), (0xFF2C, 0xFF2C, 0xFF4C), (0xFF2D, 0xFF2D, 0xFF4D),
    (0xFF2E, 0xFF2E, 0xFF4E), (0xFF2F, 0xFF2F, 0xFF4F), (0xFF30, 0xFF30, 0xFF50), (0xFF31, 0xFF31, 0xFF51),
    (0xFF32, 0xFF32, 0xFF52), (0xFF33, 0xFF33, 0xFF53), (0xFF34, 0xFF34, 0xFF54), (0xFF35, 0xFF35, 0xFF55),
    (0xFF36, 0xFF36, 0xFF56), (0xFF37, 0xFF37, 0xFF57), (0xFF38, 0xFF38, 0xFF58), (0xFF39, 0xFF39, 0xFF59),
    (0xFF3A, 0xFF3A, 0xFF5A), (0xFF41, 0xFF21, 0xFF41), (0xFF42, 0xFF22, 0xFF42), (0xFF43, 0xFF23, 0xFF43),
    (0xFF44, 0xFF24, 0xFF44), (0xFF45, 0xFF25, 0xFF45), (0xFF46, 0xFF26, 0xFF46), (0xFF47, 0xFF27, 0xFF47),
    (0xFF48, 0xFF28, 0xFF48), (0xFF49, 0xFF29, 0xFF49), (0xFF4A, 0xFF2A, 0xFF4A), (0xFF4B, 0xFF2B, 0xFF4B),
    (0xFF4C, 0xFF2C, 0xFF4C), (0xFF4D, 0xFF2D, 0xFF4D), (0xFF4E, 0xFF2E, 0xFF4E), (0xFF4F, 0xFF2F, 0xFF4F),
    (0xFF50, 0xFF30, 0xFF50), (0xFF51, 0xFF31, 0xFF51), (0xFF52, 0xFF32, 0xFF52), (0xFF53, 0xFF33, 0xFF53),
    (0xFF54, 0xFF34, 0xFF54), (0xFF55, 0xFF35, 0xFF55), (0xFF56, 0xFF36, 0xFF56), (0xFF57, 0xFF37, 0xFF57),
    (0xFF58, 0xFF38, 0xFF58), (0xFF59, 0xFF39, 0xFF59), (0xFF5A, 0xFF3A, 0xFF5A), (0x10400, 0x10400, 0x10428),
    (0x10401, 0x10401, 0x10429), (0x10402, 0x10402, 0x1042A), (0x10403, 0x10403, 0x1042B), (0x10404, 0x10404, 0x1042C),
    (0x10405, 0x10405, 0x1042D), (0x10406, 0x10406, 0x1042E), (0x10407, 0x10407, 0x1042F), (0x10408, 0x10408, 0x10430),
    (0x10409, 0x10409, 0x10431), (0x1040A, 0x1040A, 0x10432), (0x1040B, 0x1040B, 0x10433), (0x1040C, 0x1040C, 0x10434),
    (0x1040D, 0x1040D, 0x10435), (0x1040E, 0x1040E, 0x10436), (0x1040F, 0x1040F, 0x10437), (0x10410, 0x10410, 0x10438),
    (0x10411, 0x10411, 0x10439), (0x10412, 0x10412, 0x1043A), (0x10413, 0x10413, 0x1043B), (0x10414, 0x10414, 0x1043C),
    (0x10415, 0x10415, 0x1043D), (0x10416, 0x10416, 0x1043E), (0x10417, 0x10417, 0x1043F), (0x10418, 0x10418, 0x10440),
    (0x10419, 0x10419, 0x10441), (0x1041A, 0x1041A, 0x10442), (0x1041B, 0x1041B, 0x10443), (0x1041C, 0x1041C, 0x10444),
    (0x1041D, 0x1041D, 0x10445), (0x1041E, 0x1041E, 0x10446), (0x1041F, 0x1041F, 0x10447), (0x10420, 0x10420, 0x10448),
    (0x10421, 0x10421, 0x10449), (0x10422, 0x10422, 0x1044A), (0x10423, 0x10423, 0x1044B), (0x10424, 0x10424, 0x1044C),
    (0x10425, 0x10425, 0x1044D), (0x10426, 0x10426, 0x1044E), (0x10427, 0x10427, 0x1044F), (0x10428, 0x10400, 0x10428),
    (0x10429, 0x10401, 0x10429), (0x1042A, 0x10402, 0x1042A), (0x1042B, 0x10403, 0x1042B), (0x1042C, 0x10404, 0x1042C),
    (0x1042D, 0x10405, 0x1042D), (0x1042E, 0x10406, 0x1042E), (0x1042F, 0x10407, 0x1042F), (0x10430, 0x10408, 0x10430),
    (0x10431, 0x10409, 0x10431), (0x10432, 0x1040A, 0x10432), (0x10433, 0x1040B, 0x10433), (0x10434, 0x1040C, 0x10434),
    (0x10435, 0x1040D, 0x10435), (0x10436, 0x1040E, 0x10436), (0x10437, 0x1040F, 0x10437), (0x10438, 0x10410, 0x10438),
    (0x10439, 0x10411, 0x10439), (0x1043A, 0x10412, 0x1043A), (0x1043B, 0x10413, 0x1043B), (0x1043C, 0x10414, 0x1043C),
    (0x1043D, 0x10415, 0x1043D), (0x1043E, 0x10416, 0x1043E), (0x1043F, 0x10417, 0x1043F), (0x10440, 0x10418, 0x10440),
    (0x10441, 0x10419, 0x10441), (0x10442, 0x1041A, 0x10442), (0x10443, 0x1041B, 0x10443), (0x10444, 0x1041C, 0x10444),
    (0x10445, 0x1041D, 0x10445), (0x10446, 0x1041E, 0x10446), (0x10447, 0x1041F, 0x10447), (0x10448, 0x10420, 0x10448),
    (0x10449, 0x10421, 0x10449), (0x1044A, 0x10422, 0x1044A), (0x1044B, 0x10423, 0x1044B), (0x1044C, 0x10424, 0x1044C),
    (0x1044D, 0x10425, 0x1044D), (0x1044E, 0x10426, 0x1044E), (0x1044F, 0x10427, 0x1044F), (0x104B0, 0x104B0, 0x104D8),
    (0x104B1, 0x104B1, 0x104D9), (0x104B2, 0x104B2, 0x104DA), (0x104B3, 0x104B3, 0x104DB), (0x104B4, 0x104B4, 0x104DC),
    (0x104B5, 0x104B5, 0x104DD), (0x104B6, 0x104B6, 0x104DE), (0x104B7, 0x104B7, 0x104DF), (0x104B8, 0x104B8, 0x104E0),
    (0x104B9, 0x104B9, 0x104E1), (0x104BA, 0x104BA, 0x104E2), (0x104BB, 0x104BB, 0x104E3), (0x104BC, 0x104BC, 0x104E4),
    (0x104BD, 0x104BD, 0x104E5), (0x104BE, 0x104BE, 0x104E6), (0x104BF, 0x104BF, 0x104E7), (0x104C0, 0x104C0, 0x104E8),
    (0x104C1, 0x104C1, 0x104E9), (0x104C2, 0x104C2, 0x104EA), (0x104C3, 0x104C3, 0x104EB), (0x104C4, 0x104C4, 0x104EC),
    (0x104C5, 0x104C5, 0x104ED), (0x104C6, 0x104C6, 0x104EE), (0x104C7, 0x104C7, 0x104EF), (0x104C8, 0x104C8, 0x104F0),
    (0x104C9, 0x104C9, 0x104F1), (0x104CA, 0x104CA, 0x104F2), (0x104CB, 0x104CB, 0x104F3), (0x104CC, 0x104CC, 0x104F4),
    (0x104CD, 0x104CD, 0x104F5), (0x104CE, 0x104CE, 0x104F6), (0x104CF, 0x104CF, 0x104F7), (0x104D0, 0x104D0, 0x104F8),
    (0x104D1, 0x104D1, 0x104F9), (0x104D2, 0x104D2, 0x104FA), (0x104D3, 0x104D3, 0x104FB), (0x104D8, 0x104B0, 0x104D8),
    (0x104D9, 0x104B1, 0x104D9), (0x104DA, 0x104B2, 0x104DA), (0x104DB, 0x104B3, 0x104DB), (0x104DC, 0x104B4, 0x104DC),
    (0x104DD, 0x104B5, 0x104DD), (0x104DE, 0x104B6, 0x104DE), (0x104DF, 0x104B7, 0x104DF), (0x104E0, 0x104B8, 0x104E0),
    (0x104E1, 0x104B9, 0x104E1), (0x104E2, 0x104BA, 0x104E2), (0x104E3, 0x104BB, 0x104E3), (0x104E4, 0x104BC, 0x104E4),
    (0x104E5, 0x104BD, 0x104E5), (0x104E6, 0x104BE, 0x104E6), (0x104E7, 0x104BF, 0x104E7), (0x104E8, 0x104C0, 0x104E8),
    (0x104E9, 0x104C1, 0x104E9), (0x104EA, 0x104C2, 0x104EA), (0x104EB, 0x104C3, 0x104EB), (0x104EC, 0x104C4, 0x104EC),
    (0x104ED, 0x104C5, 0x104ED), (0x104EE, 0x104C6, 0x104EE), (0x104EF, 0x104C7, 0x104EF), (0x104F0, 0x104C8, 0x104F0),
    (0x104F1, 0x104C9, 0x104F1), (0x104F2, 0x104CA, 0x104F2), (0x104F3, 0x104CB, 0x104F3), (0x104F4, 0x104CC, 0x104F4),
    (0x104F5, 0x104CD, 0x104F5), (0x104F6, 0x104CE, 0x104F6), (0x104F7, 0x104CF, 0x104F7), (0x104F8, 0x104D0, 0x104F8),
    (0x104F9, 0x104D1, 0x104F9), (0x104FA, 0x104D2, 0x104FA), (0x104FB, 0x104D3, 0x104FB), (0x10570, 0x10570, 0x10597),
    (0x10571, 0x10571, 0x10598), (0x10572, 0x10572, 0x10599), (0x10573, 0x10573, 0x1059A), (0x10574, 0x10574, 0x1059B),
    (0x10575, 0x10575, 0x1059C), (0x10576, 0x10576, 0x1059D), (0x10577, 0x10577, 0x1059E), (0x10578, 0x10578, 0x1059F),
    (0x10579, 0x10579, 0x105A0), (0x1057A, 0x1057A, 0x105A1), (0x1057C, 0x1057C, 0x105A3), (0x1057D, 0x1057D, 0x105A4),
    (0x1057E, 0x1057E, 0x105A5), (0x1057F, 0x1057F, 0x105A6), (0x10580, 0x10580, 0x105A7), (0x10581, 0x10581, 0x105A8),
    (0x10582, 0x10582, 0x105A9), (0x10583, 0x10583, 0x105AA), (0x10584, 0x10584, 0x105AB), (0x10585, 0x10585, 0x105AC),
    (0x10586, 0x10586, 0x105AD), (0x10587, 0x10587, 0x105AE), (0x10588, 0x10588, 0x105AF), (0x10589, 0x10589, 0x105B0),
    (0x1058A, 0x1058A, 0x105B1), (0x1058C, 0x1058C, 0x105B3), (0x1058D, 0x1058D, 0x105B4), (0x1058E, 0x1058E, 0x105B5),
    (0x1058F, 0x1058F, 0x105B6), (0x10590, 0x10590, 0x105B7), (0x10591, 0x10591, 0x105B8), (0x10592, 0x10592, 0x105B9),
    (0x10594, 0x10594, 0x105BB), (0x10595, 0x10595, 0x105BC), (0x10597, 0x10570, 0x10597), (0x10598, 0x10571, 0x10598),
    (0x10599, 0x10572, 0x10599), (0x1059A, 0x10573, 0x1059A), (0x1059B, 0x10574, 0x1059B), (0x1059C, 0x10575, 0x1059C),
    (0x1059D, 0x10576, 0x1059D), (0x1059E, 0x10577, 0x1059E), (0x1059F, 0x10578, 0x1059F), (0x105A0, 0x10579, 0x105A0),
    (0x105A1, 0x1057A, 0x105A1), (0x105A3, 0x1057C, 0x105A3), (0x105A4, 0x1057D, 0x105A4), (0x105A5, 0x1057E, 0x105A5),
    (0x105A6, 0x1057F, 0x105A6), (0x105A7, 0x10580, 0x105A7), (0x105A8, 0x10581, 0x105A8), (0x105A9, 0x10582, 0x105A9),
    (0x105AA, 0x10583, 0x105AA), (0x105AB, 0x10584, 0x105AB), (0x105AC, 0x10585, 0x105AC), (0x105AD, 0x10586, 0x105AD),
    (0x105AE, 0x10587, 0x105AE), (0x105AF, 0x10588, 0x105AF), (0x105B0, 0x10589, 0x105B0), (0x105B1, 0x1058A, 0x105B1),
    (0x105B3, 0x1058C, 0x105B3), (0x105B4, 0x1058D, 0x105B4), (0x105B5, 0x1058E, 0x105B5), (0x105B6, 0x1058F, 0x105B6),
    (0x105B7, 0x10590, 0x105B7), (0x105B8, 0x10591, 0x105B8), (0x105B9, 0x10592, 0x105B9), (0x105BB, 0x10594, 0x105BB),
    (0x105BC, 0x10595, 0x105BC), (0x10C80, 0x10C80, 0x10CC0), (0x10C81, 0x10C81, 0x10CC1), (0x10C82, 0x10C82, 0x10CC2),
    (0x10C83, 0x10C83, 0x10CC3), (0x10C84, 0x10C84, 0x10CC4), (0x10C85, 0x10C85, 0x10CC5), (0x10C86, 0x10C86, 0x10CC6),
    (0x10C87, 0x10C87, 0x10CC7), (0x10C88, 0x10C88, 0x10CC8), (0x10C89, 0x10C89, 0x10CC9), (0x10C8A, 0x10C8A, 0x10CCA),
    (0x10C8B, 0x10C8B, 0x10CCB), (0x10C8C, 0x10C8C, 0x10CCC), (0x10C8D, 0x10C8D, 0x10CCD), (0x10C8E, 0x10C8E, 0x10CCE),
    (0x10C8F, 0x10C8F, 0x10CCF), (0x10C90, 0x10C90, 0x10CD0), (0x10C91, 0x10C91, 0x10CD1), (0x10C92, 0x10C92, 0x10CD2),
    (0x10C93, 0x10C93, 0x10CD3), (0x10C94, 0x10C94, 0x10CD4), (0x10C95, 0x10C95, 0x10CD5), (0x10C96, 0x10C96, 0x10CD6),
    (0x10C97, 0x10C97, 0x10CD7), (0x10C98, 0x10C98, 0x10CD8), (0x10C99, 0x10C99, 0x10CD9), (0x10C9A, 0x10C9A, 0x10CDA),
    (0x10C9B, 0x10C9B, 0x10CDB), (0x10C9C, 0x10C9C, 0x10CDC), (0x10C9D, 0x10C9D, 0x10CDD), (0x10C9E, 0x10C9E, 0x10CDE),
    (0x10C9F, 0x10C9F, 0x10CDF), (0x10CA0, 0x10CA0, 0x10CE0), (0x10CA1, 0x10CA1, 0x10CE1), (0x10CA2, 0x10CA2, 0x10CE2),
    (0x10CA3, 0x10CA3, 0x10CE3), (0x10CA4, 0x10CA4, 0x10CE4), (0x10CA5, 0x10CA5, 0x10CE5), (0x10CA6, 0x10CA6, 0x10CE6),
    (0x10CA7, 0x10CA7, 0x10CE7), (0x10CA8, 0x10CA8, 0x10CE8), (0x10CA9, 0x10CA9, 0x10CE9), (0x10CAA, 0x10CAA, 0x10CEA),
    (0x10CAB, 0x10CAB, 0x10CEB), (0x10CAC, 0x10CAC, 0x10CEC), (0x10CAD, 0x10CAD, 0x10CED), (0x10CAE, 0x10CAE, 0x10CEE),
    (0x10CAF, 0x10CAF, 0x10CEF), (0x10CB0, 0x10CB0, 0x10CF0), (0x10CB1, 0x10CB1, 0x10CF1), (0x10CB2, 0x10CB2, 0x10CF2),
    (0x10CC0, 0x10C80, 0x10CC0), (0x10CC1, 0x10C81, 0x10CC1), (0x10CC2, 0x10C82, 0x10CC2), (0x10CC3, 0x10C83, 0x10CC3),
    (0x10CC4, 0x10C84, 0x10CC4), (0x10CC5, 0x10C85, 0x10CC5), (0x10CC6, 0x10C86, 0x10CC6), (0x10CC7, 0x10C87, 0x10CC7),
    (0x10CC8, 0x10C88, 0x10CC8), (0x10CC9, 0x10C89, 0x10CC9), (0x10CCA, 0x10C8A, 0x10CCA), (0x10CCB, 0x10C8B, 0x10CCB),
    (0x10CCC, 0x10C8C, 0x10CCC), (0x10CCD, 0x10C8D, 0x10CCD), (0x10CCE, 0x10C8E, 0x10CCE), (0x10CCF, 0x10C8F, 0x10CCF),
    (0x10CD0, 0x10C90, 0x10CD0), (0x10CD1, 0x10C91, 0x10CD1), (0x10CD2, 0x10C92, 0x10CD2), (0x10CD3, 0x10C93, 0x10CD3),
    (0x10CD4, 0x10C94, 0x10CD4), (0x10CD5, 0x10C95, 0x10CD5), (0x10CD6, 0x10C96, 0x10CD6), (0x10CD7, 0x10C97, 0x10CD7),
    (0x10CD8, 0x10C98, 0x10CD8), (0x10CD9, 0x10C99, 0x10CD9), (0x10CDA, 0x10C9A, 0x10CDA), (0x10CDB, 0x10C9B, 0x10CDB),
    (0x10CDC, 0x10C9C, 0x10CDC), (0x10CDD, 0x10C9D, 0x10CDD), (0x10CDE, 0x10C9E, 0x10CDE), (0x10CDF, 0x10C9F, 0x10CDF),
    (0x10CE0, 0x10CA0, 0x10CE0), (0x10CE1, 0x10CA1, 0x10CE1), (0x10CE2, 0x10CA2, 0x10CE2), (0x10CE3, 0x10CA3, 0x10CE3),
    (0x10CE4, 0x10CA4, 0x10CE4), (0x10CE5, 0x10CA5, 0x10CE5), (0x10CE6, 0x10CA6, 0x10CE6), (0x10CE7, 0x10CA7, 0x10CE7),
    (0x10CE8, 0x10CA8, 0x10CE8), (0x10CE9, 0x10CA9, 0x10CE9), (0x10CEA, 0x10CAA, 0x10CEA), (0x10CEB, 0x10CAB, 0x10CEB),
    (0x10CEC, 0x10CAC, 0x10CEC), (0x10CED, 0x10CAD, 0x10CED), (0x10CEE, 0x10CAE, 0x10CEE), (0x10CEF, 0x10CAF, 0x10CEF),
    (0x10CF0, 0x10CB0, 0x10CF0), (0x10CF1, 0x10CB1, 0x10CF1), (0x10CF2, 0x10CB2, 0x10CF2), (0x118A0, 0x118A0, 0x118C0),
    (0x118A1, 0x118A1, 0x118C1), (0x118A2, 0x118A2, 0x118C2), (0x118A3, 0x118A3, 0x118C3), (0x118A4, 0x118A4, 0x118C4),
    (0x118A5, 0x118A5, 0x118C5), (0x118A6, 0x118A6, 0x118C6), (0x118A7, 0x118A7, 0x118C7), (0x118A8, 0x118A8, 0x118C8),
    (0x118A9, 0x118A9, 0x118C9), (0x118AA, 0x118AA, 0x118CA), (0x118AB, 0x118AB, 0x118CB), (0x118AC, 0x118AC, 0x118CC),
    (0x118AD, 0x118AD, 0x118CD), (0x118AE, 0x118AE, 0x118CE), (0x118AF, 0x118AF, 0x118CF), (0x118B0, 0x118B0, 0x118D0),
    (0x118B1, 0x118B1, 0x118D1), (0x118B2, 0x118B2, 0x118D2), (0x118B3, 0x118B3, 0x118D3), (0x118B4, 0x118B4, 0x118D4),
    (0x118B5, 0x118B5, 0x118D5), (0x118B6, 0x118B6, 0x118D6), (0x118B7, 0x118B7, 0x118D7), (0x118B8, 0x118B8, 0x118D8),
    (0x118B9, 0x118B9, 0x118D9), (0x118BA, 0x118BA, 0x118DA), (0x118BB, 0x118BB, 0x118DB), (0x118BC, 0x118BC, 0x118DC),
    (0x118BD, 0x118BD, 0x118DD), (0x118BE, 0x118BE, 0x118DE), (0x118BF, 0x118BF, 0x118DF), (0x118C0, 0x118A0, 0x118C0),
    (0x118C1, 0x118A1, 0x118C1), (0x118C2, 0x118A2, 0x118C2), (0x118C3, 0x118A3, 0x118C3), (0x118C4, 0x118A4, 0x118C4),
    (0x118C5, 0x118A5, 0x118C5), (0x118C6, 0x118A6, 0x118C6), (0x118C7, 0x118A7, 0x118C7), (0x118C8, 0x118A8, 0x118C8),
    (0x118C9, 0x118A9, 0x118C9), (0x118CA, 0x118AA, 0x118CA), (0x118CB, 0x118AB, 0x118CB), (0x118CC, 0x118AC, 0x118CC),
    (0x118CD, 0x118AD, 0x118CD), (0x118CE, 0x118AE, 0x118CE), (0x118CF, 0x118AF, 0x118CF), (0x118D0, 0x118B0, 0x118D0),
    (0x118D1, 0x118B1, 0x118D1), (0x118D2, 0x118B2, 0x118D2), (0x118D3, 0x118B3, 0x118D3), (0x118D4, 0x118B4, 0x118D4),
    (0x118D5, 0x118B5, 0x118D5), (0x118D6, 0x118B6, 0x118D6), (0x118D7, 0x118B7, 0x118D7), (0x118D8, 0x118B8, 0x118D8),
    (0x118D9, 0x118B9, 0x118D9), (0x118DA, 0x118BA, 0x118DA), (0x118DB, 0x118BB, 0x118DB), (0x118DC, 0x118BC, 0x118DC),
    (0x118DD, 0x118BD, 0x118DD), (0x118DE, 0x118BE, 0x118DE), (0x118DF, 0x118BF, 0x118DF), (0x16E40, 0x16E40, 0x16E60),
    (0x16E41, 0x16E41, 0x16E61), (0x16E42, 0x16E42, 0x16E62), (0x16E43, 0x16E43, 0x16E63), (0x16E44, 0x16E44, 0x16E64),
    (0x16E45, 0x16E45, 0x16E65), (0x16E46, 0x16E46, 0x16E66), (0x16E47, 0x16E47, 0x16E67), (0x16E48, 0x16E48, 0x16E68),
    (0x16E49, 0x16E49, 0x16E69), (0x16E4A, 0x16E4A, 0x16E6A), (0x16E4B, 0x16E4B, 0x16E6B), (0x16E4C, 0x16E4C, 0x16E6C),
    (0x16E4D, 0x16E4D, 0x16E6D), (0x16E4E, 0x16E4E, 0x16E6E), (0x16E4F, 0x16E4F, 0x16E6F), (0x16E50, 0x16E50, 0x16E70),
    (0x16E51, 0x16E51, 0x16E71), (0x16E52, 0x16E52, 0x16E72), (0x16E53, 0x16E53, 0x16E73), (0x16E54, 0x16E54, 0x16E74),
    (0x16E55, 0x16E55, 0x16E75), (0x16E56, 0x16E56, 0x16E76), (0x16E57, 0x16E57, 0x16E77), (0x16E58, 0x16E58, 0x16E78),
    (0x16E59, 0x16E59, 0x16E79), (0x16E5A, 0x16E5A, 0x16E7A), (0x16E5B, 0x16E5B, 0x16E7B), (0x16E5C, 0x16E5C, 0x16E7C),
    (0x16E5D, 0x16E5D, 0x16E7D), (0x16E5E, 0x16E5E, 0x16E7E), (0x16E5F, 0x16E5F, 0x16E7F), (0x16E60, 0x16E40, 0x16E60),
    (0x16E61, 0x16E41, 0x16E61), (0x16E62, 0x16E42, 0x16E62), (0x16E63, 0x16E43, 0x16E63), (0x16E64, 0x16E44, 0x16E64),
    (0x16E65, 0x16E45, 0x16E65), (0x16E66, 0x16E46, 0x16E66), (0x16E67, 0x16E47, 0x16E67), (0x16E68, 0x16E48, 0x16E68),
    (0x16E69, 0x16E49, 0x16E69), (0x16E6A, 0x16E4A, 0x16E6A), (0x16E6B, 0x16E4B, 0x16E6B), (0x16E6C, 0x16E4C, 0x16E6C),
    (0x16E6D, 0x16E4D, 0x16E6D), (0x16E6E, 0x16E4E, 0x16E6E), (0x16E6F, 0x16E4F, 0x16E6F), (0x16E70, 0x16E50, 0x16E70),
    (0x16E71, 0x16E51, 0x16E71), (0x16E72, 0x16E52, 0x16E72), (0x16E73, 0x16E53, 0x16E73), (0x16E74, 0x16E54, 0x16E74),
    (0x16E75, 0x16E55, 0x16E75), (0x16E76, 0x16E56, 0x16E76), (0x16E77, 0x16E57, 0x16E77), (0x16E78, 0x16E58, 0x16E78),
    (0x16E79, 0x16E59, 0x16E79), (0x16E7A, 0x16E5A, 0x16E7A), (0x16E7B, 0x16E5B, 0x16E7B), (0x16E7C, 0x16E5C, 0x16E7C),
    (0x16E7D, 0x16E5D, 0x16E7D), (0x16E7E, 0x16E5E, 0x16E7E), (0x16E7F, 0x16E5F, 0x16E7F), (0x1E900, 0x1E900, 0x1E922),
    (0x1E901, 0x1E901, 0x1E923), (0x1E902, 0x1E902, 0x1E924), (0x1E903, 0x1E903, 0x1E925), (0x1E904, 0x1E904, 0x1E926),
    (0x1E905, 0x1E905, 0x1E927), (0x1E906, 0x1E906, 0x1E928), (0x1E907, 0x1E907, 0x1E929), (0x1E908, 0x1E908, 0x1E92A),
    (0x1E909, 0x1E909, 0x1E92B), (0x1E90A, 0x1E90A, 0x1E92C), (0x1E90B, 0x1E90B, 0x1E92D), (0x1E90C, 0x1E90C, 0x1E92E),
    (0x1E90D, 0x1E90D, 0x1E92F), (0x1E90E, 0x1E90E, 0x1E930), (0x1E90F, 0x1E90F, 0x1E931), (0x1E910, 0x1E910, 0x1E932),
    (0x1E911, 0x1E911, 0x1E933), (0x1E912, 0x1E912, 0x1E934), (0x1E913, 0x1E913, 0x1E935), (0x1E914, 0x1E914, 0x1E936),
    (0x1E915, 0x1E915, 0x1E937), (0x1E916, 0x1E916, 0x1E938), (0x1E917, 0x1E917, 0x1E939), (0x1E918, 0x1E918, 0x1E93A),
    (0x1E919, 0x1E919, 0x1E93B), (0x1E91A, 0x1E91A, 0x1E93C), (0x1E91B, 0x1E91B, 0x1E93D), (0x1E91C, 0x1E91C, 0x1E93E),
    (0x1E91D, 0x1E91D, 0x1E93F), (0x1E91E, 0x1E91E, 0x1E940), (0x1E91F, 0x1E91F, 0x1E941), (0x1E920, 0x1E920, 0x1E942),
    (0x1E921, 0x1E921, 0x1E943), (0x1E922, 0x1E900, 0x1E922), (0x1E923, 0x1E901, 0x1E923), (0x1E924, 0x1E902, 0x1E924),
    (0x1E925, 0x1E903, 0x1E925), (0x1E926, 0x1E904, 0x1E926), (0x1E927, 0x1E905, 0x1E927), (0x1E928, 0x1E906, 0x1E928),
    (0x1E929, 0x1E907, 0x1E929), (0x1E92A, 0x1E908, 0x1E92A), (0x1E92B, 0x1E909, 0x1E92B), (0x1E92C, 0x1E90A, 0x1E92C),
    (0x1E92D, 0x1E90B, 0x1E92D), (0x1E92E, 0x1E90C, 0x1E92E), (0x1E92F, 0x1E90D, 0x1E92F), (0x1E930, 0x1E90E, 0x1E930),
    (0x1E931, 0x1E90F, 0x1E931), (0x1E932, 0x1E910, 0x1E932), (0x1E933, 0x1E911, 0x1E933), (0x1E934, 0x1E912, 0x1E934),
    (0x1E935, 0x1E913, 0x1E935), (0x1E936, 0x1E914, 0x1E936), (0x1E937, 0x1E915, 0x1E937), (0x1E938, 0x1E916, 0x1E938),
    (0x1E939, 0x1E917, 0x1E939), (0x1E93A, 0x1E918, 0x1E93A), (0x1E93B, 0x1E919, 0x1E93B), (0x1E93C, 0x1E91A, 0x1E93C),
    (0x1E93D, 0x1E91B, 0x1E93D), (0x1E93E, 0x1E91C, 0x1E93E), (0x1E93F, 0x1E91D, 0x1E93F), (0x1E940, 0x1E91E, 0x1E940),
    (0x1E941, 0x1E91F, 0x1E941), (0x1E942, 0x1E920, 0x1E942), (0x1E943, 0x1E921, 0x1E943),
];

/// The code points `Character.isAlphabetic` holds for.
pub(super) const ALPHABETIC: &[(u32, u32)] = &[
    (0x0041, 0x005A), (0x0061, 0x007A), (0x00AA, 0x00AA), (0x00B5, 0x00B5), (0x00BA, 0x00BA), (0x00C0, 0x00D6),
    (0x00D8, 0x00F6), (0x00F8, 0x02C1), (0x02C6, 0x02D1), (0x02E0, 0x02E4), (0x02EC, 0x02EC), (0x02EE, 0x02EE),
    (0x0345, 0x0345), (0x0370, 0x0374), (0x0376, 0x0377), (0x037A, 0x037D), (0x037F, 0x037F), (0x0386, 0x0386),
    (0x0388, 0x038A), (0x038C, 0x038C), (0x038E, 0x03A1), (0x03A3, 0x03F5), (0x03F7, 0x0481), (0x048A, 0x052F),
    (0x0531, 0x0556), (0x0559, 0x0559), (0x0560, 0x0588), (0x05B0, 0x05BD), (0x05BF, 0x05BF), (0x05C1, 0x05C2),
    (0x05C4, 0x05C5), (0x05C7, 0x05C7), (0x05D0, 0x05EA), (0x05EF, 0x05F2), (0x0610, 0x061A), (0x0620, 0x0657),
    (0x0659, 0x065F), (0x066E, 0x06D3), (0x06D5, 0x06DC), (0x06E1, 0x06E8), (0x06ED, 0x06EF), (0x06FA, 0x06FC),
    (0x06FF, 0x06FF), (0x0710, 0x073F), (0x074D, 0x07B1), (0x07CA, 0x07EA), (0x07F4, 0x07F5), (0x07FA, 0x07FA),
    (0x0800, 0x0817), (0x081A, 0x082C), (0x0840, 0x0858), (0x0860, 0x086A), (0x0870, 0x0887), (0x0889, 0x088E),
    (0x08A0, 0x08C9), (0x08D4, 0x08DF), (0x08E3, 0x08E9), (0x08F0, 0x093B), (0x093D, 0x094C), (0x094E, 0x0950),
    (0x0955, 0x0963), (0x0971, 0x0983), (0x0985, 0x098C), (0x098F, 0x0990), (0x0993, 0x09A8), (0x09AA, 0x09B0),
    (0x09B2, 0x09B2), (0x09B6, 0x09B9), (0x09BD, 0x09C4), (0x09C7, 0x09C8), (0x09CB, 0x09CC), (0x09CE, 0x09CE),
    (0x09D7, 0x09D7), (0x09DC, 0x09DD), (0x09DF, 0x09E3), (0x09F0, 0x09F1), (0x09FC, 0x09FC), (0x0A01, 0x0A03),
    (0x0A05, 0x0A0A), (0x0A0F, 0x0A10), (0x0A13, 0x0A28), (0x0A2A, 0x0A30), (0x0A32, 0x0A33), (0x0A35, 0x0A36),
    (0x0A38, 0x0A39), (0x0A3E, 0x0A42), (0x0A47, 0x0A48), (0x0A4B, 0x0A4C), (0x0A51, 0x0A51), (0x0A59, 0x0A5C),
    (0x0A5E, 0x0A5E), (0x0A70, 0x0A75), (0x0A81, 0x0A83), (0x0A85, 0x0A8D), (0x0A8F, 0x0A91), (0x0A93, 0x0AA8),
    (0x0AAA, 0x0AB0), (0x0AB2, 0x0AB3), (0x0AB5, 0x0AB9), (0x0ABD, 0x0AC5), (0x0AC7, 0x0AC9), (0x0ACB, 0x0ACC),
    (0x0AD0, 0x0AD0), (0x0AE0, 0x0AE3), (0x0AF9, 0x0AFC), (0x0B01, 0x0B03), (0x0B05, 0x0B0C), (0x0B0F, 0x0B10),
    (0x0B13, 0x0B28), (0x0B2A, 0x0B30), (0x0B32, 0x0B33), (0x0B35, 0x0B39), (0x0B3D, 0x0B44), (0x0B47, 0x0B48),
    (0x0B4B, 0x0B4C), (0x0B56, 0x0B57), (0x0B5C, 0x0B5D), (0x0B5F, 0x0B63), (0x0B71, 0x0B71), (0x0B82, 0x0B83),
    (0x0B85, 0x0B8A), (0x0B8E, 0x0B90), (0x0B92, 0x0B95), (0x0B99, 0x0B9A), (0x0B9C, 0x0B9C), (0x0B9E, 0x0B9F),
    (0x0BA3, 0x0BA4), (0x0BA8, 0x0BAA), (0x0BAE, 0x0BB9), (0x0BBE, 0x0BC2), (0x0BC6, 0x0BC8), (0x0BCA, 0x0BCC),
    (0x0BD0, 0x0BD0), (0x0BD7, 0x0BD7), (0x0C00, 0x0C0C), (0x0C0E, 0x0C10), (0x0C12, 0x0C28), (0x0C2A, 0x0C39),
    (0x0C3D, 0x0C44), (0x0C46, 0x0C48), (0x0C4A, 0x0C4C), (0x0C55, 0x0C56), (0x0C58, 0x0C5A), (0x0C5D, 0x0C5D),
    (0x0C60, 0x0C63), (0x0C80, 0x0C83), (0x0C85, 0x0C8C), (0x0C8E, 0x0C90), (0x0C92, 0x0CA8), (0x0CAA, 0x0CB3),
    (0x0CB5, 0x0CB9), (0x0CBD, 0x0CC4), (0x0CC6, 0x0CC8), (0x0CCA, 0x0CCC), (0x0CD5, 0x0CD6), (0x0CDD, 0x0CDE),
    (0x0CE0, 0x0CE3), (0x0CF1, 0x0CF3), (0x0D00, 0x0D0C), (0x0D0E, 0x0D10), (0x0D12, 0x0D3A), (0x0D3D, 0x0D44),
    (0x0D46, 0x0D48), (0x0D4A, 0x0D4C), (0x0D4E, 0x0D4E), (0x0D54, 0x0D57), (0x0D5F, 0x0D63), (0x0D7A, 0x0D7F),
    (0x0D81, 0x0D83), (0x0D85, 0x0D96), (0x0D9A, 0x0DB1), (0x0DB3, 0x0DBB), (0x0DBD, 0x0DBD), (0x0DC0, 0x0DC6),
    (0x0DCF, 0x0DD4), (0x0DD6, 0x0DD6), (0x0DD8, 0x0DDF), (0x0DF2, 0x0DF3), (0x0E01, 0x0E3A), (0x0E40, 0x0E46),
    (0x0E4D, 0x0E4D), (0x0E81, 0x0E82), (0x0E84, 0x0E84), (0x0E86, 0x0E8A), (0x0E8C, 0x0EA3), (0x0EA5, 0x0EA5),
    (0x0EA7, 0x0EB9), (0x0EBB, 0x0EBD), (0x0EC0, 0x0EC4), (0x0EC6, 0x0EC6), (0x0ECD, 0x0ECD), (0x0EDC, 0x0EDF),
    (0x0F00, 0x0F00), (0x0F40, 0x0F47), (0x0F49, 0x0F6C), (0x0F71, 0x0F83), (0x0F88, 0x0F97), (0x0F99, 0x0FBC),
    (0x1000, 0x1036), (0x1038, 0x1038), (0x103B, 0x103F), (0x1050, 0x108F), (0x109A, 0x109D), (0x10A0, 0x10C5),
    (0x10C7, 0x10C7), (0x10CD, 0x10CD), (0x10D0, 0x10FA), (0x10FC, 0x1248), (0x124A, 0x124D), (0x1250, 0x1256),
    (0x1258, 0x1258), (0x125A, 0x125D), (0x1260, 0x1288), (0x128A, 0x128D), (0x1290, 0x12B0), (0x12B2, 0x12B5),
    (0x12B8, 0x12BE), (0x12C0, 0x12C0), (0x12C2, 0x12C5), (0x12C8, 0x12D6), (0x12D8, 0x1310), (0x1312, 0x1315),
    (0x1318, 0x135A), (0x1380, 0x138F), (0x13A0, 0x13F5), (0x13F8, 0x13FD), (0x1401, 0x166C), (0x166F, 0x167F),
    (0x1681, 0x169A), (0x16A0, 0x16EA), (0x16EE, 0x16F8), (0x1700, 0x1713), (0x171F, 0x1733), (0x1740, 0x1753),
    (0x1760, 0x176C), (0x176E, 0x1770), (0x1772, 0x1773), (0x1780, 0x17B3), (0x17B6, 0x17C8), (0x17D7, 0x17D7),
    (0x17DC, 0x17DC), (0x1820, 0x1878), (0x1880, 0x18AA), (0x18B0, 0x18F5), (0x1900, 0x191E), (0x1920, 0x192B),
    (0x1930, 0x1938), (0x1950, 0x196D), (0x1970, 0x1974), (0x1980, 0x19AB), (0x19B0, 0x19C9), (0x1A00, 0x1A1B),
    (0x1A20, 0x1A5E), (0x1A61, 0x1A74), (0x1AA7, 0x1AA7), (0x1ABF, 0x1AC0), (0x1ACC, 0x1ACE), (0x1B00, 0x1B33),
    (0x1B35, 0x1B43), (0x1B45, 0x1B4C), (0x1B80, 0x1BA9), (0x1BAC, 0x1BAF), (0x1BBA, 0x1BE5), (0x1BE7, 0x1BF1),
    (0x1C00, 0x1C36), (0x1C4D, 0x1C4F), (0x1C5A, 0x1C7D), (0x1C80, 0x1C88), (0x1C90, 0x1CBA), (0x1CBD, 0x1CBF),
    (0x1CE9, 0x1CEC), (0x1CEE, 0x1CF3), (0x1CF5, 0x1CF6), (0x1CFA, 0x1CFA), (0x1D00, 0x1DBF), (0x1DE7, 0x1DF4),
    (0x1E00, 0x1F15), (0x1F18, 0x1F1D), (0x1F20, 0x1F45), (0x1F48, 0x1F4D), (0x1F50, 0x1F57), (0x1F59, 0x1F59),
    (0x1F5B, 0x1F5B), (0x1F5D, 0x1F5D), (0x1F5F, 0x1F7D), (0x1F80, 0x1FB4), (0x1FB6, 0x1FBC), (0x1FBE, 0x1FBE),
    (0x1FC2, 0x1FC4), (0x1FC6, 0x1FCC), (0x1FD0, 0x1FD3), (0x1FD6, 0x1FDB), (0x1FE0, 0x1FEC), (0x1FF2, 0x1FF4),
    (0x1FF6, 0x1FFC), (0x2071, 0x2071), (0x207F, 0x207F), (0x2090, 0x209C), (0x2102, 0x2102), (0x2107, 0x2107),
    (0x210A, 0x2113), (0x2115, 0x2115), (0x2119, 0x211D), (0x2124, 0x2124), (0x2126, 0x2126), (0x2128, 0x2128),
    (0x212A, 0x212D), (0x212F, 0x2139), (0x213C, 0x213F), (0x2145, 0x2149), (0x214E, 0x214E), (0x2160, 0x2188),
    (0x24B6, 0x24E9), (0x2C00, 0x2CE4), (0x2CEB, 0x2CEE), (0x2CF2, 0x2CF3), (0x2D00, 0x2D25), (0x2D27, 0x2D27),
    (0x2D2D, 0x2D2D), (0x2D30, 0x2D67), (0x2D6F, 0x2D6F), (0x2D80, 0x2D96), (0x2DA0, 0x2DA6), (0x2DA8, 0x2DAE),
    (0x2DB0, 0x2DB6), (0x2DB8, 0x2DBE), (0x2DC0, 0x2DC6), (0x2DC8, 0x2DCE), (0x2DD0, 0x2DD6), (0x2DD8, 0x2DDE),
    (0x2DE0, 0x2DFF), (0x2E2F, 0x2E2F), (0x3005, 0x3007), (0x3021, 0x3029), (0x3031, 0x3035), (0x3038, 0x303C),
    (0x3041, 0x3096), (0x309D, 0x309F), (0x30A1, 0x30FA), (0x30FC, 0x30FF), (0x3105, 0x312F), (0x3131, 0x318E),
    (0x31A0, 0x31BF), (0x31F0, 0x31FF), (0x3400, 0x4DBF), (0x4E00, 0xA48C), (0xA4D0, 0xA4FD), (0xA500, 0xA60C),
    (0xA610, 0xA61F), (0xA62A, 0xA62B), (0xA640, 0xA66E), (0xA674, 0xA67B), (0xA67F, 0xA6EF), (0xA717, 0xA71F),
    (0xA722, 0xA788), (0xA78B, 0xA7CA), (0xA7D0, 0xA7D1), (0xA7D3, 0xA7D3), (0xA7D5, 0xA7D9), (0xA7F2, 0xA805),
    (0xA807, 0xA827), (0xA840, 0xA873), (0xA880, 0xA8C3), (0xA8C5, 0xA8C5), (0xA8F2, 0xA8F7), (0xA8FB, 0xA8FB),
    (0xA8FD, 0xA8FF), (0xA90A, 0xA92A), (0xA930, 0xA952), (0xA960, 0xA97C), (0xA980, 0xA9B2), (0xA9B4, 0xA9BF),
    (0xA9CF, 0xA9CF), (0xA9E0, 0xA9EF), (0xA9FA, 0xA9FE), (0xAA00, 0xAA36), (0xAA40, 0xAA4D), (0xAA60, 0xAA76),
    (0xAA7A, 0xAABE), (0xAAC0, 0xAAC0), (0xAAC2, 0xAAC2), (0xAADB, 0xAADD), (0xAAE0, 0xAAEF), (0xAAF2, 0xAAF5),
    (0xAB01, 0xAB06), (0xAB09, 0xAB0E), (0xAB11, 0xAB16), (0xAB20, 0xAB26), (0xAB28, 0xAB2E), (0xAB30, 0xAB5A),
    (0xAB5C, 0xAB69), (0xAB70, 0xABEA), (0xAC00, 0xD7A3), (0xD7B0, 0xD7C6), (0xD7CB, 0xD7FB), (0xF900, 0xFA6D),
    (0xFA70, 0xFAD9), (0xFB00, 0xFB06), (0xFB13, 0xFB17), (0xFB1D, 0xFB28), (0xFB2A, 0xFB36), (0xFB38, 0xFB3C),
    (0xFB3E, 0xFB3E), (0xFB40, 0xFB41), (0xFB43, 0xFB44), (0xFB46, 0xFBB1), (0xFBD3, 0xFD3D), (0xFD50, 0xFD8F),
    (0xFD92, 0xFDC7), (0xFDF0, 0xFDFB), (0xFE70, 0xFE74), (0xFE76, 0xFEFC), (0xFF21, 0xFF3A), (0xFF41, 0xFF5A),
    (0xFF66, 0xFFBE), (0xFFC2, 0xFFC7), (0xFFCA, 0xFFCF), (0xFFD2, 0xFFD7), (0xFFDA, 0xFFDC), (0x10000, 0x1000B),
    (0x1000D, 0x10026), (0x10028, 0x1003A), (0x1003C, 0x1003D), (0x1003F, 0x1004D), (0x10050, 0x1005D), (0x10080, 0x100FA),
    (0x10140, 0x10174), (0x10280, 0x1029C), (0x102A0, 0x102D0), (0x10300, 0x1031F), (0x1032D, 0x1034A), (0x10350, 0x1037A),
    (0x10380, 0x1039D), (0x103A0, 0x103C3), (0x103C8, 0x103CF), (0x103D1, 0x103D5), (0x10400, 0x1049D), (0x104B0, 0x104D3),
    (0x104D8, 0x104FB), (0x10500, 0x10527), (0x10530, 0x10563), (0x10570, 0x1057A), (0x1057C, 0x1058A), (0x1058C, 0x10592),
    (0x10594, 0x10595), (0x10597, 0x105A1), (0x105A3, 0x105B1), (0x105B3, 0x105B9), (0x105BB, 0x105BC), (0x10600, 0x10736),
    (0x10740, 0x10755), (0x10760, 0x10767), (0x10780, 0x10785), (0x10787, 0x107B0), (0x107B2, 0x107BA), (0x10800, 0x10805),
    (0x10808, 0x10808), (0x1080A, 0x10835), (0x10837, 0x10838), (0x1083C, 0x1083C), (0x1083F, 0x10855), (0x10860, 0x10876),
    (0x10880, 0x1089E), (0x108E0, 0x108F2), (0x108F4, 0x108F5), (0x10900, 0x10915), (0x10920, 0x10939), (0x10980, 0x109B7),
    (0x109BE, 0x109BF), (0x10A00, 0x10A03), (0x10A05, 0x10A06), (0x10A0C, 0x10A13), (0x10A15, 0x10A17), (0x10A19, 0x10A35),
    (0x10A60, 0x10A7C), (0x10A80, 0x10A9C), (0x10AC0, 0x10AC7), (0x10AC9, 0x10AE4), (0x10B00, 0x10B35), (0x10B40, 0x10B55),
    (0x10B60, 0x10B72), (0x10B80, 0x10B91), (0x10C00, 0x10C48), (0x10C80, 0x10CB2), (0x10CC0, 0x10CF2), (0x10D00, 0x10D27),
    (0x10E80, 0x10EA9), (0x10EAB, 0x10EAC), (0x10EB0, 0x10EB1), (0x10F00, 0x10F1C), (0x10F27, 0x10F27), (0x10F30, 0x10F45),
    (0x10F70, 0x10F81), (0x10FB0, 0x10FC4), (0x10FE0, 0x10FF6), (0x11000, 0x11045), (0x11071, 0x11075), (0x11080, 0x110B8),
    (0x110C2, 0x110C2), (0x110D0, 0x110E8), (0x11100, 0x11132), (0x11144, 0x11147), (0x11150, 0x11172), (0x11176, 0x11176),
    (0x11180, 0x111BF), (0x111C1, 0x111C4), (0x111CE, 0x111CF), (0x111DA, 0x111DA), (0x111DC, 0x111DC), (0x11200, 0x11211),
    (0x11213, 0x11234), (0x11237, 0x11237), (0x1123E, 0x11241), (0x11280, 0x11286), (0x11288, 0x11288), (0x1128A, 0x1128D),
    (0x1128F, 0x1129D), (0x1129F, 0x112A8), (0x112B0, 0x112E8), (0x11300, 0x11303), (0x11305, 0x1130C), (0x1130F, 0x11310),
    (0x11313, 0x11328), (0x1132A, 0x11330), (0x11332, 0x11333), (0x11335, 0x11339), (0x1133D, 0x11344), (0x11347, 0x11348),
    (0x1134B, 0x1134C), (0x11350, 0x11350), (0x11357, 0x11357), (0x1135D, 0x11363), (0x11400, 0x11441), (0x11443, 0x11445),
    (0x11447, 0x1144A), (0x1145F, 0x11461), (0x11480, 0x114C1), (0x114C4, 0x114C5), (0x114C7, 0x114C7), (0x11580, 0x115B5),
    (0x115B8, 0x115BE), (0x115D8, 0x115DD), (0x11600, 0x1163E), (0x11640, 0x11640), (0x11644, 0x11644), (0x11680, 0x116B5),
    (0x116B8, 0x116B8), (0x11700, 0x1171A), (0x1171D, 0x1172A), (0x11740, 0x11746), (0x11800, 0x11838), (0x118A0, 0x118DF),
    (0x118FF, 0x11906), (0x11909, 0x11909), (0x1190C, 0x11913), (0x11915, 0x11916), (0x11918, 0x11935), (0x11937, 0x11938),
    (0x1193B, 0x1193C), (0x1193F, 0x11942), (0x119A0, 0x119A7), (0x119AA, 0x119D7), (0x119DA, 0x119DF), (0x119E1, 0x119E1),
    (0x119E3, 0x119E4), (0x11A00, 0x11A32), (0x11A35, 0x11A3E), (0x11A50, 0x11A97), (0x11A9D, 0x11A9D), (0x11AB0, 0x11AF8),
    (0x11C00, 0x11C08), (0x11C0A, 0x11C36), (0x11C38, 0x11C3E), (0x11C40, 0x11C40), (0x11C72, 0x11C8F), (0x11C92, 0x11CA7),
    (0x11CA9, 0x11CB6), (0x11D00, 0x11D06), (0x11D08, 0x11D09), (0x11D0B, 0x11D36), (0x11D3A, 0x11D3A), (0x11D3C, 0x11D3D),
    (0x11D3F, 0x11D41), (0x11D43, 0x11D43), (0x11D46, 0x11D47), (0x11D60, 0x11D65), (0x11D67, 0x11D68), (0x11D6A, 0x11D8E),
    (0x11D90, 0x11D91), (0x11D93, 0x11D96), (0x11D98, 0x11D98), (0x11EE0, 0x11EF6), (0x11F00, 0x11F10), (0x11F12, 0x11F3A),
    (0x11F3E, 0x11F40), (0x11FB0, 0x11FB0), (0x12000, 0x12399), (0x12400, 0x1246E), (0x12480, 0x12543), (0x12F90, 0x12FF0),
    (0x13000, 0x1342F), (0x13441, 0x13446), (0x14400, 0x14646), (0x16800, 0x16A38), (0x16A40, 0x16A5E), (0x16A70, 0x16ABE),
    (0x16AD0, 0x16AED), (0x16B00, 0x16B2F), (0x16B40, 0x16B43), (0x16B63, 0x16B77), (0x16B7D, 0x16B8F), (0x16E40, 0x16E7F),
    (0x16F00, 0x16F4A), (0x16F4F, 0x16F87), (0x16F8F, 0x16F9F), (0x16FE0, 0x16FE1), (0x16FE3, 0x16FE3), (0x16FF0, 0x16FF1),
    (0x17000, 0x187F7), (0x18800, 0x18CD5), (0x18D00, 0x18D08), (0x1AFF0, 0x1AFF3), (0x1AFF5, 0x1AFFB), (0x1AFFD, 0x1AFFE),
    (0x1B000, 0x1B122), (0x1B132, 0x1B132), (0x1B150, 0x1B152), (0x1B155, 0x1B155), (0x1B164, 0x1B167), (0x1B170, 0x1B2FB),
    (0x1BC00, 0x1BC6A), (0x1BC70, 0x1BC7C), (0x1BC80, 0x1BC88), (0x1BC90, 0x1BC99), (0x1BC9E, 0x1BC9E), (0x1D400, 0x1D454),
    (0x1D456, 0x1D49C), (0x1D49E, 0x1D49F), (0x1D4A2, 0x1D4A2), (0x1D4A5, 0x1D4A6), (0x1D4A9, 0x1D4AC), (0x1D4AE, 0x1D4B9),
    (0x1D4BB, 0x1D4BB), (0x1D4BD, 0x1D4C3), (0x1D4C5, 0x1D505), (0x1D507, 0x1D50A), (0x1D50D, 0x1D514), (0x1D516, 0x1D51C),
    (0x1D51E, 0x1D539), (0x1D53B, 0x1D53E), (0x1D540, 0x1D544), (0x1D546, 0x1D546), (0x1D54A, 0x1D550), (0x1D552, 0x1D6A5),
    (0x1D6A8, 0x1D6C0), (0x1D6C2, 0x1D6DA), (0x1D6DC, 0x1D6FA), (0x1D6FC, 0x1D714), (0x1D716, 0x1D734), (0x1D736, 0x1D74E),
    (0x1D750, 0x1D76E), (0x1D770, 0x1D788), (0x1D78A, 0x1D7A8), (0x1D7AA, 0x1D7C2), (0x1D7C4, 0x1D7CB), (0x1DF00, 0x1DF1E),
    (0x1DF25, 0x1DF2A), (0x1E000, 0x1E006), (0x1E008, 0x1E018), (0x1E01B, 0x1E021), (0x1E023, 0x1E024), (0x1E026, 0x1E02A),
    (0x1E030, 0x1E06D), (0x1E08F, 0x1E08F), (0x1E100, 0x1E12C), (0x1E137, 0x1E13D), (0x1E14E, 0x1E14E), (0x1E290, 0x1E2AD),
    (0x1E2C0, 0x1E2EB), (0x1E4D0, 0x1E4EB), (0x1E7E0, 0x1E7E6), (0x1E7E8, 0x1E7EB), (0x1E7ED, 0x1E7EE), (0x1E7F0, 0x1E7FE),
    (0x1E800, 0x1E8C4), (0x1E900, 0x1E943), (0x1E947, 0x1E947), (0x1E94B, 0x1E94B), (0x1EE00, 0x1EE03), (0x1EE05, 0x1EE1F),
    (0x1EE21, 0x1EE22), (0x1EE24, 0x1EE24), (0x1EE27, 0x1EE27), (0x1EE29, 0x1EE32), (0x1EE34, 0x1EE37), (0x1EE39, 0x1EE39),
    (0x1EE3B, 0x1EE3B), (0x1EE42, 0x1EE42), (0x1EE47, 0x1EE47), (0x1EE49, 0x1EE49), (0x1EE4B, 0x1EE4B), (0x1EE4D, 0x1EE4F),
    (0x1EE51, 0x1EE52), (0x1EE54, 0x1EE54), (0x1EE57, 0x1EE57), (0x1EE59, 0x1EE59), (0x1EE5B, 0x1EE5B), (0x1EE5D, 0x1EE5D),
    (0x1EE5F, 0x1EE5F), (0x1EE61, 0x1EE62), (0x1EE64, 0x1EE64), (0x1EE67, 0x1EE6A), (0x1EE6C, 0x1EE72), (0x1EE74, 0x1EE77),
    (0x1EE79, 0x1EE7C), (0x1EE7E, 0x1EE7E), (0x1EE80, 0x1EE89), (0x1EE8B, 0x1EE9B), (0x1EEA1, 0x1EEA3), (0x1EEA5, 0x1EEA9),
    (0x1EEAB, 0x1EEBB), (0x1F130, 0x1F149), (0x1F150, 0x1F169), (0x1F170, 0x1F189), (0x20000, 0x2A6DF), (0x2A700, 0x2B739),
    (0x2B740, 0x2B81D), (0x2B820, 0x2CEA1), (0x2CEB0, 0x2EBE0), (0x2F800, 0x2FA1D), (0x30000, 0x3134A), (0x31350, 0x323AF),
];

/// The code points `Character.isIdeographic` holds for.
pub(super) const IDEOGRAPHIC: &[(u32, u32)] = &[
    (0x3006, 0x3007), (0x3021, 0x3029), (0x3038, 0x303A), (0x3400, 0x4DBF), (0x4E00, 0x9FFF), (0xF900, 0xFA6D),
    (0xFA70, 0xFAD9), (0x16FE4, 0x16FE4), (0x17000, 0x187F7), (0x18800, 0x18CD5), (0x18D00, 0x18D08), (0x1B170, 0x1B2FB),
    (0x20000, 0x2A6DF), (0x2A700, 0x2B739), (0x2B740, 0x2B81D), (0x2B820, 0x2CEA1), (0x2CEB0, 0x2EBE0), (0x2F800, 0x2FA1D),
    (0x30000, 0x3134A), (0x31350, 0x323AF),
];

/// The code points `Character.isLowerCase` holds for.
pub(super) const LOWER_CASE: &[(u32, u32)] = &[
    (0x0061, 0x007A), (0x00AA, 0x00AA), (0x00B5, 0x00B5), (0x00BA, 0x00BA), (0x00DF, 0x00F6), (0x00F8, 0x00FF),
    (0x0101, 0x0101), (0x0103, 0x0103), (0x0105, 0x0105), (0x0107, 0x0107), (0x0109, 0x0109), (0x010B, 0x010B),
    (0x010D, 0x010D), (0x010F, 0x010F), (0x0111, 0x0111), (0x0113, 0x0113), (0x0115, 0x0115), (0x0117, 0x0117),
    (0x0119, 0x0119), (0x011B, 0x011B), (0x011D, 0x011D), (0x011F, 0x011F), (0x0121, 0x0121), (0x0123, 0x0123),
    (0x0125, 0x0125), (0x0127, 0x0127), (0x0129, 0x0129), (0x012B, 0x012B), (0x012D, 0x012D), (0x012F, 0x012F),
    (0x0131, 0x0131), (0x0133, 0x0133), (0x0135, 0x0135), (0x0137, 0x0138), (0x013A, 0x013A), (0x013C, 0x013C),
    (0x013E, 0x013E), (0x0140, 0x0140), (0x0142, 0x0142), (0x0144, 0x0144), (0x0146, 0x0146), (0x0148, 0x0149),
    (0x014B, 0x014B), (0x014D, 0x014D), (0x014F, 0x014F), (0x0151, 0x0151), (0x0153, 0x0153), (0x0155, 0x0155),
    (0x0157, 0x0157), (0x0159, 0x0159), (0x015B, 0x015B), (0x015D, 0x015D), (0x015F, 0x015F), (0x0161, 0x0161),
    (0x0163, 0x0163), (0x0165, 0x0165), (0x0167, 0x0167), (0x0169, 0x0169), (0x016B, 0x016B), (0x016D, 0x016D),
    (0x016F, 0x016F), (0x0171, 0x0171), (0x0173, 0x0173), (0x0175, 0x0175), (0x0177, 0x0177), (0x017A, 0x017A),
    (0x017C, 0x017C), (0x017E, 0x0180), (0x0183, 0x0183), (0x0185, 0x0185), (0x0188, 0x0188), (0x018C, 0x018D),
    (0x0192, 0x0192), (0x0195, 0x0195), (0x0199, 0x019B), (0x019E, 0x019E), (0x01A1, 0x01A1), (0x01A3, 0x01A3),
    (0x01A5, 0x01A5), (0x01A8, 0x01A8), (0x01AA, 0x01AB), (0x01AD, 0x01AD), (0x01B0, 0x01B0), (0x01B4, 0x01B4),
    (0x01B6, 0x01B6), (0x01B9, 0x01BA), (0x01BD, 0x01BF), (0x01C6, 0x01C6), (0x01C9, 0x01C9), (0x01CC, 0x01CC),
    (0x01CE, 0x01CE), (0x01D0, 0x01D0), (0x01D2, 0x01D2), (0x01D4, 0x01D4), (0x01D6, 0x01D6), (0x01D8, 0x01D8),
    (0x01DA, 0x01DA), (0x01DC, 0x01DD), (0x01DF, 0x01DF), (0x01E1, 0x01E1), (0x01E3, 0x01E3), (0x01E5, 0x01E5),
    (0x01E7, 0x01E7), (0x01E9, 0x01E9), (0x01EB, 0x01EB), (0x01ED, 0x01ED), (0x01EF, 0x01F0), (0x01F3, 0x01F3),
    (0x01F5, 0x01F5), (0x01F9, 0x01F9), (0x01FB, 0x01FB), (0x01FD, 0x01FD), (0x01FF, 0x01FF), (0x0201, 0x0201),
    (0x0203, 0x0203), (0x0205, 0x0205), (0x0207, 0x0207), (0x0209, 0x0209), (0x020B, 0x020B), (0x020D, 0x020D),
    (0x020F, 0x020F), (0x0211, 0x0211), (0x0213, 0x0213), (0x0215, 0x0215), (0x0217, 0x0217), (0x0219, 0x0219),
    (0x021B, 0x021B), (0x021D, 0x021D), (0x021F, 0x021F), (0x0221, 0x0221), (0x0223, 0x0223), (0x0225, 0x0225),
    (0x0227, 0x0227), (0x0229, 0x0229), (0x022B, 0x022B), (0x022D, 0x022D), (0x022F, 0x022F), (0x0231, 0x0231),
    (0x0233, 0x0239), (0x023C, 0x023C), (0x023F, 0x0240), (0x0242, 0x0242), (0x0247, 0x0247), (0x0249, 0x0249),
    (0x024B, 0x024B), (0x024D, 0x024D), (0x024F, 0x0293), (0x0295, 0x02B8), (0x02C0, 0x02C1), (0x02E0, 0x02E4),
    (0x0345, 0x0345), (0x0371, 0x0371), (0x0373, 0x0373), (0x0377, 0x0377), (0x037A, 0x037D), (0x0390, 0x0390),
    (0x03AC, 0x03CE), (0x03D0, 0x03D1), (0x03D5, 0x03D7), (0x03D9, 0x03D9), (0x03DB, 0x03DB), (0x03DD, 0x03DD),
    (0x03DF, 0x03DF), (0x03E1, 0x03E1), (0x03E3, 0x03E3), (0x03E5, 0x03E5), (0x03E7, 0x03E7), (0x03E9, 0x03E9),
    (0x03EB, 0x03EB), (0x03ED, 0x03ED), (0x03EF, 0x03F3), (0x03F5, 0x03F5), (0x03F8, 0x03F8), (0x03FB, 0x03FC),
    (0x0430, 0x045F), (0x0461, 0x0461), (0x0463, 0x0463), (0x0465, 0x0465), (0x0467, 0x0467), (0x0469, 0x0469),
    (0x046B, 0x046B), (0x046D, 0x046D), (0x046F, 0x046F), (0x0471, 0x0471), (0x0473, 0x0473), (0x0475, 0x0475),
    (0x0477, 0x0477), (0x0479, 0x0479), (0x047B, 0x047B), (0x047D, 0x047D), (0x047F, 0x047F), (0x0481, 0x0481),
    (0x048B, 0x048B), (0x048D, 0x048D), (0x048F, 0x048F), (0x0491, 0x0491), (0x0493, 0x0493), (0x0495, 0x0495),
    (0x0497, 0x0497), (0x0499, 0x0499), (0x049B, 0x049B), (0x049D, 0x049D), (0x049F, 0x049F), (0x04A1, 0x04A1),
    (0x04A3, 0x04A3), (0x04A5, 0x04A5), (0x04A7, 0x04A7), (0x04A9, 0x04A9), (0x04AB, 0x04AB), (0x04AD, 0x04AD),
    (0x04AF, 0x04AF), (0x04B1, 0x04B1), (0x04B3, 0x04B3), (0x04B5, 0x04B5), (0x04B7, 0x04B7), (0x04B9, 0x04B9),
    (0x04BB, 0x04BB), (0x04BD, 0x04BD), (0x04BF, 0x04BF), (0x04C2, 0x04C2), (0x04C4, 0x04C4), (0x04C6, 0x04C6),
    (0x04C8, 0x04C8), (0x04CA, 0x04CA), (0x04CC, 0x04CC), (0x04CE, 0x04CF), (0x04D1, 0x04D1), (0x04D3, 0x04D3),
    (0x04D5, 0x04D5), (0x04D7, 0x04D7), (0x04D9, 0x04D9), (0x04DB, 0x04DB), (0x04DD, 0x04DD), (0x04DF, 0x04DF),
    (0x04E1, 0x04E1), (0x04E3, 0x04E3), (0x04E5, 0x04E5), (0x04E7, 0x04E7), (0x04E9, 0x04E9), (0x04EB, 0x04EB),
    (0x04ED, 0x04ED), (0x04EF, 0x04EF), (0x04F1, 0x04F1), (0x04F3, 0x04F3), (0x04F5, 0x04F5), (0x04F7, 0x04F7),
    (0x04F9, 0x04F9), (0x04FB, 0x04FB), (0x04FD, 0x04FD), (0x04FF, 0x04FF), (0x0501, 0x0501), (0x0503, 0x0503),
    (0x0505, 0x0505), (0x0507, 0x0507), (0x0509, 0x0509), (0x050B, 0x050B), (0x050D, 0x050D), (0x050F, 0x050F),
    (0x0511, 0x0511), (0x0513, 0x0513), (0x0515, 0x0515), (0x0517, 0x0517), (0x0519, 0x0519), (0x051B, 0x051B),
    (0x051D, 0x051D), (0x051F, 0x051F), (0x0521, 0x0521), (0x0523, 0x0523), (0x0525, 0x0525), (0x0527, 0x0527),
    (0x0529, 0x0529), (0x052B, 0x052B), (0x052D, 0x052D), (0x052F, 0x052F), (0x0560, 0x0588), (0x10D0, 0x10FA),
    (0x10FC, 0x10FF), (0x13F8, 0x13FD), (0x1C80, 0x1C88), (0x1D00, 0x1DBF), (0x1E01, 0x1E01), (0x1E03, 0x1E03),
    (0x1E05, 0x1E05), (0x1E07, 0x1E07), (0x1E09, 0x1E09), (0x1E0B, 0x1E0B), (0x1E0D, 0x1E0D), (0x1E0F, 0x1E0F),
    (0x1E11, 0x1E11), (0x1E13, 0x1E13), (0x1E15, 0x1E15), (0x1E17, 0x1E17), (0x1E19, 0x1E19), (0x1E1B, 0x1E1B),
    (0x1E1D, 0x1E1D), (0x1E1F, 0x1E1F), (0x1E21, 0x1E21), (0x1E23, 0x1E23), (0x1E25, 0x1E25), (0x1E27, 0x1E27),
    (0x1E29, 0x1E29), (0x1E2B, 0x1E2B), (0x1E2D, 0x1E2D), (0x1E2F, 0x1E2F), (0x1E31, 0x1E31), (0x1E33, 0x1E33),
    (0x1E35, 0x1E35), (0x1E37, 0x1E37), (0x1E39, 0x1E39), (0x1E3B, 0x1E3B), (0x1E3D, 0x1E3D), (0x1E3F, 0x1E3F),
    (0x1E41, 0x1E41), (0x1E43, 0x1E43), (0x1E45, 0x1E45), (0x1E47, 0x1E47), (0x1E49, 0x1E49), (0x1E4B, 0x1E4B),
    (0x1E4D, 0x1E4D), (0x1E4F, 0x1E4F), (0x1E51, 0x1E51), (0x1E53, 0x1E53), (0x1E55, 0x1E55), (0x1E57, 0x1E57),
    (0x1E59, 0x1E59), (0x1E5B, 0x1E5B), (0x1E5D, 0x1E5D), (0x1E5F, 0x1E5F), (0x1E61, 0x1E61), (0x1E63, 0x1E63),
    (0x1E65, 0x1E65), (0x1E67, 0x1E67), (0x1E69, 0x1E69), (0x1E6B, 0x1E6B), (0x1E6D, 0x1E6D), (0x1E6F, 0x1E6F),
    (0x1E71, 0x1E71), (0x1E73, 0x1E73), (0x1E75, 0x1E75), (0x1E77, 0x1E77), (0x1E79, 0x1E79), (0x1E7B, 0x1E7B),
    (0x1E7D, 0x1E7D), (0x1E7F, 0x1E7F), (0x1E81, 0x1E81), (0x1E83, 0x1E83), (0x1E85, 0x1E85), (0x1E87, 0x1E87),
    (0x1E89, 0x1E89), (0x1E8B, 0x1E8B), (0x1E8D, 0x1E8D), (0x1E8F, 0x1E8F), (0x1E91, 0x1E91), (0x1E93, 0x1E93),
    (0x1E95, 0x1E9D), (0x1E9F, 0x1E9F), (0x1EA1, 0x1EA1), (0x1EA3, 0x1EA3), (0x1EA5, 0x1EA5), (0x1EA7, 0x1EA7),
    (0x1EA9, 0x1EA9), (0x1EAB, 0x1EAB), (0x1EAD, 0x1EAD), (0x1EAF, 0x1EAF), (0x1EB1, 0x1EB1), (0x1EB3, 0x1EB3),
    (0x1EB5, 0x1EB5), (0x1EB7, 0x1EB7), (0x1EB9, 0x1EB9), (0x1EBB, 0x1EBB), (0x1EBD, 0x1EBD), (0x1EBF, 0x1EBF),
    (0x1EC1, 0x1EC1), (0x1EC3, 0x1EC3), (0x1EC5, 0x1EC5), (0x1EC7, 0x1EC7), (0x1EC9, 0x1EC9), (0x1ECB, 0x1ECB),
    (0x1ECD, 0x1ECD), (0x1ECF, 0x1ECF), (0x1ED1, 0x1ED1), (0x1ED3, 0x1ED3), (0x1ED5, 0x1ED5), (0x1ED7, 0x1ED7),
    (0x1ED9, 0x1ED9), (0x1EDB, 0x1EDB), (0x1EDD, 0x1EDD), (0x1EDF, 0x1EDF), (0x1EE1, 0x1EE1), (0x1EE3, 0x1EE3),
    (0x1EE5, 0x1EE5), (0x1EE7, 0x1EE7), (0x1EE9, 0x1EE9), (0x1EEB, 0x1EEB), (0x1EED, 0x1EED), (0x1EEF, 0x1EEF),
    (0x1EF1, 0x1EF1), (0x1EF3, 0x1EF3), (0x1EF5, 0x1EF5), (0x1EF7, 0x1EF7), (0x1EF9, 0x1EF9), (0x1EFB, 0x1EFB),
    (0x1EFD, 0x1EFD), (0x1EFF, 0x1F07), (0x1F10, 0x1F15), (0x1F20, 0x1F27), (0x1F30, 0x1F37), (0x1F40, 0x1F45),
    (0x1F50, 0x1F57), (0x1F60, 0x1F67), (0x1F70, 0x1F7D), (0x1F80, 0x1F87), (0x1F90, 0x1F97), (0x1FA0, 0x1FA7),
    (0x1FB0, 0x1FB4), (0x1FB6, 0x1FB7), (0x1FBE, 0x1FBE), (0x1FC2, 0x1FC4), (0x1FC6, 0x1FC7), (0x1FD0, 0x1FD3),
    (0x1FD6, 0x1FD7), (0x1FE0, 0x1FE7), (0x1FF2, 0x1FF4), (0x1FF6, 0x1FF7), (0x2071, 0x2071), (0x207F, 0x207F),
    (0x2090, 0x209C), (0x210A, 0x210A), (0x210E, 0x210F), (0x2113, 0x2113), (0x212F, 0x212F), (0x2134, 0x2134),
    (0x2139, 0x2139), (0x213C, 0x213D), (0x2146, 0x2149), (0x214E, 0x214E), (0x2170, 0x217F), (0x2184, 0x2184),
    (0x24D0, 0x24E9), (0x2C30, 0x2C5F), (0x2C61, 0x2C61), (0x2C65, 0x2C66), (0x2C68, 0x2C68), (0x2C6A, 0x2C6A),
    (0x2C6C, 0x2C6C), (0x2C71, 0x2C71), (0x2C73, 0x2C74), (0x2C76, 0x2C7D), (0x2C81, 0x2C81), (0x2C83, 0x2C83),
    (0x2C85, 0x2C85), (0x2C87, 0x2C87), (0x2C89, 0x2C89), (0x2C8B, 0x2C8B), (0x2C8D, 0x2C8D), (0x2C8F, 0x2C8F),
    (0x2C91, 0x2C91), (0x2C93, 0x2C93), (0x2C95, 0x2C95), (0x2C97, 0x2C97), (0x2C99, 0x2C99), (0x2C9B, 0x2C9B),
    (0x2C9D, 0x2C9D), (0x2C9F, 0x2C9F), (0x2CA1, 0x2CA1), (0x2CA3, 0x2CA3), (0x2CA5, 0x2CA5), (0x2CA7, 0x2CA7),
    (0x2CA9, 0x2CA9), (0x2CAB, 0x2CAB), (0x2CAD, 0x2CAD), (0x2CAF, 0x2CAF), (0x2CB1, 0x2CB1), (0x2CB3, 0x2CB3),
    (0x2CB5, 0x2CB5), (0x2CB7, 0x2CB7), (0x2CB9, 0x2CB9), (0x2CBB, 0x2CBB), (0x2CBD, 0x2CBD), (0x2CBF, 0x2CBF),
    (0x2CC1, 0x2CC1), (0x2CC3, 0x2CC3), (0x2CC5, 0x2CC5), (0x2CC7, 0x2CC7), (0x2CC9, 0x2CC9), (0x2CCB, 0x2CCB),
    (0x2CCD, 0x2CCD), (0x2CCF, 0x2CCF), (0x2CD1, 0x2CD1), (0x2CD3, 0x2CD3), (0x2CD5, 0x2CD5), (0x2CD7, 0x2CD7),
    (0x2CD9, 0x2CD9), (0x2CDB, 0x2CDB), (0x2CDD, 0x2CDD), (0x2CDF, 0x2CDF), (0x2CE1, 0x2CE1), (0x2CE3, 0x2CE4),
    (0x2CEC, 0x2CEC), (0x2CEE, 0x2CEE), (0x2CF3, 0x2CF3), (0x2D00, 0x2D25), (0x2D27, 0x2D27), (0x2D2D, 0x2D2D),
    (0xA641, 0xA641), (0xA643, 0xA643), (0xA645, 0xA645), (0xA647, 0xA647), (0xA649, 0xA649), (0xA64B, 0xA64B),
    (0xA64D, 0xA64D), (0xA64F, 0xA64F), (0xA651, 0xA651), (0xA653, 0xA653), (0xA655, 0xA655), (0xA657, 0xA657),
    (0xA659, 0xA659), (0xA65B, 0xA65B), (0xA65D, 0xA65D), (0xA65F, 0xA65F), (0xA661, 0xA661), (0xA663, 0xA663),
    (0xA665, 0xA665), (0xA667, 0xA667), (0xA669, 0xA669), (0xA66B, 0xA66B), (0xA66D, 0xA66D), (0xA681, 0xA681),
    (0xA683, 0xA683), (0xA685, 0xA685), (0xA687, 0xA687), (0xA689, 0xA689), (0xA68B, 0xA68B), (0xA68D, 0xA68D),
    (0xA68F, 0xA68F), (0xA691, 0xA691), (0xA693, 0xA693), (0xA695, 0xA695), (0xA697, 0xA697), (0xA699, 0xA699),
    (0xA69B, 0xA69D), (0xA723, 0xA723), (0xA725, 0xA725), (0xA727, 0xA727), (0xA729, 0xA729), (0xA72B, 0xA72B),
    (0xA72D, 0xA72D), (0xA72F, 0xA731), (0xA733, 0xA733), (0xA735, 0xA735), (0xA737, 0xA737), (0xA739, 0xA739),
    (0xA73B, 0xA73B), (0xA73D, 0xA73D), (0xA73F, 0xA73F), (0xA741, 0xA741), (0xA743, 0xA743), (0xA745, 0xA745),
    (0xA747, 0xA747), (0xA749, 0xA749), (0xA74B, 0xA74B), (0xA74D, 0xA74D), (0xA74F, 0xA74F), (0xA751, 0xA751),
    (0xA753, 0xA753), (0xA755, 0xA755), (0xA757, 0xA757), (0xA759, 0xA759), (0xA75B, 0xA75B), (0xA75D, 0xA75D),
    (0xA75F, 0xA75F), (0xA761, 0xA761), (0xA763, 0xA763), (0xA765, 0xA765), (0xA767, 0xA767), (0xA769, 0xA769),
    (0xA76B, 0xA76B), (0xA76D, 0xA76D), (0xA76F, 0xA778), (0xA77A, 0xA77A), (0xA77C, 0xA77C), (0xA77F, 0xA77F),
    (0xA781, 0xA781), (0xA783, 0xA783), (0xA785, 0xA785), (0xA787, 0xA787), (0xA78C, 0xA78C), (0xA78E, 0xA78E),
    (0xA791, 0xA791), (0xA793, 0xA795), (0xA797, 0xA797), (0xA799, 0xA799), (0xA79B, 0xA79B), (0xA79D, 0xA79D),
    (0xA79F, 0xA79F), (0xA7A1, 0xA7A1), (0xA7A3, 0xA7A3), (0xA7A5, 0xA7A5), (0xA7A7, 0xA7A7), (0xA7A9, 0xA7A9),
    (0xA7AF, 0xA7AF), (0xA7B5, 0xA7B5), (0xA7B7, 0xA7B7), (0xA7B9, 0xA7B9), (0xA7BB, 0xA7BB), (0xA7BD, 0xA7BD),
    (0xA7BF, 0xA7BF), (0xA7C1, 0xA7C1), (0xA7C3, 0xA7C3), (0xA7C8, 0xA7C8), (0xA7CA, 0xA7CA), (0xA7D1, 0xA7D1),
    (0xA7D3, 0xA7D3), (0xA7D5, 0xA7D5), (0xA7D7, 0xA7D7), (0xA7D9, 0xA7D9), (0xA7F2, 0xA7F4), (0xA7F6, 0xA7F6),
    (0xA7F8, 0xA7FA), (0xAB30, 0xAB5A), (0xAB5C, 0xAB69), (0xAB70, 0xABBF), (0xFB00, 0xFB06), (0xFB13, 0xFB17),
    (0xFF41, 0xFF5A), (0x10428, 0x1044F), (0x104D8, 0x104FB), (0x10597, 0x105A1), (0x105A3, 0x105B1), (0x105B3, 0x105B9),
    (0x105BB, 0x105BC), (0x10780, 0x10780), (0x10783, 0x10785), (0x10787, 0x107B0), (0x107B2, 0x107BA), (0x10CC0, 0x10CF2),
    (0x118C0, 0x118DF), (0x16E60, 0x16E7F), (0x1D41A, 0x1D433), (0x1D44E, 0x1D454), (0x1D456, 0x1D467), (0x1D482, 0x1D49B),
    (0x1D4B6, 0x1D4B9), (0x1D4BB, 0x1D4BB), (0x1D4BD, 0x1D4C3), (0x1D4C5, 0x1D4CF), (0x1D4EA, 0x1D503), (0x1D51E, 0x1D537),
    (0x1D552, 0x1D56B), (0x1D586, 0x1D59F), (0x1D5BA, 0x1D5D3), (0x1D5EE, 0x1D607), (0x1D622, 0x1D63B), (0x1D656, 0x1D66F),
    (0x1D68A, 0x1D6A5), (0x1D6C2, 0x1D6DA), (0x1D6DC, 0x1D6E1), (0x1D6FC, 0x1D714), (0x1D716, 0x1D71B), (0x1D736, 0x1D74E),
    (0x1D750, 0x1D755), (0x1D770, 0x1D788), (0x1D78A, 0x1D78F), (0x1D7AA, 0x1D7C2), (0x1D7C4, 0x1D7C9), (0x1D7CB, 0x1D7CB),
    (0x1DF00, 0x1DF09), (0x1DF0B, 0x1DF1E), (0x1DF25, 0x1DF2A), (0x1E030, 0x1E06D), (0x1E922, 0x1E943),
];

/// The code points `Character.isUpperCase` holds for.
pub(super) const UPPER_CASE: &[(u32, u32)] = &[
    (0x0041, 0x005A), (0x00C0, 0x00D6), (0x00D8, 0x00DE), (0x0100, 0x0100), (0x0102, 0x0102), (0x0104, 0x0104),
    (0x0106, 0x0106), (0x0108, 0x0108), (0x010A, 0x010A), (0x010C, 0x010C), (0x010E, 0x010E), (0x0110, 0x0110),
    (0x0112, 0x0112), (0x0114, 0x0114), (0x0116, 0x0116), (0x0118, 0x0118), (0x011A, 0x011A), (0x011C, 0x011C),
    (0x011E, 0x011E), (0x0120, 0x0120), (0x0122, 0x0122), (0x0124, 0x0124), (0x0126, 0x0126), (0x0128, 0x0128),
    (0x012A, 0x012A), (0x012C, 0x012C), (0x012E, 0x012E), (0x0130, 0x0130), (0x0132, 0x0132), (0x0134, 0x0134),
    (0x0136, 0x0136), (0x0139, 0x0139), (0x013B, 0x013B), (0x013D, 0x013D), (0x013F, 0x013F), (0x0141, 0x0141),
    (0x0143, 0x0143), (0x0145, 0x0145), (0x0147, 0x0147), (0x014A, 0x014A), (0x014C, 0x014C), (0x014E, 0x014E),
    (0x0150, 0x0150), (0x0152, 0x0152), (0x0154, 0x0154), (0x0156, 0x0156), (0x0158, 0x0158), (0x015A, 0x015A),
    (0x015C, 0x015C), (0x015E, 0x015E), (0x0160, 0x0160), (0x0162, 0x0162), (0x0164, 0x0164), (0x0166, 0x0166),
    (0x0168, 0x0168), (0x016A, 0x016A), (0x016C, 0x016C), (0x016E, 0x016E), (0x0170, 0x0170), (0x0172, 0x0172),
    (0x0174, 0x0174), (0x0176, 0x0176), (0x0178, 0x0179), (0x017B, 0x017B), (0x017D, 0x017D), (0x0181, 0x0182),
    (0x0184, 0x0184), (0x0186, 0x0187), (0x0189, 0x018B), (0x018E, 0x0191), (0x0193, 0x0194), (0x0196, 0x0198),
    (0x019C, 0x019D), (0x019F, 0x01A0), (0x01A2, 0x01A2), (0x01A4, 0x01A4), (0x01A6, 0x01A7), (0x01A9, 0x01A9),
    (0x01AC, 0x01AC), (0x01AE, 0x01AF), (0x01B1, 0x01B3), (0x01B5, 0x01B5), (0x01B7, 0x01B8), (0x01BC, 0x01BC),
    (0x01C4, 0x01C4), (0x01C7, 0x01C7), (0x01CA, 0x01CA), (0x01CD, 0x01CD), (0x01CF, 0x01CF), (0x01D1, 0x01D1),
    (0x01D3, 0x01D3), (0x01D5, 0x01D5), (0x01D7, 0x01D7), (0x01D9, 0x01D9), (0x01DB, 0x01DB), (0x01DE, 0x01DE),
    (0x01E0, 0x01E0), (0x01E2, 0x01E2), (0x01E4, 0x01E4), (0x01E6, 0x01E6), (0x01E8, 0x01E8), (0x01EA, 0x01EA),
    (0x01EC, 0x01EC), (0x01EE, 0x01EE), (0x01F1, 0x01F1), (0x01F4, 0x01F4), (0x01F6, 0x01F8), (0x01FA, 0x01FA),
    (0x01FC, 0x01FC), (0x01FE, 0x01FE), (0x0200, 0x0200), (0x0202, 0x0202), (0x0204, 0x0204), (0x0206, 0x0206),
    (0x0208, 0x0208), (0x020A, 0x020A), (0x020C, 0x020C), (0x020E, 0x020E), (0x0210, 0x0210), (0x0212, 0x0212),
    (0x0214, 0x0214), (0x0216, 0x0216), (0x0218, 0x0218), (0x021A, 0x021A), (0x021C, 0x021C), (0x021E, 0x021E),
    (0x0220, 0x0220), (0x0222, 0x0222), (0x0224, 0x0224), (0x0226, 0x0226), (0x0228, 0x0228), (0x022A, 0x022A),
    (0x022C, 0x022C), (0x022E, 0x022E), (0x0230, 0x0230), (0x0232, 0x0232), (0x023A, 0x023B), (0x023D, 0x023E),
    (0x0241, 0x0241), (0x0243, 0x0246), (0x0248, 0x0248), (0x024A, 0x024A), (0x024C, 0x024C), (0x024E, 0x024E),
    (0x0370, 0x0370), (0x0372, 0x0372), (0x0376, 0x0376), (0x037F, 0x037F), (0x0386, 0x0386), (0x0388, 0x038A),
    (0x038C, 0x038C), (0x038E, 0x038F), (0x0391, 0x03A1), (0x03A3, 0x03AB), (0x03CF, 0x03CF), (0x03D2, 0x03D4),
    (0x03D8, 0x03D8), (0x03DA, 0x03DA), (0x03DC, 0x03DC), (0x03DE, 0x03DE), (0x03E0, 0x03E0), (0x03E2, 0x03E2),
    (0x03E4, 0x03E4), (0x03E6, 0x03E6), (0x03E8, 0x03E8), (0x03EA, 0x03EA), (0x03EC, 0x03EC), (0x03EE, 0x03EE),
    (0x03F4, 0x03F4), (0x03F7, 0x03F7), (0x03F9, 0x03FA), (0x03FD, 0x042F), (0x0460, 0x0460), (0x0462, 0x0462),
    (0x0464, 0x0464), (0x0466, 0x0466), (0x0468, 0x0468), (0x046A, 0x046A), (0x046C, 0x046C), (0x046E, 0x046E),
    (0x0470, 0x0470), (0x0472, 0x0472), (0x0474, 0x0474), (0x0476, 0x0476), (0x0478, 0x0478), (0x047A, 0x047A),
    (0x047C, 0x047C), (0x047E, 0x047E), (0x0480, 0x0480), (0x048A, 0x048A), (0x048C, 0x048C), (0x048E, 0x048E),
    (0x0490, 0x0490), (0x0492, 0x0492), (0x0494, 0x0494), (0x0496, 0x0496), (0x0498, 0x0498), (0x049A, 0x049A),
    (0x049C, 0x049C), (0x049E, 0x049E), (0x04A0, 0x04A0), (0x04A2, 0x04A2), (0x04A4, 0x04A4), (0x04A6, 0x04A6),
    (0x04A8, 0x04A8), (0x04AA, 0x04AA), (0x04AC, 0x04AC), (0x04AE, 0x04AE), (0x04B0, 0x04B0), (0x04B2, 0x04B2),
    (0x04B4, 0x04B4), (0x04B6, 0x04B6), (0x04B8, 0x04B8), (0x04BA, 0x04BA), (0x04BC, 0x04BC), (0x04BE, 0x04BE),
    (0x04C0, 0x04C1), (0x04C3, 0x04C3), (0x04C5, 0x04C5), (0x04C7, 0x04C7), (0x04C9, 0x04C9), (0x04CB, 0x04CB),
    (0x04CD, 0x04CD), (0x04D0, 0x04D0), (0x04D2, 0x04D2), (0x04D4, 0x04D4), (0x04D6, 0x04D6), (0x04D8, 0x04D8),
    (0x04DA, 0x04DA), (0x04DC, 0x04DC), (0x04DE, 0x04DE), (0x04E0, 0x04E0), (0x04E2, 0x04E2), (0x04E4, 0x04E4),
    (0x04E6, 0x04E6), (0x04E8, 0x04E8), (0x04EA, 0x04EA), (0x04EC, 0x04EC), (0x04EE, 0x04EE), (0x04F0, 0x04F0),
    (0x04F2, 0x04F2), (0x04F4, 0x04F4), (0x04F6, 0x04F6), (0x04F8, 0x04F8), (0x04FA, 0x04FA), (0x04FC, 0x04FC),
    (0x04FE, 0x04FE), (0x0500, 0x0500), (0x0502, 0x0502), (0x0504, 0x0504), (0x0506, 0x0506), (0x0508, 0x0508),
    (0x050A, 0x050A), (0x050C, 0x050C), (0x050E, 0x050E), (0x0510, 0x0510), (0x0512, 0x0512), (0x0514, 0x0514),
    (0x0516, 0x0516), (0x0518, 0x0518), (0x051A, 0x051A), (0x051C, 0x051C), (0x051E, 0x051E), (0x0520, 0x0520),
    (0x0522, 0x0522), (0x0524, 0x0524), (0x0526, 0x0526), (0x0528, 0x0528), (0x052A, 0x052A), (0x052C, 0x052C),
    (0x052E, 0x052E), (0x0531, 0x0556), (0x10A0, 0x10C5), (0x10C7, 0x10C7), (0x10CD, 0x10CD), (0x13A0, 0x13F5),
    (0x1C90, 0x1CBA), (0x1CBD, 0x1CBF), (0x1E00, 0x1E00), (0x1E02, 0x1E02), (0x1E04, 0x1E04), (0x1E06, 0x1E06),
    (0x1E08, 0x1E08), (0x1E0A, 0x1E0A), (0x1E0C, 0x1E0C), (0x1E0E, 0x1E0E), (0x1E10, 0x1E10), (0x1E12, 0x1E12),
    (0x1E14, 0x1E14), (0x1E16, 0x1E16), (0x1E18, 0x1E18), (0x1E1A, 0x1E1A), (0x1E1C, 0x1E1C), (0x1E1E, 0x1E1E),
    (0x1E20, 0x1E20), (0x1E22, 0x1E22), (0x1E24, 0x1E24), (0x1E26, 0x1E26), (0x1E28, 0x1E28), (0x1E2A, 0x1E2A),
    (0x1E2C, 0x1E2C), (0x1E2E, 0x1E2E), (0x1E30, 0x1E30), (0x1E32, 0x1E32), (0x1E34, 0x1E34), (0x1E36, 0x1E36),
    (0x1E38, 0x1E38), (0x1E3A, 0x1E3A), (0x1E3C, 0x1E3C), (0x1E3E, 0x1E3E), (0x1E40, 0x1E40), (0x1E42, 0x1E42),
    (0x1E44, 0x1E44), (0x1E46, 0x1E46), (0x1E48, 0x1E48), (0x1E4A, 0x1E4A), (0x1E4C, 0x1E4C), (0x1E4E, 0x1E4E),
    (0x1E50, 0x1E50), (0x1E52, 0x1E52), (0x1E54, 0x1E54), (0x1E56, 0x1E56), (0x1E58, 0x1E58), (0x1E5A, 0x1E5A),
    (0x1E5C, 0x1E5C), (0x1E5E, 0x1E5E), (0x1E60, 0x1E60), (0x1E62, 0x1E62), (0x1E64, 0x1E64), (0x1E66, 0x1E66),
    (0x1E68, 0x1E68), (0x1E6A, 0x1E6A), (0x1E6C, 0x1E6C), (0x1E6E, 0x1E6E), (0x1E70, 0x1E70), (0x1E72, 0x1E72),
    (0x1E74, 0x1E74), (0x1E76, 0x1E76), (0x1E78, 0x1E78), (0x1E7A, 0x1E7A), (0x1E7C, 0x1E7C), (0x1E7E, 0x1E7E),
    (0x1E80, 0x1E80), (0x1E82, 0x1E82), (0x1E84, 0x1E84), (0x1E86, 0x1E86), (0x1E88, 0x1E88), (0x1E8A, 0x1E8A),
    (0x1E8C, 0x1E8C), (0x1E8E, 0x1E8E), (0x1E90, 0x1E90), (0x1E92, 0x1E92), (0x1E94, 0x1E94), (0x1E9E, 0x1E9E),
    (0x1EA0, 0x1EA0), (0x1EA2, 0x1EA2), (0x1EA4, 0x1EA4), (0x1EA6, 0x1EA6), (0x1EA8, 0x1EA8), (0x1EAA, 0x1EAA),
    (0x1EAC, 0x1EAC), (0x1EAE, 0x1EAE), (0x1EB0, 0x1EB0), (0x1EB2, 0x1EB2), (0x1EB4, 0x1EB4), (0x1EB6, 0x1EB6),
    (0x1EB8, 0x1EB8), (0x1EBA, 0x1EBA), (0x1EBC, 0x1EBC), (0x1EBE, 0x1EBE), (0x1EC0, 0x1EC0), (0x1EC2, 0x1EC2),
    (0x1EC4, 0x1EC4), (0x1EC6, 0x1EC6), (0x1EC8, 0x1EC8), (0x1ECA, 0x1ECA), (0x1ECC, 0x1ECC), (0x1ECE, 0x1ECE),
    (0x1ED0, 0x1ED0), (0x1ED2, 0x1ED2), (0x1ED4, 0x1ED4), (0x1ED6, 0x1ED6), (0x1ED8, 0x1ED8), (0x1EDA, 0x1EDA),
    (0x1EDC, 0x1EDC), (0x1EDE, 0x1EDE), (0x1EE0, 0x1EE0), (0x1EE2, 0x1EE2), (0x1EE4, 0x1EE4), (0x1EE6, 0x1EE6),
    (0x1EE8, 0x1EE8), (0x1EEA, 0x1EEA), (0x1EEC, 0x1EEC), (0x1EEE, 0x1EEE), (0x1EF0, 0x1EF0), (0x1EF2, 0x1EF2),
    (0x1EF4, 0x1EF4), (0x1EF6, 0x1EF6), (0x1EF8, 0x1EF8), (0x1EFA, 0x1EFA), (0x1EFC, 0x1EFC), (0x1EFE, 0x1EFE),
    (0x1F08, 0x1F0F), (0x1F18, 0x1F1D), (0x1F28, 0x1F2F), (0x1F38, 0x1F3F), (0x1F48, 0x1F4D), (0x1F59, 0x1F59),
    (0x1F5B, 0x1F5B), (0x1F5D, 0x1F5D), (0x1F5F, 0x1F5F), (0x1F68, 0x1F6F), (0x1FB8, 0x1FBB), (0x1FC8, 0x1FCB),
    (0x1FD8, 0x1FDB), (0x1FE8, 0x1FEC), (0x1FF8, 0x1FFB), (0x2102, 0x2102), (0x2107, 0x2107), (0x210B, 0x210D),
    (0x2110, 0x2112), (0x2115, 0x2115), (0x2119, 0x211D), (0x2124, 0x2124), (0x2126, 0x2126), (0x2128, 0x2128),
    (0x212A, 0x212D), (0x2130, 0x2133), (0x213E, 0x213F), (0x2145, 0x2145), (0x2160, 0x216F), (0x2183, 0x2183),
    (0x24B6, 0x24CF), (0x2C00, 0x2C2F), (0x2C60, 0x2C60), (0x2C62, 0x2C64), (0x2C67, 0x2C67), (0x2C69, 0x2C69),
    (0x2C6B, 0x2C6B), (0x2C6D, 0x2C70), (0x2C72, 0x2C72), (0x2C75, 0x2C75), (0x2C7E, 0x2C80), (0x2C82, 0x2C82),
    (0x2C84, 0x2C84), (0x2C86, 0x2C86), (0x2C88, 0x2C88), (0x2C8A, 0x2C8A), (0x2C8C, 0x2C8C), (0x2C8E, 0x2C8E),
    (0x2C90, 0x2C90), (0x2C92, 0x2C92), (0x2C94, 0x2C94), (0x2C96, 0x2C96), (0x2C98, 0x2C98), (0x2C9A, 0x2C9A),
    (0x2C9C, 0x2C9C), (0x2C9E, 0x2C9E), (0x2CA0, 0x2CA0), (0x2CA2, 0x2CA2), (0x2CA4, 0x2CA4), (0x2CA6, 0x2CA6),
    (0x2CA8, 0x2CA8), (0x2CAA, 0x2CAA), (0x2CAC, 0x2CAC), (0x2CAE, 0x2CAE), (0x2CB0, 0x2CB0), (0x2CB2, 0x2CB2),
    (0x2CB4, 0x2CB4), (0x2CB6, 0x2CB6), (0x2CB8, 0x2CB8), (0x2CBA, 0x2CBA), (0x2CBC, 0x2CBC), (0x2CBE, 0x2CBE),
    (0x2CC0, 0x2CC0), (0x2CC2, 0x2CC2), (0x2CC4, 0x2CC4), (0x2CC6, 0x2CC6), (0x2CC8, 0x2CC8), (0x2CCA, 0x2CCA),
    (0x2CCC, 0x2CCC), (0x2CCE, 0x2CCE), (0x2CD0, 0x2CD0), (0x2CD2, 0x2CD2), (0x2CD4, 0x2CD4), (0x2CD6, 0x2CD6),
    (0x2CD8, 0x2CD8), (0x2CDA, 0x2CDA), (0x2CDC, 0x2CDC), (0x2CDE, 0x2CDE), (0x2CE0, 0x2CE0), (0x2CE2, 0x2CE2),
    (0x2CEB, 0x2CEB), (0x2CED, 0x2CED), (0x2CF2, 0x2CF2), (0xA640, 0xA640), (0xA642, 0xA642), (0xA644, 0xA644),
    (0xA646, 0xA646), (0xA648, 0xA648), (0xA64A, 0xA64A), (0xA64C, 0xA64C), (0xA64E, 0xA64E), (0xA650, 0xA650),
    (0xA652, 0xA652), (0xA654, 0xA654), (0xA656, 0xA656), (0xA658, 0xA658), (0xA65A, 0xA65A), (0xA65C, 0xA65C),
    (0xA65E, 0xA65E), (0xA660, 0xA660), (0xA662, 0xA662), (0xA664, 0xA664), (0xA666, 0xA666), (0xA668, 0xA668),
    (0xA66A, 0xA66A), (0xA66C, 0xA66C), (0xA680, 0xA680), (0xA682, 0xA682), (0xA684, 0xA684), (0xA686, 0xA686),
    (0xA688, 0xA688), (0xA68A, 0xA68A), (0xA68C, 0xA68C), (0xA68E, 0xA68E), (0xA690, 0xA690), (0xA692, 0xA692),
    (0xA694, 0xA694), (0xA696, 0xA696), (0xA698, 0xA698), (0xA69A, 0xA69A), (0xA722, 0xA722), (0xA724, 0xA724),
    (0xA726, 0xA726), (0xA728, 0xA728), (0xA72A, 0xA72A), (0xA72C, 0xA72C), (0xA72E, 0xA72E), (0xA732, 0xA732),
    (0xA734, 0xA734), (0xA736, 0xA736), (0xA738, 0xA738), (0xA73A, 0xA73A), (0xA73C, 0xA73C), (0xA73E, 0xA73E),
    (0xA740, 0xA740), (0xA742, 0xA742), (0xA744, 0xA744), (0xA746, 0xA746), (0xA748, 0xA748), (0xA74A, 0xA74A),
    (0xA74C, 0xA74C), (0xA74E, 0xA74E), (0xA750, 0xA750), (0xA752, 0xA752), (0xA754, 0xA754), (0xA756, 0xA756),
    (0xA758, 0xA758), (0xA75A, 0xA75A), (0xA75C, 0xA75C), (0xA75E, 0xA75E), (0xA760, 0xA760), (0xA762, 0xA762),
    (0xA764, 0xA764), (0xA766, 0xA766), (0xA768, 0xA768), (0xA76A, 0xA76A), (0xA76C, 0xA76C), (0xA76E, 0xA76E),
    (0xA779, 0xA779), (0xA77B, 0xA77B), (0xA77D, 0xA77E), (0xA780, 0xA780), (0xA782, 0xA782), (0xA784, 0xA784),
    (0xA786, 0xA786), (0xA78B, 0xA78B), (0xA78D, 0xA78D), (0xA790, 0xA790), (0xA792, 0xA792), (0xA796, 0xA796),
    (0xA798, 0xA798), (0xA79A, 0xA79A), (0xA79C, 0xA79C), (0xA79E, 0xA79E), (0xA7A0, 0xA7A0), (0xA7A2, 0xA7A2),
    (0xA7A4, 0xA7A4), (0xA7A6, 0xA7A6), (0xA7A8, 0xA7A8), (0xA7AA, 0xA7AE), (0xA7B0, 0xA7B4), (0xA7B6, 0xA7B6),
    (0xA7B8, 0xA7B8), (0xA7BA, 0xA7BA), (0xA7BC, 0xA7BC), (0xA7BE, 0xA7BE), (0xA7C0, 0xA7C0), (0xA7C2, 0xA7C2),
    (0xA7C4, 0xA7C7), (0xA7C9, 0xA7C9), (0xA7D0, 0xA7D0), (0xA7D6, 0xA7D6), (0xA7D8, 0xA7D8), (0xA7F5, 0xA7F5),
    (0xFF21, 0xFF3A), (0x10400, 0x10427), (0x104B0, 0x104D3), (0x10570, 0x1057A), (0x1057C, 0x1058A), (0x1058C, 0x10592),
    (0x10594, 0x10595), (0x10C80, 0x10CB2), (0x118A0, 0x118BF), (0x16E40, 0x16E5F), (0x1D400, 0x1D419), (0x1D434, 0x1D44D),
    (0x1D468, 0x1D481), (0x1D49C, 0x1D49C), (0x1D49E, 0x1D49F), (0x1D4A2, 0x1D4A2), (0x1D4A5, 0x1D4A6), (0x1D4A9, 0x1D4AC),
    (0x1D4AE, 0x1D4B5), (0x1D4D0, 0x1D4E9), (0x1D504, 0x1D505), (0x1D507, 0x1D50A), (0x1D50D, 0x1D514), (0x1D516, 0x1D51C),
    (0x1D538, 0x1D539), (0x1D53B, 0x1D53E), (0x1D540, 0x1D544), (0x1D546, 0x1D546), (0x1D54A, 0x1D550), (0x1D56C, 0x1D585),
    (0x1D5A0, 0x1D5B9), (0x1D5D4, 0x1D5ED), (0x1D608, 0x1D621), (0x1D63C, 0x1D655), (0x1D670, 0x1D689), (0x1D6A8, 0x1D6C0),
    (0x1D6E2, 0x1D6FA), (0x1D71C, 0x1D734), (0x1D756, 0x1D76E), (0x1D790, 0x1D7A8), (0x1D7CA, 0x1D7CA), (0x1E900, 0x1E921),
    (0x1F130, 0x1F149), (0x1F150, 0x1F169), (0x1F170, 0x1F189),
];

/// The code points `Character.isMirrored` holds for.
pub(super) const MIRRORED: &[(u32, u32)] = &[
    (0x0028, 0x0029), (0x003C, 0x003C), (0x003E, 0x003E), (0x005B, 0x005B), (0x005D, 0x005D), (0x007B, 0x007B),
    (0x007D, 0x007D), (0x00AB, 0x00AB), (0x00BB, 0x00BB), (0x0F3A, 0x0F3D), (0x169B, 0x169C), (0x2039, 0x203A),
    (0x2045, 0x2046), (0x207D, 0x207E), (0x208D, 0x208E), (0x2140, 0x2140), (0x2201, 0x2204), (0x2208, 0x220D),
    (0x2211, 0x2211), (0x2215, 0x2216), (0x221A, 0x221D), (0x221F, 0x2222), (0x2224, 0x2224), (0x2226, 0x2226),
    (0x222B, 0x2233), (0x2239, 0x2239), (0x223B, 0x224C), (0x2252, 0x2255), (0x225F, 0x2260), (0x2262, 0x2262),
    (0x2264, 0x226B), (0x226E, 0x228C), (0x228F, 0x2292), (0x2298, 0x2298), (0x22A2, 0x22A3), (0x22A6, 0x22B8),
    (0x22BE, 0x22BF), (0x22C9, 0x22CD), (0x22D0, 0x22D1), (0x22D6, 0x22ED), (0x22F0, 0x22FF), (0x2308, 0x230B),
    (0x2320, 0x2321), (0x2329, 0x232A), (0x2768, 0x2775), (0x27C0, 0x27C0), (0x27C3, 0x27C6), (0x27C8, 0x27C9),
    (0x27CB, 0x27CD), (0x27D3, 0x27D6), (0x27DC, 0x27DE), (0x27E2, 0x27EF), (0x2983, 0x2998), (0x299B, 0x29A0),
    (0x29A2, 0x29AF), (0x29B8, 0x29B8), (0x29C0, 0x29C5), (0x29C9, 0x29C9), (0x29CE, 0x29D2), (0x29D4, 0x29D5),
    (0x29D8, 0x29DC), (0x29E1, 0x29E1), (0x29E3, 0x29E5), (0x29E8, 0x29E9), (0x29F4, 0x29F9), (0x29FC, 0x29FD),
    (0x2A0A, 0x2A1C), (0x2A1E, 0x2A21), (0x2A24, 0x2A24), (0x2A26, 0x2A26), (0x2A29, 0x2A29), (0x2A2B, 0x2A2E),
    (0x2A34, 0x2A35), (0x2A3C, 0x2A3E), (0x2A57, 0x2A58), (0x2A64, 0x2A65), (0x2A6A, 0x2A6D), (0x2A6F, 0x2A70),
    (0x2A73, 0x2A74), (0x2A79, 0x2AA3), (0x2AA6, 0x2AAD), (0x2AAF, 0x2AD6), (0x2ADC, 0x2ADC), (0x2ADE, 0x2ADE),
    (0x2AE2, 0x2AE6), (0x2AEC, 0x2AEE), (0x2AF3, 0x2AF3), (0x2AF7, 0x2AFB), (0x2AFD, 0x2AFD), (0x2BFE, 0x2BFE),
    (0x2E02, 0x2E05), (0x2E09, 0x2E0A), (0x2E0C, 0x2E0D), (0x2E1C, 0x2E1D), (0x2E20, 0x2E29), (0x2E55, 0x2E5C),
    (0x3008, 0x3011), (0x3014, 0x301B), (0xFE59, 0xFE5E), (0xFE64, 0xFE65), (0xFF08, 0xFF09), (0xFF1C, 0xFF1C),
    (0xFF1E, 0xFF1E), (0xFF3B, 0xFF3B), (0xFF3D, 0xFF3D), (0xFF5B, 0xFF5B), (0xFF5D, 0xFF5D), (0xFF5F, 0xFF60),
    (0xFF62, 0xFF63), (0x1D6DB, 0x1D6DB), (0x1D715, 0x1D715), (0x1D74F, 0x1D74F), (0x1D789, 0x1D789), (0x1D7C3, 0x1D7C3),
];

/// The code points `Character.isWhitespace` holds for.
pub(super) const WHITESPACE: &[(u32, u32)] = &[
    (0x0009, 0x000D), (0x001C, 0x0020), (0x1680, 0x1680), (0x2000, 0x2006), (0x2008, 0x200A), (0x2028, 0x2029),
    (0x205F, 0x205F), (0x3000, 0x3000),
];

/// The code points `Character.isEmoji` holds for.
pub(super) const EMOJI: &[(u32, u32)] = &[
    (0x0023, 0x0023), (0x002A, 0x002A), (0x0030, 0x0039), (0x00A9, 0x00A9), (0x00AE, 0x00AE), (0x203C, 0x203C),
    (0x2049, 0x2049), (0x2122, 0x2122), (0x2139, 0x2139), (0x2194, 0x2199), (0x21A9, 0x21AA), (0x231A, 0x231B),
    (0x2328, 0x2328), (0x23CF, 0x23CF), (0x23E9, 0x23F3), (0x23F8, 0x23FA), (0x24C2, 0x24C2), (0x25AA, 0x25AB),
    (0x25B6, 0x25B6), (0x25C0, 0x25C0), (0x25FB, 0x25FE), (0x2600, 0x2604), (0x260E, 0x260E), (0x2611, 0x2611),
    (0x2614, 0x2615), (0x2618, 0x2618), (0x261D, 0x261D), (0x2620, 0x2620), (0x2622, 0x2623), (0x2626, 0x2626),
    (0x262A, 0x262A), (0x262E, 0x262F), (0x2638, 0x263A), (0x2640, 0x2640), (0x2642, 0x2642), (0x2648, 0x2653),
    (0x265F, 0x2660), (0x2663, 0x2663), (0x2665, 0x2666), (0x2668, 0x2668), (0x267B, 0x267B), (0x267E, 0x267F),
    (0x2692, 0x2697), (0x2699, 0x2699), (0x269B, 0x269C), (0x26A0, 0x26A1), (0x26A7, 0x26A7), (0x26AA, 0x26AB),
    (0x26B0, 0x26B1), (0x26BD, 0x26BE), (0x26C4, 0x26C5), (0x26C8, 0x26C8), (0x26CE, 0x26CF), (0x26D1, 0x26D1),
    (0x26D3, 0x26D4), (0x26E9, 0x26EA), (0x26F0, 0x26F5), (0x26F7, 0x26FA), (0x26FD, 0x26FD), (0x2702, 0x2702),
    (0x2705, 0x2705), (0x2708, 0x270D), (0x270F, 0x270F), (0x2712, 0x2712), (0x2714, 0x2714), (0x2716, 0x2716),
    (0x271D, 0x271D), (0x2721, 0x2721), (0x2728, 0x2728), (0x2733, 0x2734), (0x2744, 0x2744), (0x2747, 0x2747),
    (0x274C, 0x274C), (0x274E, 0x274E), (0x2753, 0x2755), (0x2757, 0x2757), (0x2763, 0x2764), (0x2795, 0x2797),
    (0x27A1, 0x27A1), (0x27B0, 0x27B0), (0x27BF, 0x27BF), (0x2934, 0x2935), (0x2B05, 0x2B07), (0x2B1B, 0x2B1C),
    (0x2B50, 0x2B50), (0x2B55, 0x2B55), (0x3030, 0x3030), (0x303D, 0x303D), (0x3297, 0x3297), (0x3299, 0x3299),
    (0x1F004, 0x1F004), (0x1F0CF, 0x1F0CF), (0x1F170, 0x1F171), (0x1F17E, 0x1F17F), (0x1F18E, 0x1F18E), (0x1F191, 0x1F19A),
    (0x1F1E6, 0x1F1FF), (0x1F201, 0x1F202), (0x1F21A, 0x1F21A), (0x1F22F, 0x1F22F), (0x1F232, 0x1F23A), (0x1F250, 0x1F251),
    (0x1F300, 0x1F321), (0x1F324, 0x1F393), (0x1F396, 0x1F397), (0x1F399, 0x1F39B), (0x1F39E, 0x1F3F0), (0x1F3F3, 0x1F3F5),
    (0x1F3F7, 0x1F4FD), (0x1F4FF, 0x1F53D), (0x1F549, 0x1F54E), (0x1F550, 0x1F567), (0x1F56F, 0x1F570), (0x1F573, 0x1F57A),
    (0x1F587, 0x1F587), (0x1F58A, 0x1F58D), (0x1F590, 0x1F590), (0x1F595, 0x1F596), (0x1F5A4, 0x1F5A5), (0x1F5A8, 0x1F5A8),
    (0x1F5B1, 0x1F5B2), (0x1F5BC, 0x1F5BC), (0x1F5C2, 0x1F5C4), (0x1F5D1, 0x1F5D3), (0x1F5DC, 0x1F5DE), (0x1F5E1, 0x1F5E1),
    (0x1F5E3, 0x1F5E3), (0x1F5E8, 0x1F5E8), (0x1F5EF, 0x1F5EF), (0x1F5F3, 0x1F5F3), (0x1F5FA, 0x1F64F), (0x1F680, 0x1F6C5),
    (0x1F6CB, 0x1F6D2), (0x1F6D5, 0x1F6D7), (0x1F6DC, 0x1F6E5), (0x1F6E9, 0x1F6E9), (0x1F6EB, 0x1F6EC), (0x1F6F0, 0x1F6F0),
    (0x1F6F3, 0x1F6FC), (0x1F7E0, 0x1F7EB), (0x1F7F0, 0x1F7F0), (0x1F90C, 0x1F93A), (0x1F93C, 0x1F945), (0x1F947, 0x1F9FF),
    (0x1FA70, 0x1FA7C), (0x1FA80, 0x1FA88), (0x1FA90, 0x1FABD), (0x1FABF, 0x1FAC5), (0x1FACE, 0x1FADB), (0x1FAE0, 0x1FAE8),
    (0x1FAF0, 0x1FAF8),
];

/// The code points `Character.isEmojiPresentation` holds for.
pub(super) const EMOJI_PRESENTATION: &[(u32, u32)] = &[
    (0x231A, 0x231B), (0x23E9, 0x23EC), (0x23F0, 0x23F0), (0x23F3, 0x23F3), (0x25FD, 0x25FE), (0x2614, 0x2615),
    (0x2648, 0x2653), (0x267F, 0x267F), (0x2693, 0x2693), (0x26A1, 0x26A1), (0x26AA, 0x26AB), (0x26BD, 0x26BE),
    (0x26C4, 0x26C5), (0x26CE, 0x26CE), (0x26D4, 0x26D4), (0x26EA, 0x26EA), (0x26F2, 0x26F3), (0x26F5, 0x26F5),
    (0x26FA, 0x26FA), (0x26FD, 0x26FD), (0x2705, 0x2705), (0x270A, 0x270B), (0x2728, 0x2728), (0x274C, 0x274C),
    (0x274E, 0x274E), (0x2753, 0x2755), (0x2757, 0x2757), (0x2795, 0x2797), (0x27B0, 0x27B0), (0x27BF, 0x27BF),
    (0x2B1B, 0x2B1C), (0x2B50, 0x2B50), (0x2B55, 0x2B55), (0x1F004, 0x1F004), (0x1F0CF, 0x1F0CF), (0x1F18E, 0x1F18E),
    (0x1F191, 0x1F19A), (0x1F1E6, 0x1F1FF), (0x1F201, 0x1F201), (0x1F21A, 0x1F21A), (0x1F22F, 0x1F22F), (0x1F232, 0x1F236),
    (0x1F238, 0x1F23A), (0x1F250, 0x1F251), (0x1F300, 0x1F320), (0x1F32D, 0x1F335), (0x1F337, 0x1F37C), (0x1F37E, 0x1F393),
    (0x1F3A0, 0x1F3CA), (0x1F3CF, 0x1F3D3), (0x1F3E0, 0x1F3F0), (0x1F3F4, 0x1F3F4), (0x1F3F8, 0x1F43E), (0x1F440, 0x1F440),
    (0x1F442, 0x1F4FC), (0x1F4FF, 0x1F53D), (0x1F54B, 0x1F54E), (0x1F550, 0x1F567), (0x1F57A, 0x1F57A), (0x1F595, 0x1F596),
    (0x1F5A4, 0x1F5A4), (0x1F5FB, 0x1F64F), (0x1F680, 0x1F6C5), (0x1F6CC, 0x1F6CC), (0x1F6D0, 0x1F6D2), (0x1F6D5, 0x1F6D7),
    (0x1F6DC, 0x1F6DF), (0x1F6EB, 0x1F6EC), (0x1F6F4, 0x1F6FC), (0x1F7E0, 0x1F7EB), (0x1F7F0, 0x1F7F0), (0x1F90C, 0x1F93A),
    (0x1F93C, 0x1F945), (0x1F947, 0x1F9FF), (0x1FA70, 0x1FA7C), (0x1FA80, 0x1FA88), (0x1FA90, 0x1FABD), (0x1FABF, 0x1FAC5),
    (0x1FACE, 0x1FADB), (0x1FAE0, 0x1FAE8), (0x1FAF0, 0x1FAF8),
];

/// The code points `Character.isEmojiModifier` holds for.
pub(super) const EMOJI_MODIFIER: &[(u32, u32)] = &[
    (0x1F3FB, 0x1F3FF),
];

/// The code points `Character.isEmojiModifierBase` holds for.
pub(super) const EMOJI_MODIFIER_BASE: &[(u32, u32)] = &[
    (0x261D, 0x261D), (0x26F9, 0x26F9), (0x270A, 0x270D), (0x1F385, 0x1F385), (0x1F3C2, 0x1F3C4), (0x1F3C7, 0x1F3C7),
    (0x1F3CA, 0x1F3CC), (0x1F442, 0x1F443), (0x1F446, 0x1F450), (0x1F466, 0x1F478), (0x1F47C, 0x1F47C), (0x1F481, 0x1F483),
    (0x1F485, 0x1F487), (0x1F48F, 0x1F48F), (0x1F491, 0x1F491), (0x1F4AA, 0x1F4AA), (0x1F574, 0x1F575), (0x1F57A, 0x1F57A),
    (0x1F590, 0x1F590), (0x1F595, 0x1F596), (0x1F645, 0x1F647), (0x1F64B, 0x1F64F), (0x1F6A3, 0x1F6A3), (0x1F6B4, 0x1F6B6),
    (0x1F6C0, 0x1F6C0), (0x1F6CC, 0x1F6CC), (0x1F90C, 0x1F90C), (0x1F90F, 0x1F90F), (0x1F918, 0x1F91F), (0x1F926, 0x1F926),
    (0x1F930, 0x1F939), (0x1F93C, 0x1F93E), (0x1F977, 0x1F977), (0x1F9B5, 0x1F9B6), (0x1F9B8, 0x1F9B9), (0x1F9BB, 0x1F9BB),
    (0x1F9CD, 0x1F9CF), (0x1F9D1, 0x1F9DD), (0x1FAC3, 0x1FAC5), (0x1FAF0, 0x1FAF8),
];

/// The code points `Character.isEmojiComponent` holds for.
pub(super) const EMOJI_COMPONENT: &[(u32, u32)] = &[
    (0x0023, 0x0023), (0x002A, 0x002A), (0x0030, 0x0039), (0x200D, 0x200D), (0x20E3, 0x20E3), (0xFE0F, 0xFE0F),
    (0x1F1E6, 0x1F1FF), (0x1F3FB, 0x1F3FF), (0x1F9B0, 0x1F9B3), (0xE0020, 0xE007F),
];

/// The code points `Character.isExtendedPictographic` holds for.
pub(super) const EXTENDED_PICTOGRAPHIC: &[(u32, u32)] = &[
    (0x00A9, 0x00A9), (0x00AE, 0x00AE), (0x203C, 0x203C), (0x2049, 0x2049), (0x2122, 0x2122), (0x2139, 0x2139),
    (0x2194, 0x2199), (0x21A9, 0x21AA), (0x231A, 0x231B), (0x2328, 0x2328), (0x2388, 0x2388), (0x23CF, 0x23CF),
    (0x23E9, 0x23F3), (0x23F8, 0x23FA), (0x24C2, 0x24C2), (0x25AA, 0x25AB), (0x25B6, 0x25B6), (0x25C0, 0x25C0),
    (0x25FB, 0x25FE), (0x2600, 0x2605), (0x2607, 0x2612), (0x2614, 0x2685), (0x2690, 0x2705), (0x2708, 0x2712),
    (0x2714, 0x2714), (0x2716, 0x2716), (0x271D, 0x271D), (0x2721, 0x2721), (0x2728, 0x2728), (0x2733, 0x2734),
    (0x2744, 0x2744), (0x2747, 0x2747), (0x274C, 0x274C), (0x274E, 0x274E), (0x2753, 0x2755), (0x2757, 0x2757),
    (0x2763, 0x2767), (0x2795, 0x2797), (0x27A1, 0x27A1), (0x27B0, 0x27B0), (0x27BF, 0x27BF), (0x2934, 0x2935),
    (0x2B05, 0x2B07), (0x2B1B, 0x2B1C), (0x2B50, 0x2B50), (0x2B55, 0x2B55), (0x3030, 0x3030), (0x303D, 0x303D),
    (0x3297, 0x3297), (0x3299, 0x3299), (0x1F000, 0x1F0FF), (0x1F10D, 0x1F10F), (0x1F12F, 0x1F12F), (0x1F16C, 0x1F171),
    (0x1F17E, 0x1F17F), (0x1F18E, 0x1F18E), (0x1F191, 0x1F19A), (0x1F1AD, 0x1F1E5), (0x1F201, 0x1F20F), (0x1F21A, 0x1F21A),
    (0x1F22F, 0x1F22F), (0x1F232, 0x1F23A), (0x1F23C, 0x1F23F), (0x1F249, 0x1F3FA), (0x1F400, 0x1F53D), (0x1F546, 0x1F64F),
    (0x1F680, 0x1F6FF), (0x1F774, 0x1F77F), (0x1F7D5, 0x1F7FF), (0x1F80C, 0x1F80F), (0x1F848, 0x1F84F), (0x1F85A, 0x1F85F),
    (0x1F888, 0x1F88F), (0x1F8AE, 0x1F8FF), (0x1F90C, 0x1F93A), (0x1F93C, 0x1F945), (0x1F947, 0x1FAFF), (0x1FC00, 0x1FFFD),
];

/// The code points `Character.isJavaIdentifierStart` holds for.
pub(super) const JAVA_IDENTIFIER_START: &[(u32, u32)] = &[
    (0x0024, 0x0024), (0x0041, 0x005A), (0x005F, 0x005F), (0x0061, 0x007A), (0x00A2, 0x00A5), (0x00AA, 0x00AA),
    (0x00B5, 0x00B5), (0x00BA, 0x00BA), (0x00C0, 0x00D6), (0x00D8, 0x00F6), (0x00F8, 0x02C1), (0x02C6, 0x02D1),
    (0x02E0, 0x02E4), (0x02EC, 0x02EC), (0x02EE, 0x02EE), (0x0370, 0x0374), (0x0376, 0x0377), (0x037A, 0x037D),
    (0x037F, 0x037F), (0x0386, 0x0386), (0x0388, 0x038A), (0x038C, 0x038C), (0x038E, 0x03A1), (0x03A3, 0x03F5),
    (0x03F7, 0x0481), (0x048A, 0x052F), (0x0531, 0x0556), (0x0559, 0x0559), (0x0560, 0x0588), (0x058F, 0x058F),
    (0x05D0, 0x05EA), (0x05EF, 0x05F2), (0x060B, 0x060B), (0x0620, 0x064A), (0x066E, 0x066F), (0x0671, 0x06D3),
    (0x06D5, 0x06D5), (0x06E5, 0x06E6), (0x06EE, 0x06EF), (0x06FA, 0x06FC), (0x06FF, 0x06FF), (0x0710, 0x0710),
    (0x0712, 0x072F), (0x074D, 0x07A5), (0x07B1, 0x07B1), (0x07CA, 0x07EA), (0x07F4, 0x07F5), (0x07FA, 0x07FA),
    (0x07FE, 0x0815), (0x081A, 0x081A), (0x0824, 0x0824), (0x0828, 0x0828), (0x0840, 0x0858), (0x0860, 0x086A),
    (0x0870, 0x0887), (0x0889, 0x088E), (0x08A0, 0x08C9), (0x0904, 0x0939), (0x093D, 0x093D), (0x0950, 0x0950),
    (0x0958, 0x0961), (0x0971, 0x0980), (0x0985, 0x098C), (0x098F, 0x0990), (0x0993, 0x09A8), (0x09AA, 0x09B0),
    (0x09B2, 0x09B2), (0x09B6, 0x09B9), (0x09BD, 0x09BD), (0x09CE, 0x09CE), (0x09DC, 0x09DD), (0x09DF, 0x09E1),
    (0x09F0, 0x09F3), (0x09FB, 0x09FC), (0x0A05, 0x0A0A), (0x0A0F, 0x0A10), (0x0A13, 0x0A28), (0x0A2A, 0x0A30),
    (0x0A32, 0x0A33), (0x0A35, 0x0A36), (0x0A38, 0x0A39), (0x0A59, 0x0A5C), (0x0A5E, 0x0A5E), (0x0A72, 0x0A74),
    (0x0A85, 0x0A8D), (0x0A8F, 0x0A91), (0x0A93, 0x0AA8), (0x0AAA, 0x0AB0), (0x0AB2, 0x0AB3), (0x0AB5, 0x0AB9),
    (0x0ABD, 0x0ABD), (0x0AD0, 0x0AD0), (0x0AE0, 0x0AE1), (0x0AF1, 0x0AF1), (0x0AF9, 0x0AF9), (0x0B05, 0x0B0C),
    (0x0B0F, 0x0B10), (0x0B13, 0x0B28), (0x0B2A, 0x0B30), (0x0B32, 0x0B33), (0x0B35, 0x0B39), (0x0B3D, 0x0B3D),
    (0x0B5C, 0x0B5D), (0x0B5F, 0x0B61), (0x0B71, 0x0B71), (0x0B83, 0x0B83), (0x0B85, 0x0B8A), (0x0B8E, 0x0B90),
    (0x0B92, 0x0B95), (0x0B99, 0x0B9A), (0x0B9C, 0x0B9C), (0x0B9E, 0x0B9F), (0x0BA3, 0x0BA4), (0x0BA8, 0x0BAA),
    (0x0BAE, 0x0BB9), (0x0BD0, 0x0BD0), (0x0BF9, 0x0BF9), (0x0C05, 0x0C0C), (0x0C0E, 0x0C10), (0x0C12, 0x0C28),
    (0x0C2A, 0x0C39), (0x0C3D, 0x0C3D), (0x0C58, 0x0C5A), (0x0C5D, 0x0C5D), (0x0C60, 0x0C61), (0x0C80, 0x0C80),
    (0x0C85, 0x0C8C), (0x0C8E, 0x0C90), (0x0C92, 0x0CA8), (0x0CAA, 0x0CB3), (0x0CB5, 0x0CB9), (0x0CBD, 0x0CBD),
    (0x0CDD, 0x0CDE), (0x0CE0, 0x0CE1), (0x0CF1, 0x0CF2), (0x0D04, 0x0D0C), (0x0D0E, 0x0D10), (0x0D12, 0x0D3A),
    (0x0D3D, 0x0D3D), (0x0D4E, 0x0D4E), (0x0D54, 0x0D56), (0x0D5F, 0x0D61), (0x0D7A, 0x0D7F), (0x0D85, 0x0D96),
    (0x0D9A, 0x0DB1), (0x0DB3, 0x0DBB), (0x0DBD, 0x0DBD), (0x0DC0, 0x0DC6), (0x0E01, 0x0E30), (0x0E32, 0x0E33),
    (0x0E3F, 0x0E46), (0x0E81, 0x0E82), (0x0E84, 0x0E84), (0x0E86, 0x0E8A), (0x0E8C, 0x0EA3), (0x0EA5, 0x0EA5),
    (0x0EA7, 0x0EB0), (0x0EB2, 0x0EB3), (0x0EBD, 0x0EBD), (0x0EC0, 0x0EC4), (0x0EC6, 0x0EC6), (0x0EDC, 0x0EDF),
    (0x0F00, 0x0F00), (0x0F40, 0x0F47), (0x0F49, 0x0F6C), (0x0F88, 0x0F8C), (0x1000, 0x102A), (0x103F, 0x103F),
    (0x1050, 0x1055), (0x105A, 0x105D), (0x1061, 0x1061), (0x1065, 0x1066), (0x106E, 0x1070), (0x1075, 0x1081),
    (0x108E, 0x108E), (0x10A0, 0x10C5), (0x10C7, 0x10C7), (0x10CD, 0x10CD), (0x10D0, 0x10FA), (0x10FC, 0x1248),
    (0x124A, 0x124D), (0x1250, 0x1256), (0x1258, 0x1258), (0x125A, 0x125D), (0x1260, 0x1288), (0x128A, 0x128D),
    (0x1290, 0x12B0), (0x12B2, 0x12B5), (0x12B8, 0x12BE), (0x12C0, 0x12C0), (0x12C2, 0x12C5), (0x12C8, 0x12D6),
    (0x12D8, 0x1310), (0x1312, 0x1315), (0x1318, 0x135A), (0x1380, 0x138F), (0x13A0, 0x13F5), (0x13F8, 0x13FD),
    (0x1401, 0x166C), (0x166F, 0x167F), (0x1681, 0x169A), (0x16A0, 0x16EA), (0x16EE, 0x16F8), (0x1700, 0x1711),
    (0x171F, 0x1731), (0x1740, 0x1751), (0x1760, 0x176C), (0x176E, 0x1770), (0x1780, 0x17B3), (0x17D7, 0x17D7),
    (0x17DB, 0x17DC), (0x1820, 0x1878), (0x1880, 0x1884), (0x1887, 0x18A8), (0x18AA, 0x18AA), (0x18B0, 0x18F5),
    (0x1900, 0x191E), (0x1950, 0x196D), (0x1970, 0x1974), (0x1980, 0x19AB), (0x19B0, 0x19C9), (0x1A00, 0x1A16),
    (0x1A20, 0x1A54), (0x1AA7, 0x1AA7), (0x1B05, 0x1B33), (0x1B45, 0x1B4C), (0x1B83, 0x1BA0), (0x1BAE, 0x1BAF),
    (0x1BBA, 0x1BE5), (0x1C00, 0x1C23), (0x1C4D, 0x1C4F), (0x1C5A, 0x1C7D), (0x1C80, 0x1C88), (0x1C90, 0x1CBA),
    (0x1CBD, 0x1CBF), (0x1CE9, 0x1CEC), (0x1CEE, 0x1CF3), (0x1CF5, 0x1CF6), (0x1CFA, 0x1CFA), (0x1D00, 0x1DBF),
    (0x1E00, 0x1F15), (0x1F18, 0x1F1D), (0x1F20, 0x1F45), (0x1F48, 0x1F4D), (0x1F50, 0x1F57), (0x1F59, 0x1F59),
    (0x1F5B, 0x1F5B), (0x1F5D, 0x1F5D), (0x1F5F, 0x1F7D), (0x1F80, 0x1FB4), (0x1FB6, 0x1FBC), (0x1FBE, 0x1FBE),
    (0x1FC2, 0x1FC4), (0x1FC6, 0x1FCC), (0x1FD0, 0x1FD3), (0x1FD6, 0x1FDB), (0x1FE0, 0x1FEC), (0x1FF2, 0x1FF4),
    (0x1FF6, 0x1FFC), (0x203F, 0x2040), (0x2054, 0x2054), (0x2071, 0x2071), (0x207F, 0x207F), (0x2090, 0x209C),
    (0x20A0, 0x20C0), (0x2102, 0x2102), (0x2107, 0x2107), (0x210A, 0x2113), (0x2115, 0x2115), (0x2119, 0x211D),
    (0x2124, 0x2124), (0x2126, 0x2126), (0x2128, 0x2128), (0x212A, 0x212D), (0x212F, 0x2139), (0x213C, 0x213F),
    (0x2145, 0x2149), (0x214E, 0x214E), (0x2160, 0x2188), (0x2C00, 0x2CE4), (0x2CEB, 0x2CEE), (0x2CF2, 0x2CF3),
    (0x2D00, 0x2D25), (0x2D27, 0x2D27), (0x2D2D, 0x2D2D), (0x2D30, 0x2D67), (0x2D6F, 0x2D6F), (0x2D80, 0x2D96),
    (0x2DA0, 0x2DA6), (0x2DA8, 0x2DAE), (0x2DB0, 0x2DB6), (0x2DB8, 0x2DBE), (0x2DC0, 0x2DC6), (0x2DC8, 0x2DCE),
    (0x2DD0, 0x2DD6), (0x2DD8, 0x2DDE), (0x2E2F, 0x2E2F), (0x3005, 0x3007), (0x3021, 0x3029), (0x3031, 0x3035),
    (0x3038, 0x303C), (0x3041, 0x3096), (0x309D, 0x309F), (0x30A1, 0x30FA), (0x30FC, 0x30FF), (0x3105, 0x312F),
    (0x3131, 0x318E), (0x31A0, 0x31BF), (0x31F0, 0x31FF), (0x3400, 0x4DBF), (0x4E00, 0xA48C), (0xA4D0, 0xA4FD),
    (0xA500, 0xA60C), (0xA610, 0xA61F), (0xA62A, 0xA62B), (0xA640, 0xA66E), (0xA67F, 0xA69D), (0xA6A0, 0xA6EF),
    (0xA717, 0xA71F), (0xA722, 0xA788), (0xA78B, 0xA7CA), (0xA7D0, 0xA7D1), (0xA7D3, 0xA7D3), (0xA7D5, 0xA7D9),
    (0xA7F2, 0xA801), (0xA803, 0xA805), (0xA807, 0xA80A), (0xA80C, 0xA822), (0xA838, 0xA838), (0xA840, 0xA873),
    (0xA882, 0xA8B3), (0xA8F2, 0xA8F7), (0xA8FB, 0xA8FB), (0xA8FD, 0xA8FE), (0xA90A, 0xA925), (0xA930, 0xA946),
    (0xA960, 0xA97C), (0xA984, 0xA9B2), (0xA9CF, 0xA9CF), (0xA9E0, 0xA9E4), (0xA9E6, 0xA9EF), (0xA9FA, 0xA9FE),
    (0xAA00, 0xAA28), (0xAA40, 0xAA42), (0xAA44, 0xAA4B), (0xAA60, 0xAA76), (0xAA7A, 0xAA7A), (0xAA7E, 0xAAAF),
    (0xAAB1, 0xAAB1), (0xAAB5, 0xAAB6), (0xAAB9, 0xAABD), (0xAAC0, 0xAAC0), (0xAAC2, 0xAAC2), (0xAADB, 0xAADD),
    (0xAAE0, 0xAAEA), (0xAAF2, 0xAAF4), (0xAB01, 0xAB06), (0xAB09, 0xAB0E), (0xAB11, 0xAB16), (0xAB20, 0xAB26),
    (0xAB28, 0xAB2E), (0xAB30, 0xAB5A), (0xAB5C, 0xAB69), (0xAB70, 0xABE2), (0xAC00, 0xD7A3), (0xD7B0, 0xD7C6),
    (0xD7CB, 0xD7FB), (0xF900, 0xFA6D), (0xFA70, 0xFAD9), (0xFB00, 0xFB06), (0xFB13, 0xFB17), (0xFB1D, 0xFB1D),
    (0xFB1F, 0xFB28), (0xFB2A, 0xFB36), (0xFB38, 0xFB3C), (0xFB3E, 0xFB3E), (0xFB40, 0xFB41), (0xFB43, 0xFB44),
    (0xFB46, 0xFBB1), (0xFBD3, 0xFD3D), (0xFD50, 0xFD8F), (0xFD92, 0xFDC7), (0xFDF0, 0xFDFC), (0xFE33, 0xFE34),
    (0xFE4D, 0xFE4F), (0xFE69, 0xFE69), (0xFE70, 0xFE74), (0xFE76, 0xFEFC), (0xFF04, 0xFF04), (0xFF21, 0xFF3A),
    (0xFF3F, 0xFF3F), (0xFF41, 0xFF5A), (0xFF66, 0xFFBE), (0xFFC2, 0xFFC7), (0xFFCA, 0xFFCF), (0xFFD2, 0xFFD7),
    (0xFFDA, 0xFFDC), (0xFFE0, 0xFFE1), (0xFFE5, 0xFFE6), (0x10000, 0x1000B), (0x1000D, 0x10026), (0x10028, 0x1003A),
    (0x1003C, 0x1003D), (0x1003F, 0x1004D), (0x10050, 0x1005D), (0x10080, 0x100FA), (0x10140, 0x10174), (0x10280, 0x1029C),
    (0x102A0, 0x102D0), (0x10300, 0x1031F), (0x1032D, 0x1034A), (0x10350, 0x10375), (0x10380, 0x1039D), (0x103A0, 0x103C3),
    (0x103C8, 0x103CF), (0x103D1, 0x103D5), (0x10400, 0x1049D), (0x104B0, 0x104D3), (0x104D8, 0x104FB), (0x10500, 0x10527),
    (0x10530, 0x10563), (0x10570, 0x1057A), (0x1057C, 0x1058A), (0x1058C, 0x10592), (0x10594, 0x10595), (0x10597, 0x105A1),
    (0x105A3, 0x105B1), (0x105B3, 0x105B9), (0x105BB, 0x105BC), (0x10600, 0x10736), (0x10740, 0x10755), (0x10760, 0x10767),
    (0x10780, 0x10785), (0x10787, 0x107B0), (0x107B2, 0x107BA), (0x10800, 0x10805), (0x10808, 0x10808), (0x1080A, 0x10835),
    (0x10837, 0x10838), (0x1083C, 0x1083C), (0x1083F, 0x10855), (0x10860, 0x10876), (0x10880, 0x1089E), (0x108E0, 0x108F2),
    (0x108F4, 0x108F5), (0x10900, 0x10915), (0x10920, 0x10939), (0x10980, 0x109B7), (0x109BE, 0x109BF), (0x10A00, 0x10A00),
    (0x10A10, 0x10A13), (0x10A15, 0x10A17), (0x10A19, 0x10A35), (0x10A60, 0x10A7C), (0x10A80, 0x10A9C), (0x10AC0, 0x10AC7),
    (0x10AC9, 0x10AE4), (0x10B00, 0x10B35), (0x10B40, 0x10B55), (0x10B60, 0x10B72), (0x10B80, 0x10B91), (0x10C00, 0x10C48),
    (0x10C80, 0x10CB2), (0x10CC0, 0x10CF2), (0x10D00, 0x10D23), (0x10E80, 0x10EA9), (0x10EB0, 0x10EB1), (0x10F00, 0x10F1C),
    (0x10F27, 0x10F27), (0x10F30, 0x10F45), (0x10F70, 0x10F81), (0x10FB0, 0x10FC4), (0x10FE0, 0x10FF6), (0x11003, 0x11037),
    (0x11071, 0x11072), (0x11075, 0x11075), (0x11083, 0x110AF), (0x110D0, 0x110E8), (0x11103, 0x11126), (0x11144, 0x11144),
    (0x11147, 0x11147), (0x11150, 0x11172), (0x11176, 0x11176), (0x11183, 0x111B2), (0x111C1, 0x111C4), (0x111DA, 0x111DA),
    (0x111DC, 0x111DC), (0x11200, 0x11211), (0x11213, 0x1122B), (0x1123F, 0x11240), (0x11280, 0x11286), (0x11288, 0x11288),
    (0x1128A, 0x1128D), (0x1128F, 0x1129D), (0x1129F, 0x112A8), (0x112B0, 0x112DE), (0x11305, 0x1130C), (0x1130F, 0x11310),
    (0x11313, 0x11328), (0x1132A, 0x11330), (0x11332, 0x11333), (0x11335, 0x11339), (0x1133D, 0x1133D), (0x11350, 0x11350),
    (0x1135D, 0x11361), (0x11400, 0x11434), (0x11447, 0x1144A), (0x1145F, 0x11461), (0x11480, 0x114AF), (0x114C4, 0x114C5),
    (0x114C7, 0x114C7), (0x11580, 0x115AE), (0x115D8, 0x115DB), (0x11600, 0x1162F), (0x11644, 0x11644), (0x11680, 0x116AA),
    (0x116B8, 0x116B8), (0x11700, 0x1171A), (0x11740, 0x11746), (0x11800, 0x1182B), (0x118A0, 0x118DF), (0x118FF, 0x11906),
    (0x11909, 0x11909), (0x1190C, 0x11913), (0x11915, 0x11916), (0x11918, 0x1192F), (0x1193F, 0x1193F), (0x11941, 0x11941),
    (0x119A0, 0x119A7), (0x119AA, 0x119D0), (0x119E1, 0x119E1), (0x119E3, 0x119E3), (0x11A00, 0x11A00), (0x11A0B, 0x11A32),
    (0x11A3A, 0x11A3A), (0x11A50, 0x11A50), (0x11A5C, 0x11A89), (0x11A9D, 0x11A9D), (0x11AB0, 0x11AF8), (0x11C00, 0x11C08),
    (0x11C0A, 0x11C2E), (0x11C40, 0x11C40), (0x11C72, 0x11C8F), (0x11D00, 0x11D06), (0x11D08, 0x11D09), (0x11D0B, 0x11D30),
    (0x11D46, 0x11D46), (0x11D60, 0x11D65), (0x11D67, 0x11D68), (0x11D6A, 0x11D89), (0x11D98, 0x11D98), (0x11EE0, 0x11EF2),
    (0x11F02, 0x11F02), (0x11F04, 0x11F10), (0x11F12, 0x11F33), (0x11FB0, 0x11FB0), (0x11FDD, 0x11FE0), (0x12000, 0x12399),
    (0x12400, 0x1246E), (0x12480, 0x12543), (0x12F90, 0x12FF0), (0x13000, 0x1342F), (0x13441, 0x13446), (0x14400, 0x14646),
    (0x16800, 0x16A38), (0x16A40, 0x16A5E), (0x16A70, 0x16ABE), (0x16AD0, 0x16AED), (0x16B00, 0x16B2F), (0x16B40, 0x16B43),
    (0x16B63, 0x16B77), (0x16B7D, 0x16B8F), (0x16E40, 0x16E7F), (0x16F00, 0x16F4A), (0x16F50, 0x16F50), (0x16F93, 0x16F9F),
    (0x16FE0, 0x16FE1), (0x16FE3, 0x16FE3), (0x17000, 0x187F7), (0x18800, 0x18CD5), (0x18D00, 0x18D08), (0x1AFF0, 0x1AFF3),
    (0x1AFF5, 0x1AFFB), (0x1AFFD, 0x1AFFE), (0x1B000, 0x1B122), (0x1B132, 0x1B132), (0x1B150, 0x1B152), (0x1B155, 0x1B155),
    (0x1B164, 0x1B167), (0x1B170, 0x1B2FB), (0x1BC00, 0x1BC6A), (0x1BC70, 0x1BC7C), (0x1BC80, 0x1BC88), (0x1BC90, 0x1BC99),
    (0x1D400, 0x1D454), (0x1D456, 0x1D49C), (0x1D49E, 0x1D49F), (0x1D4A2, 0x1D4A2), (0x1D4A5, 0x1D4A6), (0x1D4A9, 0x1D4AC),
    (0x1D4AE, 0x1D4B9), (0x1D4BB, 0x1D4BB), (0x1D4BD, 0x1D4C3), (0x1D4C5, 0x1D505), (0x1D507, 0x1D50A), (0x1D50D, 0x1D514),
    (0x1D516, 0x1D51C), (0x1D51E, 0x1D539), (0x1D53B, 0x1D53E), (0x1D540, 0x1D544), (0x1D546, 0x1D546), (0x1D54A, 0x1D550),
    (0x1D552, 0x1D6A5), (0x1D6A8, 0x1D6C0), (0x1D6C2, 0x1D6DA), (0x1D6DC, 0x1D6FA), (0x1D6FC, 0x1D714), (0x1D716, 0x1D734),
    (0x1D736, 0x1D74E), (0x1D750, 0x1D76E), (0x1D770, 0x1D788), (0x1D78A, 0x1D7A8), (0x1D7AA, 0x1D7C2), (0x1D7C4, 0x1D7CB),
    (0x1DF00, 0x1DF1E), (0x1DF25, 0x1DF2A), (0x1E030, 0x1E06D), (0x1E100, 0x1E12C), (0x1E137, 0x1E13D), (0x1E14E, 0x1E14E),
    (0x1E290, 0x1E2AD), (0x1E2C0, 0x1E2EB), (0x1E2FF, 0x1E2FF), (0x1E4D0, 0x1E4EB), (0x1E7E0, 0x1E7E6), (0x1E7E8, 0x1E7EB),
    (0x1E7ED, 0x1E7EE), (0x1E7F0, 0x1E7FE), (0x1E800, 0x1E8C4), (0x1E900, 0x1E943), (0x1E94B, 0x1E94B), (0x1ECB0, 0x1ECB0),
    (0x1EE00, 0x1EE03), (0x1EE05, 0x1EE1F), (0x1EE21, 0x1EE22), (0x1EE24, 0x1EE24), (0x1EE27, 0x1EE27), (0x1EE29, 0x1EE32),
    (0x1EE34, 0x1EE37), (0x1EE39, 0x1EE39), (0x1EE3B, 0x1EE3B), (0x1EE42, 0x1EE42), (0x1EE47, 0x1EE47), (0x1EE49, 0x1EE49),
    (0x1EE4B, 0x1EE4B), (0x1EE4D, 0x1EE4F), (0x1EE51, 0x1EE52), (0x1EE54, 0x1EE54), (0x1EE57, 0x1EE57), (0x1EE59, 0x1EE59),
    (0x1EE5B, 0x1EE5B), (0x1EE5D, 0x1EE5D), (0x1EE5F, 0x1EE5F), (0x1EE61, 0x1EE62), (0x1EE64, 0x1EE64), (0x1EE67, 0x1EE6A),
    (0x1EE6C, 0x1EE72), (0x1EE74, 0x1EE77), (0x1EE79, 0x1EE7C), (0x1EE7E, 0x1EE7E), (0x1EE80, 0x1EE89), (0x1EE8B, 0x1EE9B),
    (0x1EEA1, 0x1EEA3), (0x1EEA5, 0x1EEA9), (0x1EEAB, 0x1EEBB), (0x20000, 0x2A6DF), (0x2A700, 0x2B739), (0x2B740, 0x2B81D),
    (0x2B820, 0x2CEA1), (0x2CEB0, 0x2EBE0), (0x2F800, 0x2FA1D), (0x30000, 0x3134A), (0x31350, 0x323AF),
];

/// The code points `Character.isJavaIdentifierPart` holds for.
pub(super) const JAVA_IDENTIFIER_PART: &[(u32, u32)] = &[
    (0x0000, 0x0008), (0x000E, 0x001B), (0x0024, 0x0024), (0x0030, 0x0039), (0x0041, 0x005A), (0x005F, 0x005F),
    (0x0061, 0x007A), (0x007F, 0x009F), (0x00A2, 0x00A5), (0x00AA, 0x00AA), (0x00AD, 0x00AD), (0x00B5, 0x00B5),
    (0x00BA, 0x00BA), (0x00C0, 0x00D6), (0x00D8, 0x00F6), (0x00F8, 0x02C1), (0x02C6, 0x02D1), (0x02E0, 0x02E4),
    (0x02EC, 0x02EC), (0x02EE, 0x02EE), (0x0300, 0x0374), (0x0376, 0x0377), (0x037A, 0x037D), (0x037F, 0x037F),
    (0x0386, 0x0386), (0x0388, 0x038A), (0x038C, 0x038C), (0x038E, 0x03A1), (0x03A3, 0x03F5), (0x03F7, 0x0481),
    (0x0483, 0x0487), (0x048A, 0x052F), (0x0531, 0x0556), (0x0559, 0x0559), (0x0560, 0x0588), (0x058F, 0x058F),
    (0x0591, 0x05BD), (0x05BF, 0x05BF), (0x05C1, 0x05C2), (0x05C4, 0x05C5), (0x05C7, 0x05C7), (0x05D0, 0x05EA),
    (0x05EF, 0x05F2), (0x0600, 0x0605), (0x060B, 0x060B), (0x0610, 0x061A), (0x061C, 0x061C), (0x0620, 0x0669),
    (0x066E, 0x06D3), (0x06D5, 0x06DD), (0x06DF, 0x06E8), (0x06EA, 0x06FC), (0x06FF, 0x06FF), (0x070F, 0x074A),
    (0x074D, 0x07B1), (0x07C0, 0x07F5), (0x07FA, 0x07FA), (0x07FD, 0x082D), (0x0840, 0x085B), (0x0860, 0x086A),
    (0x0870, 0x0887), (0x0889, 0x088E), (0x0890, 0x0891), (0x0898, 0x0963), (0x0966, 0x096F), (0x0971, 0x0983),
    (0x0985, 0x098C), (0x098F, 0x0990), (0x0993, 0x09A8), (0x09AA, 0x09B0), (0x09B2, 0x09B2), (0x09B6, 0x09B9),
    (0x09BC, 0x09C4), (0x09C7, 0x09C8), (0x09CB, 0x09CE), (0x09D7, 0x09D7), (0x09DC, 0x09DD), (0x09DF, 0x09E3),
    (0x09E6, 0x09F3), (0x09FB, 0x09FC), (0x09FE, 0x09FE), (0x0A01, 0x0A03), (0x0A05, 0x0A0A), (0x0A0F, 0x0A10),
    (0x0A13, 0x0A28), (0x0A2A, 0x0A30), (0x0A32, 0x0A33), (0x0A35, 0x0A36), (0x0A38, 0x0A39), (0x0A3C, 0x0A3C),
    (0x0A3E, 0x0A42), (0x0A47, 0x0A48), (0x0A4B, 0x0A4D), (0x0A51, 0x0A51), (0x0A59, 0x0A5C), (0x0A5E, 0x0A5E),
    (0x0A66, 0x0A75), (0x0A81, 0x0A83), (0x0A85, 0x0A8D), (0x0A8F, 0x0A91), (0x0A93, 0x0AA8), (0x0AAA, 0x0AB0),
    (0x0AB2, 0x0AB3), (0x0AB5, 0x0AB9), (0x0ABC, 0x0AC5), (0x0AC7, 0x0AC9), (0x0ACB, 0x0ACD), (0x0AD0, 0x0AD0),
    (0x0AE0, 0x0AE3), (0x0AE6, 0x0AEF), (0x0AF1, 0x0AF1), (0x0AF9, 0x0AFF), (0x0B01, 0x0B03), (0x0B05, 0x0B0C),
    (0x0B0F, 0x0B10), (0x0B13, 0x0B28), (0x0B2A, 0x0B30), (0x0B32, 0x0B33), (0x0B35, 0x0B39), (0x0B3C, 0x0B44),
    (0x0B47, 0x0B48), (0x0B4B, 0x0B4D), (0x0B55, 0x0B57), (0x0B5C, 0x0B5D), (0x0B5F, 0x0B63), (0x0B66, 0x0B6F),
    (0x0B71, 0x0B71), (0x0B82, 0x0B83), (0x0B85, 0x0B8A), (0x0B8E, 0x0B90), (0x0B92, 0x0B95), (0x0B99, 0x0B9A),
    (0x0B9C, 0x0B9C), (0x0B9E, 0x0B9F), (0x0BA3, 0x0BA4), (0x0BA8, 0x0BAA), (0x0BAE, 0x0BB9), (0x0BBE, 0x0BC2),
    (0x0BC6, 0x0BC8), (0x0BCA, 0x0BCD), (0x0BD0, 0x0BD0), (0x0BD7, 0x0BD7), (0x0BE6, 0x0BEF), (0x0BF9, 0x0BF9),
    (0x0C00, 0x0C0C), (0x0C0E, 0x0C10), (0x0C12, 0x0C28), (0x0C2A, 0x0C39), (0x0C3C, 0x0C44), (0x0C46, 0x0C48),
    (0x0C4A, 0x0C4D), (0x0C55, 0x0C56), (0x0C58, 0x0C5A), (0x0C5D, 0x0C5D), (0x0C60, 0x0C63), (0x0C66, 0x0C6F),
    (0x0C80, 0x0C83), (0x0C85, 0x0C8C), (0x0C8E, 0x0C90), (0x0C92, 0x0CA8), (0x0CAA, 0x0CB3), (0x0CB5, 0x0CB9),
    (0x0CBC, 0x0CC4), (0x0CC6, 0x0CC8), (0x0CCA, 0x0CCD), (0x0CD5, 0x0CD6), (0x0CDD, 0x0CDE), (0x0CE0, 0x0CE3),
    (0x0CE6, 0x0CEF), (0x0CF1, 0x0CF3), (0x0D00, 0x0D0C), (0x0D0E, 0x0D10), (0x0D12, 0x0D44), (0x0D46, 0x0D48),
    (0x0D4A, 0x0D4E), (0x0D54, 0x0D57), (0x0D5F, 0x0D63), (0x0D66, 0x0D6F), (0x0D7A, 0x0D7F), (0x0D81, 0x0D83),
    (0x0D85, 0x0D96), (0x0D9A, 0x0DB1), (0x0DB3, 0x0DBB), (0x0DBD, 0x0DBD), (0x0DC0, 0x0DC6), (0x0DCA, 0x0DCA),
    (0x0DCF, 0x0DD4), (0x0DD6, 0x0DD6), (0x0DD8, 0x0DDF), (0x0DE6, 0x0DEF), (0x0DF2, 0x0DF3), (0x0E01, 0x0E3A),
    (0x0E3F, 0x0E4E), (0x0E50, 0x0E59), (0x0E81, 0x0E82), (0x0E84, 0x0E84), (0x0E86, 0x0E8A), (0x0E8C, 0x0EA3),
    (0x0EA5, 0x0EA5), (0x0EA7, 0x0EBD), (0x0EC0, 0x0EC4), (0x0EC6, 0x0EC6), (0x0EC8, 0x0ECE), (0x0ED0, 0x0ED9),
    (0x0EDC, 0x0EDF), (0x0F00, 0x0F00), (0x0F18, 0x0F19), (0x0F20, 0x0F29), (0x0F35, 0x0F35), (0x0F37, 0x0F37),
    (0x0F39, 0x0F39), (0x0F3E, 0x0F47), (0x0F49, 0x0F6C), (0x0F71, 0x0F84), (0x0F86, 0x0F97), (0x0F99, 0x0FBC),
    (0x0FC6, 0x0FC6), (0x1000, 0x1049), (0x1050, 0x109D), (0x10A0, 0x10C5), (0x10C7, 0x10C7), (0x10CD, 0x10CD),
    (0x10D0, 0x10FA), (0x10FC, 0x1248), (0x124A, 0x124D), (0x1250, 0x1256), (0x1258, 0x1258), (0x125A, 0x125D),
    (0x1260, 0x1288), (0x128A, 0x128D), (0x1290, 0x12B0), (0x12B2, 0x12B5), (0x12B8, 0x12BE), (0x12C0, 0x12C0),
    (0x12C2, 0x12C5), (0x12C8, 0x12D6), (0x12D8, 0x1310), (0x1312, 0x1315), (0x1318, 0x135A), (0x135D, 0x135F),
    (0x1380, 0x138F), (0x13A0, 0x13F5), (0x13F8, 0x13FD), (0x1401, 0x166C), (0x166F, 0x167F), (0x1681, 0x169A),
    (0x16A0, 0x16EA), (0x16EE, 0x16F8), (0x1700, 0x1715), (0x171F, 0x1734), (0x1740, 0x1753), (0x1760, 0x176C),
    (0x176E, 0x1770), (0x1772, 0x1773), (0x1780, 0x17D3), (0x17D7, 0x17D7), (0x17DB, 0x17DD), (0x17E0, 0x17E9),
    (0x180B, 0x1819), (0x1820, 0x1878), (0x1880, 0x18AA), (0x18B0, 0x18F5), (0x1900, 0x191E), (0x1920, 0x192B),
    (0x1930, 0x193B), (0x1946, 0x196D), (0x1970, 0x1974), (0x1980, 0x19AB), (0x19B0, 0x19C9), (0x19D0, 0x19D9),
    (0x1A00, 0x1A1B), (0x1A20, 0x1A5E), (0x1A60, 0x1A7C), (0x1A7F, 0x1A89), (0x1A90, 0x1A99), (0x1AA7, 0x1AA7),
    (0x1AB0, 0x1ABD), (0x1ABF, 0x1ACE), (0x1B00, 0x1B4C), (0x1B50, 0x1B59), (0x1B6B, 0x1B73), (0x1B80, 0x1BF3),
    (0x1C00, 0x1C37), (0x1C40, 0x1C49), (0x1C4D, 0x1C7D), (0x1C80, 0x1C88), (0x1C90, 0x1CBA), (0x1CBD, 0x1CBF),
    (0x1CD0, 0x1CD2), (0x1CD4, 0x1CFA), (0x1D00, 0x1F15), (0x1F18, 0x1F1D), (0x1F20, 0x1F45), (0x1F48, 0x1F4D),
    (0x1F50, 0x1F57), (0x1F59, 0x1F59), (0x1F5B, 0x1F5B), (0x1F5D, 0x1F5D), (0x1F5F, 0x1F7D), (0x1F80, 0x1FB4),
    (0x1FB6, 0x1FBC), (0x1FBE, 0x1FBE), (0x1FC2, 0x1FC4), (0x1FC6, 0x1FCC), (0x1FD0, 0x1FD3), (0x1FD6, 0x1FDB),
    (0x1FE0, 0x1FEC), (0x1FF2, 0x1FF4), (0x1FF6, 0x1FFC), (0x200B, 0x200F), (0x202A, 0x202E), (0x203F, 0x2040),
    (0x2054, 0x2054), (0x2060, 0x2064), (0x2066, 0x206F), (0x2071, 0x2071), (0x207F, 0x207F), (0x2090, 0x209C),
    (0x20A0, 0x20C0), (0x20D0, 0x20DC), (0x20E1, 0x20E1), (0x20E5, 0x20F0), (0x2102, 0x2102), (0x2107, 0x2107),
    (0x210A, 0x2113), (0x2115, 0x2115), (0x2119, 0x211D), (0x2124, 0x2124), (0x2126, 0x2126), (0x2128, 0x2128),
    (0x212A, 0x212D), (0x212F, 0x2139), (0x213C, 0x213F), (0x2145, 0x2149), (0x214E, 0x214E), (0x2160, 0x2188),
    (0x2C00, 0x2CE4), (0x2CEB, 0x2CF3), (0x2D00, 0x2D25), (0x2D27, 0x2D27), (0x2D2D, 0x2D2D), (0x2D30, 0x2D67),
    (0x2D6F, 0x2D6F), (0x2D7F, 0x2D96), (0x2DA0, 0x2DA6), (0x2DA8, 0x2DAE), (0x2DB0, 0x2DB6), (0x2DB8, 0x2DBE),
    (0x2DC0, 0x2DC6), (0x2DC8, 0x2DCE), (0x2DD0, 0x2DD6), (0x2DD8, 0x2DDE), (0x2DE0, 0x2DFF), (0x2E2F, 0x2E2F),
    (0x3005, 0x3007), (0x3021, 0x302F), (0x3031, 0x3035), (0x3038, 0x303C), (0x3041, 0x3096), (0x3099, 0x309A),
    (0x309D, 0x309F), (0x30A1, 0x30FA), (0x30FC, 0x30FF), (0x3105, 0x312F), (0x3131, 0x318E), (0x31A0, 0x31BF),
    (0x31F0, 0x31FF), (0x3400, 0x4DBF), (0x4E00, 0xA48C), (0xA4D0, 0xA4FD), (0xA500, 0xA60C), (0xA610, 0xA62B),
    (0xA640, 0xA66F), (0xA674, 0xA67D), (0xA67F, 0xA6F1), (0xA717, 0xA71F), (0xA722, 0xA788), (0xA78B, 0xA7CA),
    (0xA7D0, 0xA7D1), (0xA7D3, 0xA7D3), (0xA7D5, 0xA7D9), (0xA7F2, 0xA827), (0xA82C, 0xA82C), (0xA838, 0xA838),
    (0xA840, 0xA873), (0xA880, 0xA8C5), (0xA8D0, 0xA8D9), (0xA8E0, 0xA8F7), (0xA8FB, 0xA8FB), (0xA8FD, 0xA92D),
    (0xA930, 0xA953), (0xA960, 0xA97C), (0xA980, 0xA9C0), (0xA9CF, 0xA9D9), (0xA9E0, 0xA9FE), (0xAA00, 0xAA36),
    (0xAA40, 0xAA4D), (0xAA50, 0xAA59), (0xAA60, 0xAA76), (0xAA7A, 0xAAC2), (0xAADB, 0xAADD), (0xAAE0, 0xAAEF),
    (0xAAF2, 0xAAF6), (0xAB01, 0xAB06), (0xAB09, 0xAB0E), (0xAB11, 0xAB16), (0xAB20, 0xAB26), (0xAB28, 0xAB2E),
    (0xAB30, 0xAB5A), (0xAB5C, 0xAB69), (0xAB70, 0xABEA), (0xABEC, 0xABED), (0xABF0, 0xABF9), (0xAC00, 0xD7A3),
    (0xD7B0, 0xD7C6), (0xD7CB, 0xD7FB), (0xF900, 0xFA6D), (0xFA70, 0xFAD9), (0xFB00, 0xFB06), (0xFB13, 0xFB17),
    (0xFB1D, 0xFB28), (0xFB2A, 0xFB36), (0xFB38, 0xFB3C), (0xFB3E, 0xFB3E), (0xFB40, 0xFB41), (0xFB43, 0xFB44),
    (0xFB46, 0xFBB1), (0xFBD3, 0xFD3D), (0xFD50, 0xFD8F), (0xFD92, 0xFDC7), (0xFDF0, 0xFDFC), (0xFE00, 0xFE0F),
    (0xFE20, 0xFE2F), (0xFE33, 0xFE34), (0xFE4D, 0xFE4F), (0xFE69, 0xFE69), (0xFE70, 0xFE74), (0xFE76, 0xFEFC),
    (0xFEFF, 0xFEFF), (0xFF04, 0xFF04), (0xFF10, 0xFF19), (0xFF21, 0xFF3A), (0xFF3F, 0xFF3F), (0xFF41, 0xFF5A),
    (0xFF66, 0xFFBE), (0xFFC2, 0xFFC7), (0xFFCA, 0xFFCF), (0xFFD2, 0xFFD7), (0xFFDA, 0xFFDC), (0xFFE0, 0xFFE1),
    (0xFFE5, 0xFFE6), (0xFFF9, 0xFFFB), (0x10000, 0x1000B), (0x1000D, 0x10026), (0x10028, 0x1003A), (0x1003C, 0x1003D),
    (0x1003F, 0x1004D), (0x10050, 0x1005D), (0x10080, 0x100FA), (0x10140, 0x10174), (0x101FD, 0x101FD), (0x10280, 0x1029C),
    (0x102A0, 0x102D0), (0x102E0, 0x102E0), (0x10300, 0x1031F), (0x1032D, 0x1034A), (0x10350, 0x1037A), (0x10380, 0x1039D),
    (0x103A0, 0x103C3), (0x103C8, 0x103CF), (0x103D1, 0x103D5), (0x10400, 0x1049D), (0x104A0, 0x104A9), (0x104B0, 0x104D3),
    (0x104D8, 0x104FB), (0x10500, 0x10527), (0x10530, 0x10563), (0x10570, 0x1057A), (0x1057C, 0x1058A), (0x1058C, 0x10592),
    (0x10594, 0x10595), (0x10597, 0x105A1), (0x105A3, 0x105B1), (0x105B3, 0x105B9), (0x105BB, 0x105BC), (0x10600, 0x10736),
    (0x10740, 0x10755), (0x10760, 0x10767), (0x10780, 0x10785), (0x10787, 0x107B0), (0x107B2, 0x107BA), (0x10800, 0x10805),
    (0x10808, 0x10808), (0x1080A, 0x10835), (0x10837, 0x10838), (0x1083C, 0x1083C), (0x1083F, 0x10855), (0x10860, 0x10876),
    (0x10880, 0x1089E), (0x108E0, 0x108F2), (0x108F4, 0x108F5), (0x10900, 0x10915), (0x10920, 0x10939), (0x10980, 0x109B7),
    (0x109BE, 0x109BF), (0x10A00, 0x10A03), (0x10A05, 0x10A06), (0x10A0C, 0x10A13), (0x10A15, 0x10A17), (0x10A19, 0x10A35),
    (0x10A38, 0x10A3A), (0x10A3F, 0x10A3F), (0x10A60, 0x10A7C), (0x10A80, 0x10A9C), (0x10AC0, 0x10AC7), (0x10AC9, 0x10AE6),
    (0x10B00, 0x10B35), (0x10B40, 0x10B55), (0x10B60, 0x10B72), (0x10B80, 0x10B91), (0x10C00, 0x10C48), (0x10C80, 0x10CB2),
    (0x10CC0, 0x10CF2), (0x10D00, 0x10D27), (0x10D30, 0x10D39), (0x10E80, 0x10EA9), (0x10EAB, 0x10EAC), (0x10EB0, 0x10EB1),
    (0x10EFD, 0x10F1C), (0x10F27, 0x10F27), (0x10F30, 0x10F50), (0x10F70, 0x10F85), (0x10FB0, 0x10FC4), (0x10FE0, 0x10FF6),
    (0x11000, 0x11046), (0x11066, 0x11075), (0x1107F, 0x110BA), (0x110BD, 0x110BD), (0x110C2, 0x110C2), (0x110CD, 0x110CD),
    (0x110D0, 0x110E8), (0x110F0, 0x110F9), (0x11100, 0x11134), (0x11136, 0x1113F), (0x11144, 0x11147), (0x11150, 0x11173),
    (0x11176, 0x11176), (0x11180, 0x111C4), (0x111C9, 0x111CC), (0x111CE, 0x111DA), (0x111DC, 0x111DC), (0x11200, 0x11211),
    (0x11213, 0x11237), (0x1123E, 0x11241), (0x11280, 0x11286), (0x11288, 0x11288), (0x1128A, 0x1128D), (0x1128F, 0x1129D),
    (0x1129F, 0x112A8), (0x112B0, 0x112EA), (0x112F0, 0x112F9), (0x11300, 0x11303), (0x11305, 0x1130C), (0x1130F, 0x11310),
    (0x11313, 0x11328), (0x1132A, 0x11330), (0x11332, 0x11333), (0x11335, 0x11339), (0x1133B, 0x11344), (0x11347, 0x11348),
    (0x1134B, 0x1134D), (0x11350, 0x11350), (0x11357, 0x11357), (0x1135D, 0x11363), (0x11366, 0x1136C), (0x11370, 0x11374),
    (0x11400, 0x1144A), (0x11450, 0x11459), (0x1145E, 0x11461), (0x11480, 0x114C5), (0x114C7, 0x114C7), (0x114D0, 0x114D9),
    (0x11580, 0x115B5), (0x115B8, 0x115C0), (0x115D8, 0x115DD), (0x11600, 0x11640), (0x11644, 0x11644), (0x11650, 0x11659),
    (0x11680, 0x116B8), (0x116C0, 0x116C9), (0x11700, 0x1171A), (0x1171D, 0x1172B), (0x11730, 0x11739), (0x11740, 0x11746),
    (0x11800, 0x1183A), (0x118A0, 0x118E9), (0x118FF, 0x11906), (0x11909, 0x11909), (0x1190C, 0x11913), (0x11915, 0x11916),
    (0x11918, 0x11935), (0x11937, 0x11938), (0x1193B, 0x11943), (0x11950, 0x11959), (0x119A0, 0x119A7), (0x119AA, 0x119D7),
    (0x119DA, 0x119E1), (0x119E3, 0x119E4), (0x11A00, 0x11A3E), (0x11A47, 0x11A47), (0x11A50, 0x11A99), (0x11A9D, 0x11A9D),
    (0x11AB0, 0x11AF8), (0x11C00, 0x11C08), (0x11C0A, 0x11C36), (0x11C38, 0x11C40), (0x11C50, 0x11C59), (0x11C72, 0x11C8F),
    (0x11C92, 0x11CA7), (0x11CA9, 0x11CB6), (0x11D00, 0x11D06), (0x11D08, 0x11D09), (0x11D0B, 0x11D36), (0x11D3A, 0x11D3A),
    (0x11D3C, 0x11D3D), (0x11D3F, 0x11D47), (0x11D50, 0x11D59), (0x11D60, 0x11D65), (0x11D67, 0x11D68), (0x11D6A, 0x11D8E),
    (0x11D90, 0x11D91), (0x11D93, 0x11D98), (0x11DA0, 0x11DA9), (0x11EE0, 0x11EF6), (0x11F00, 0x11F10), (0x11F12, 0x11F3A),
    (0x11F3E, 0x11F42), (0x11F50, 0x11F59), (0x11FB0, 0x11FB0), (0x11FDD, 0x11FE0), (0x12000, 0x12399), (0x12400, 0x1246E),
    (0x12480, 0x12543), (0x12F90, 0x12FF0), (0x13000, 0x13455), (0x14400, 0x14646), (0x16800, 0x16A38), (0x16A40, 0x16A5E),
    (0x16A60, 0x16A69), (0x16A70, 0x16ABE), (0x16AC0, 0x16AC9), (0x16AD0, 0x16AED), (0x16AF0, 0x16AF4), (0x16B00, 0x16B36),
    (0x16B40, 0x16B43), (0x16B50, 0x16B59), (0x16B63, 0x16B77), (0x16B7D, 0x16B8F), (0x16E40, 0x16E7F), (0x16F00, 0x16F4A),
    (0x16F4F, 0x16F87), (0x16F8F, 0x16F9F), (0x16FE0, 0x16FE1), (0x16FE3, 0x16FE4), (0x16FF0, 0x16FF1), (0x17000, 0x187F7),
    (0x18800, 0x18CD5), (0x18D00, 0x18D08), (0x1AFF0, 0x1AFF3), (0x1AFF5, 0x1AFFB), (0x1AFFD, 0x1AFFE), (0x1B000, 0x1B122),
    (0x1B132, 0x1B132), (0x1B150, 0x1B152), (0x1B155, 0x1B155), (0x1B164, 0x1B167), (0x1B170, 0x1B2FB), (0x1BC00, 0x1BC6A),
    (0x1BC70, 0x1BC7C), (0x1BC80, 0x1BC88), (0x1BC90, 0x1BC99), (0x1BC9D, 0x1BC9E), (0x1BCA0, 0x1BCA3), (0x1CF00, 0x1CF2D),
    (0x1CF30, 0x1CF46), (0x1D165, 0x1D169), (0x1D16D, 0x1D182), (0x1D185, 0x1D18B), (0x1D1AA, 0x1D1AD), (0x1D242, 0x1D244),
    (0x1D400, 0x1D454), (0x1D456, 0x1D49C), (0x1D49E, 0x1D49F), (0x1D4A2, 0x1D4A2), (0x1D4A5, 0x1D4A6), (0x1D4A9, 0x1D4AC),
    (0x1D4AE, 0x1D4B9), (0x1D4BB, 0x1D4BB), (0x1D4BD, 0x1D4C3), (0x1D4C5, 0x1D505), (0x1D507, 0x1D50A), (0x1D50D, 0x1D514),
    (0x1D516, 0x1D51C), (0x1D51E, 0x1D539), (0x1D53B, 0x1D53E), (0x1D540, 0x1D544), (0x1D546, 0x1D546), (0x1D54A, 0x1D550),
    (0x1D552, 0x1D6A5), (0x1D6A8, 0x1D6C0), (0x1D6C2, 0x1D6DA), (0x1D6DC, 0x1D6FA), (0x1D6FC, 0x1D714), (0x1D716, 0x1D734),
    (0x1D736, 0x1D74E), (0x1D750, 0x1D76E), (0x1D770, 0x1D788), (0x1D78A, 0x1D7A8), (0x1D7AA, 0x1D7C2), (0x1D7C4, 0x1D7CB),
    (0x1D7CE, 0x1D7FF), (0x1DA00, 0x1DA36), (0x1DA3B, 0x1DA6C), (0x1DA75, 0x1DA75), (0x1DA84, 0x1DA84), (0x1DA9B, 0x1DA9F),
    (0x1DAA1, 0x1DAAF), (0x1DF00, 0x1DF1E), (0x1DF25, 0x1DF2A), (0x1E000, 0x1E006), (0x1E008, 0x1E018), (0x1E01B, 0x1E021),
    (0x1E023, 0x1E024), (0x1E026, 0x1E02A), (0x1E030, 0x1E06D), (0x1E08F, 0x1E08F), (0x1E100, 0x1E12C), (0x1E130, 0x1E13D),
    (0x1E140, 0x1E149), (0x1E14E, 0x1E14E), (0x1E290, 0x1E2AE), (0x1E2C0, 0x1E2F9), (0x1E2FF, 0x1E2FF), (0x1E4D0, 0x1E4F9),
    (0x1E7E0, 0x1E7E6), (0x1E7E8, 0x1E7EB), (0x1E7ED, 0x1E7EE), (0x1E7F0, 0x1E7FE), (0x1E800, 0x1E8C4), (0x1E8D0, 0x1E8D6),
    (0x1E900, 0x1E94B), (0x1E950, 0x1E959), (0x1ECB0, 0x1ECB0), (0x1EE00, 0x1EE03), (0x1EE05, 0x1EE1F), (0x1EE21, 0x1EE22),
    (0x1EE24, 0x1EE24), (0x1EE27, 0x1EE27), (0x1EE29, 0x1EE32), (0x1EE34, 0x1EE37), (0x1EE39, 0x1EE39), (0x1EE3B, 0x1EE3B),
    (0x1EE42, 0x1EE42), (0x1EE47, 0x1EE47), (0x1EE49, 0x1EE49), (0x1EE4B, 0x1EE4B), (0x1EE4D, 0x1EE4F), (0x1EE51, 0x1EE52),
    (0x1EE54, 0x1EE54), (0x1EE57, 0x1EE57), (0x1EE59, 0x1EE59), (0x1EE5B, 0x1EE5B), (0x1EE5D, 0x1EE5D), (0x1EE5F, 0x1EE5F),
    (0x1EE61, 0x1EE62), (0x1EE64, 0x1EE64), (0x1EE67, 0x1EE6A), (0x1EE6C, 0x1EE72), (0x1EE74, 0x1EE77), (0x1EE79, 0x1EE7C),
    (0x1EE7E, 0x1EE7E), (0x1EE80, 0x1EE89), (0x1EE8B, 0x1EE9B), (0x1EEA1, 0x1EEA3), (0x1EEA5, 0x1EEA9), (0x1EEAB, 0x1EEBB),
    (0x1FBF0, 0x1FBF9), (0x20000, 0x2A6DF), (0x2A700, 0x2B739), (0x2B740, 0x2B81D), (0x2B820, 0x2CEA1), (0x2CEB0, 0x2EBE0),
    (0x2F800, 0x2FA1D), (0x30000, 0x3134A), (0x31350, 0x323AF), (0xE0001, 0xE0001), (0xE0020, 0xE007F), (0xE0100, 0xE01EF),
];

/// The code points `Character.isUnicodeIdentifierStart` holds for.
pub(super) const UNICODE_IDENTIFIER_START: &[(u32, u32)] = &[
    (0x0041, 0x005A), (0x0061, 0x007A), (0x00AA, 0x00AA), (0x00B5, 0x00B5), (0x00BA, 0x00BA), (0x00C0, 0x00D6),
    (0x00D8, 0x00F6), (0x00F8, 0x02C1), (0x02C6, 0x02D1), (0x02E0, 0x02E4), (0x02EC, 0x02EC), (0x02EE, 0x02EE),
    (0x0370, 0x0374), (0x0376, 0x0377), (0x037A, 0x037D), (0x037F, 0x037F), (0x0386, 0x0386), (0x0388, 0x038A),
    (0x038C, 0x038C), (0x038E, 0x03A1), (0x03A3, 0x03F5), (0x03F7, 0x0481), (0x048A, 0x052F), (0x0531, 0x0556),
    (0x0559, 0x0559), (0x0560, 0x0588), (0x05D0, 0x05EA), (0x05EF, 0x05F2), (0x0620, 0x064A), (0x066E, 0x066F),
    (0x0671, 0x06D3), (0x06D5, 0x06D5), (0x06E5, 0x06E6), (0x06EE, 0x06EF), (0x06FA, 0x06FC), (0x06FF, 0x06FF),
    (0x0710, 0x0710), (0x0712, 0x072F), (0x074D, 0x07A5), (0x07B1, 0x07B1), (0x07CA, 0x07EA), (0x07F4, 0x07F5),
    (0x07FA, 0x07FA), (0x0800, 0x0815), (0x081A, 0x081A), (0x0824, 0x0824), (0x0828, 0x0828), (0x0840, 0x0858),
    (0x0860, 0x086A), (0x0870, 0x0887), (0x0889, 0x088E), (0x08A0, 0x08C9), (0x0904, 0x0939), (0x093D, 0x093D),
    (0x0950, 0x0950), (0x0958, 0x0961), (0x0971, 0x0980), (0x0985, 0x098C), (0x098F, 0x0990), (0x0993, 0x09A8),
    (0x09AA, 0x09B0), (0x09B2, 0x09B2), (0x09B6, 0x09B9), (0x09BD, 0x09BD), (0x09CE, 0x09CE), (0x09DC, 0x09DD),
    (0x09DF, 0x09E1), (0x09F0, 0x09F1), (0x09FC, 0x09FC), (0x0A05, 0x0A0A), (0x0A0F, 0x0A10), (0x0A13, 0x0A28),
    (0x0A2A, 0x0A30), (0x0A32, 0x0A33), (0x0A35, 0x0A36), (0x0A38, 0x0A39), (0x0A59, 0x0A5C), (0x0A5E, 0x0A5E),
    (0x0A72, 0x0A74), (0x0A85, 0x0A8D), (0x0A8F, 0x0A91), (0x0A93, 0x0AA8), (0x0AAA, 0x0AB0), (0x0AB2, 0x0AB3),
    (0x0AB5, 0x0AB9), (0x0ABD, 0x0ABD), (0x0AD0, 0x0AD0), (0x0AE0, 0x0AE1), (0x0AF9, 0x0AF9), (0x0B05, 0x0B0C),
    (0x0B0F, 0x0B10), (0x0B13, 0x0B28), (0x0B2A, 0x0B30), (0x0B32, 0x0B33), (0x0B35, 0x0B39), (0x0B3D, 0x0B3D),
    (0x0B5C, 0x0B5D), (0x0B5F, 0x0B61), (0x0B71, 0x0B71), (0x0B83, 0x0B83), (0x0B85, 0x0B8A), (0x0B8E, 0x0B90),
    (0x0B92, 0x0B95), (0x0B99, 0x0B9A), (0x0B9C, 0x0B9C), (0x0B9E, 0x0B9F), (0x0BA3, 0x0BA4), (0x0BA8, 0x0BAA),
    (0x0BAE, 0x0BB9), (0x0BD0, 0x0BD0), (0x0C05, 0x0C0C), (0x0C0E, 0x0C10), (0x0C12, 0x0C28), (0x0C2A, 0x0C39),
    (0x0C3D, 0x0C3D), (0x0C58, 0x0C5A), (0x0C5D, 0x0C5D), (0x0C60, 0x0C61), (0x0C80, 0x0C80), (0x0C85, 0x0C8C),
    (0x0C8E, 0x0C90), (0x0C92, 0x0CA8), (0x0CAA, 0x0CB3), (0x0CB5, 0x0CB9), (0x0CBD, 0x0CBD), (0x0CDD, 0x0CDE),
    (0x0CE0, 0x0CE1), (0x0CF1, 0x0CF2), (0x0D04, 0x0D0C), (0x0D0E, 0x0D10), (0x0D12, 0x0D3A), (0x0D3D, 0x0D3D),
    (0x0D4E, 0x0D4E), (0x0D54, 0x0D56), (0x0D5F, 0x0D61), (0x0D7A, 0x0D7F), (0x0D85, 0x0D96), (0x0D9A, 0x0DB1),
    (0x0DB3, 0x0DBB), (0x0DBD, 0x0DBD), (0x0DC0, 0x0DC6), (0x0E01, 0x0E30), (0x0E32, 0x0E33), (0x0E40, 0x0E46),
    (0x0E81, 0x0E82), (0x0E84, 0x0E84), (0x0E86, 0x0E8A), (0x0E8C, 0x0EA3), (0x0EA5, 0x0EA5), (0x0EA7, 0x0EB0),
    (0x0EB2, 0x0EB3), (0x0EBD, 0x0EBD), (0x0EC0, 0x0EC4), (0x0EC6, 0x0EC6), (0x0EDC, 0x0EDF), (0x0F00, 0x0F00),
    (0x0F40, 0x0F47), (0x0F49, 0x0F6C), (0x0F88, 0x0F8C), (0x1000, 0x102A), (0x103F, 0x103F), (0x1050, 0x1055),
    (0x105A, 0x105D), (0x1061, 0x1061), (0x1065, 0x1066), (0x106E, 0x1070), (0x1075, 0x1081), (0x108E, 0x108E),
    (0x10A0, 0x10C5), (0x10C7, 0x10C7), (0x10CD, 0x10CD), (0x10D0, 0x10FA), (0x10FC, 0x1248), (0x124A, 0x124D),
    (0x1250, 0x1256), (0x1258, 0x1258), (0x125A, 0x125D), (0x1260, 0x1288), (0x128A, 0x128D), (0x1290, 0x12B0),
    (0x12B2, 0x12B5), (0x12B8, 0x12BE), (0x12C0, 0x12C0), (0x12C2, 0x12C5), (0x12C8, 0x12D6), (0x12D8, 0x1310),
    (0x1312, 0x1315), (0x1318, 0x135A), (0x1380, 0x138F), (0x13A0, 0x13F5), (0x13F8, 0x13FD), (0x1401, 0x166C),
    (0x166F, 0x167F), (0x1681, 0x169A), (0x16A0, 0x16EA), (0x16EE, 0x16F8), (0x1700, 0x1711), (0x171F, 0x1731),
    (0x1740, 0x1751), (0x1760, 0x176C), (0x176E, 0x1770), (0x1780, 0x17B3), (0x17D7, 0x17D7), (0x17DC, 0x17DC),
    (0x1820, 0x1878), (0x1880, 0x18A8), (0x18AA, 0x18AA), (0x18B0, 0x18F5), (0x1900, 0x191E), (0x1950, 0x196D),
    (0x1970, 0x1974), (0x1980, 0x19AB), (0x19B0, 0x19C9), (0x1A00, 0x1A16), (0x1A20, 0x1A54), (0x1AA7, 0x1AA7),
    (0x1B05, 0x1B33), (0x1B45, 0x1B4C), (0x1B83, 0x1BA0), (0x1BAE, 0x1BAF), (0x1BBA, 0x1BE5), (0x1C00, 0x1C23),
    (0x1C4D, 0x1C4F), (0x1C5A, 0x1C7D), (0x1C80, 0x1C88), (0x1C90, 0x1CBA), (0x1CBD, 0x1CBF), (0x1CE9, 0x1CEC),
    (0x1CEE, 0x1CF3), (0x1CF5, 0x1CF6), (0x1CFA, 0x1CFA), (0x1D00, 0x1DBF), (0x1E00, 0x1F15), (0x1F18, 0x1F1D),
    (0x1F20, 0x1F45), (0x1F48, 0x1F4D), (0x1F50, 0x1F57), (0x1F59, 0x1F59), (0x1F5B, 0x1F5B), (0x1F5D, 0x1F5D),
    (0x1F5F, 0x1F7D), (0x1F80, 0x1FB4), (0x1FB6, 0x1FBC), (0x1FBE, 0x1FBE), (0x1FC2, 0x1FC4), (0x1FC6, 0x1FCC),
    (0x1FD0, 0x1FD3), (0x1FD6, 0x1FDB), (0x1FE0, 0x1FEC), (0x1FF2, 0x1FF4), (0x1FF6, 0x1FFC), (0x2071, 0x2071),
    (0x207F, 0x207F), (0x2090, 0x209C), (0x2102, 0x2102), (0x2107, 0x2107), (0x210A, 0x2113), (0x2115, 0x2115),
    (0x2118, 0x211D), (0x2124, 0x2124), (0x2126, 0x2126), (0x2128, 0x2128), (0x212A, 0x2139), (0x213C, 0x213F),
    (0x2145, 0x2149), (0x214E, 0x214E), (0x2160, 0x2188), (0x2C00, 0x2CE4), (0x2CEB, 0x2CEE), (0x2CF2, 0x2CF3),
    (0x2D00, 0x2D25), (0x2D27, 0x2D27), (0x2D2D, 0x2D2D), (0x2D30, 0x2D67), (0x2D6F, 0x2D6F), (0x2D80, 0x2D96),
    (0x2DA0, 0x2DA6), (0x2DA8, 0x2DAE), (0x2DB0, 0x2DB6), (0x2DB8, 0x2DBE), (0x2DC0, 0x2DC6), (0x2DC8, 0x2DCE),
    (0x2DD0, 0x2DD6), (0x2DD8, 0x2DDE), (0x2E2F, 0x2E2F), (0x3005, 0x3007), (0x3021, 0x3029), (0x3031, 0x3035),
    (0x3038, 0x303C), (0x3041, 0x3096), (0x309B, 0x309F), (0x30A1, 0x30FA), (0x30FC, 0x30FF), (0x3105, 0x312F),
    (0x3131, 0x318E), (0x31A0, 0x31BF), (0x31F0, 0x31FF), (0x3400, 0x4DBF), (0x4E00, 0xA48C), (0xA4D0, 0xA4FD),
    (0xA500, 0xA60C), (0xA610, 0xA61F), (0xA62A, 0xA62B), (0xA640, 0xA66E), (0xA67F, 0xA69D), (0xA6A0, 0xA6EF),
    (0xA717, 0xA71F), (0xA722, 0xA788), (0xA78B, 0xA7CA), (0xA7D0, 0xA7D1), (0xA7D3, 0xA7D3), (0xA7D5, 0xA7D9),
    (0xA7F2, 0xA801), (0xA803, 0xA805), (0xA807, 0xA80A), (0xA80C, 0xA822), (0xA840, 0xA873), (0xA882, 0xA8B3),
    (0xA8F2, 0xA8F7), (0xA8FB, 0xA8FB), (0xA8FD, 0xA8FE), (0xA90A, 0xA925), (0xA930, 0xA946), (0xA960, 0xA97C),
    (0xA984, 0xA9B2), (0xA9CF, 0xA9CF), (0xA9E0, 0xA9E4), (0xA9E6, 0xA9EF), (0xA9FA, 0xA9FE), (0xAA00, 0xAA28),
    (0xAA40, 0xAA42), (0xAA44, 0xAA4B), (0xAA60, 0xAA76), (0xAA7A, 0xAA7A), (0xAA7E, 0xAAAF), (0xAAB1, 0xAAB1),
    (0xAAB5, 0xAAB6), (0xAAB9, 0xAABD), (0xAAC0, 0xAAC0), (0xAAC2, 0xAAC2), (0xAADB, 0xAADD), (0xAAE0, 0xAAEA),
    (0xAAF2, 0xAAF4), (0xAB01, 0xAB06), (0xAB09, 0xAB0E), (0xAB11, 0xAB16), (0xAB20, 0xAB26), (0xAB28, 0xAB2E),
    (0xAB30, 0xAB5A), (0xAB5C, 0xAB69), (0xAB70, 0xABE2), (0xAC00, 0xD7A3), (0xD7B0, 0xD7C6), (0xD7CB, 0xD7FB),
    (0xF900, 0xFA6D), (0xFA70, 0xFAD9), (0xFB00, 0xFB06), (0xFB13, 0xFB17), (0xFB1D, 0xFB1D), (0xFB1F, 0xFB28),
    (0xFB2A, 0xFB36), (0xFB38, 0xFB3C), (0xFB3E, 0xFB3E), (0xFB40, 0xFB41), (0xFB43, 0xFB44), (0xFB46, 0xFBB1),
    (0xFBD3, 0xFD3D), (0xFD50, 0xFD8F), (0xFD92, 0xFDC7), (0xFDF0, 0xFDFB), (0xFE70, 0xFE74), (0xFE76, 0xFEFC),
    (0xFF21, 0xFF3A), (0xFF41, 0xFF5A), (0xFF66, 0xFFBE), (0xFFC2, 0xFFC7), (0xFFCA, 0xFFCF), (0xFFD2, 0xFFD7),
    (0xFFDA, 0xFFDC), (0x10000, 0x1000B), (0x1000D, 0x10026), (0x10028, 0x1003A), (0x1003C, 0x1003D), (0x1003F, 0x1004D),
    (0x10050, 0x1005D), (0x10080, 0x100FA), (0x10140, 0x10174), (0x10280, 0x1029C), (0x102A0, 0x102D0), (0x10300, 0x1031F),
    (0x1032D, 0x1034A), (0x10350, 0x10375), (0x10380, 0x1039D), (0x103A0, 0x103C3), (0x103C8, 0x103CF), (0x103D1, 0x103D5),
    (0x10400, 0x1049D), (0x104B0, 0x104D3), (0x104D8, 0x104FB), (0x10500, 0x10527), (0x10530, 0x10563), (0x10570, 0x1057A),
    (0x1057C, 0x1058A), (0x1058C, 0x10592), (0x10594, 0x10595), (0x10597, 0x105A1), (0x105A3, 0x105B1), (0x105B3, 0x105B9),
    (0x105BB, 0x105BC), (0x10600, 0x10736), (0x10740, 0x10755), (0x10760, 0x10767), (0x10780, 0x10785), (0x10787, 0x107B0),
    (0x107B2, 0x107BA), (0x10800, 0x10805), (0x10808, 0x10808), (0x1080A, 0x10835), (0x10837, 0x10838), (0x1083C, 0x1083C),
    (0x1083F, 0x10855), (0x10860, 0x10876), (0x10880, 0x1089E), (0x108E0, 0x108F2), (0x108F4, 0x108F5), (0x10900, 0x10915),
    (0x10920, 0x10939), (0x10980, 0x109B7), (0x109BE, 0x109BF), (0x10A00, 0x10A00), (0x10A10, 0x10A13), (0x10A15, 0x10A17),
    (0x10A19, 0x10A35), (0x10A60, 0x10A7C), (0x10A80, 0x10A9C), (0x10AC0, 0x10AC7), (0x10AC9, 0x10AE4), (0x10B00, 0x10B35),
    (0x10B40, 0x10B55), (0x10B60, 0x10B72), (0x10B80, 0x10B91), (0x10C00, 0x10C48), (0x10C80, 0x10CB2), (0x10CC0, 0x10CF2),
    (0x10D00, 0x10D23), (0x10E80, 0x10EA9), (0x10EB0, 0x10EB1), (0x10F00, 0x10F1C), (0x10F27, 0x10F27), (0x10F30, 0x10F45),
    (0x10F70, 0x10F81), (0x10FB0, 0x10FC4), (0x10FE0, 0x10FF6), (0x11003, 0x11037), (0x11071, 0x11072), (0x11075, 0x11075),
    (0x11083, 0x110AF), (0x110D0, 0x110E8), (0x11103, 0x11126), (0x11144, 0x11144), (0x11147, 0x11147), (0x11150, 0x11172),
    (0x11176, 0x11176), (0x11183, 0x111B2), (0x111C1, 0x111C4), (0x111DA, 0x111DA), (0x111DC, 0x111DC), (0x11200, 0x11211),
    (0x11213, 0x1122B), (0x1123F, 0x11240), (0x11280, 0x11286), (0x11288, 0x11288), (0x1128A, 0x1128D), (0x1128F, 0x1129D),
    (0x1129F, 0x112A8), (0x112B0, 0x112DE), (0x11305, 0x1130C), (0x1130F, 0x11310), (0x11313, 0x11328), (0x1132A, 0x11330),
    (0x11332, 0x11333), (0x11335, 0x11339), (0x1133D, 0x1133D), (0x11350, 0x11350), (0x1135D, 0x11361), (0x11400, 0x11434),
    (0x11447, 0x1144A), (0x1145F, 0x11461), (0x11480, 0x114AF), (0x114C4, 0x114C5), (0x114C7, 0x114C7), (0x11580, 0x115AE),
    (0x115D8, 0x115DB), (0x11600, 0x1162F), (0x11644, 0x11644), (0x11680, 0x116AA), (0x116B8, 0x116B8), (0x11700, 0x1171A),
    (0x11740, 0x11746), (0x11800, 0x1182B), (0x118A0, 0x118DF), (0x118FF, 0x11906), (0x11909, 0x11909), (0x1190C, 0x11913),
    (0x11915, 0x11916), (0x11918, 0x1192F), (0x1193F, 0x1193F), (0x11941, 0x11941), (0x119A0, 0x119A7), (0x119AA, 0x119D0),
    (0x119E1, 0x119E1), (0x119E3, 0x119E3), (0x11A00, 0x11A00), (0x11A0B, 0x11A32), (0x11A3A, 0x11A3A), (0x11A50, 0x11A50),
    (0x11A5C, 0x11A89), (0x11A9D, 0x11A9D), (0x11AB0, 0x11AF8), (0x11C00, 0x11C08), (0x11C0A, 0x11C2E), (0x11C40, 0x11C40),
    (0x11C72, 0x11C8F), (0x11D00, 0x11D06), (0x11D08, 0x11D09), (0x11D0B, 0x11D30), (0x11D46, 0x11D46), (0x11D60, 0x11D65),
    (0x11D67, 0x11D68), (0x11D6A, 0x11D89), (0x11D98, 0x11D98), (0x11EE0, 0x11EF2), (0x11F02, 0x11F02), (0x11F04, 0x11F10),
    (0x11F12, 0x11F33), (0x11FB0, 0x11FB0), (0x12000, 0x12399), (0x12400, 0x1246E), (0x12480, 0x12543), (0x12F90, 0x12FF0),
    (0x13000, 0x1342F), (0x13441, 0x13446), (0x14400, 0x14646), (0x16800, 0x16A38), (0x16A40, 0x16A5E), (0x16A70, 0x16ABE),
    (0x16AD0, 0x16AED), (0x16B00, 0x16B2F), (0x16B40, 0x16B43), (0x16B63, 0x16B77), (0x16B7D, 0x16B8F), (0x16E40, 0x16E7F),
    (0x16F00, 0x16F4A), (0x16F50, 0x16F50), (0x16F93, 0x16F9F), (0x16FE0, 0x16FE1), (0x16FE3, 0x16FE3), (0x17000, 0x187F7),
    (0x18800, 0x18CD5), (0x18D00, 0x18D08), (0x1AFF0, 0x1AFF3), (0x1AFF5, 0x1AFFB), (0x1AFFD, 0x1AFFE), (0x1B000, 0x1B122),
    (0x1B132, 0x1B132), (0x1B150, 0x1B152), (0x1B155, 0x1B155), (0x1B164, 0x1B167), (0x1B170, 0x1B2FB), (0x1BC00, 0x1BC6A),
    (0x1BC70, 0x1BC7C), (0x1BC80, 0x1BC88), (0x1BC90, 0x1BC99), (0x1D400, 0x1D454), (0x1D456, 0x1D49C), (0x1D49E, 0x1D49F),
    (0x1D4A2, 0x1D4A2), (0x1D4A5, 0x1D4A6), (0x1D4A9, 0x1D4AC), (0x1D4AE, 0x1D4B9), (0x1D4BB, 0x1D4BB), (0x1D4BD, 0x1D4C3),
    (0x1D4C5, 0x1D505), (0x1D507, 0x1D50A), (0x1D50D, 0x1D514), (0x1D516, 0x1D51C), (0x1D51E, 0x1D539), (0x1D53B, 0x1D53E),
    (0x1D540, 0x1D544), (0x1D546, 0x1D546), (0x1D54A, 0x1D550), (0x1D552, 0x1D6A5), (0x1D6A8, 0x1D6C0), (0x1D6C2, 0x1D6DA),
    (0x1D6DC, 0x1D6FA), (0x1D6FC, 0x1D714), (0x1D716, 0x1D734), (0x1D736, 0x1D74E), (0x1D750, 0x1D76E), (0x1D770, 0x1D788),
    (0x1D78A, 0x1D7A8), (0x1D7AA, 0x1D7C2), (0x1D7C4, 0x1D7CB), (0x1DF00, 0x1DF1E), (0x1DF25, 0x1DF2A), (0x1E030, 0x1E06D),
    (0x1E100, 0x1E12C), (0x1E137, 0x1E13D), (0x1E14E, 0x1E14E), (0x1E290, 0x1E2AD), (0x1E2C0, 0x1E2EB), (0x1E4D0, 0x1E4EB),
    (0x1E7E0, 0x1E7E6), (0x1E7E8, 0x1E7EB), (0x1E7ED, 0x1E7EE), (0x1E7F0, 0x1E7FE), (0x1E800, 0x1E8C4), (0x1E900, 0x1E943),
    (0x1E94B, 0x1E94B), (0x1EE00, 0x1EE03), (0x1EE05, 0x1EE1F), (0x1EE21, 0x1EE22), (0x1EE24, 0x1EE24), (0x1EE27, 0x1EE27),
    (0x1EE29, 0x1EE32), (0x1EE34, 0x1EE37), (0x1EE39, 0x1EE39), (0x1EE3B, 0x1EE3B), (0x1EE42, 0x1EE42), (0x1EE47, 0x1EE47),
    (0x1EE49, 0x1EE49), (0x1EE4B, 0x1EE4B), (0x1EE4D, 0x1EE4F), (0x1EE51, 0x1EE52), (0x1EE54, 0x1EE54), (0x1EE57, 0x1EE57),
    (0x1EE59, 0x1EE59), (0x1EE5B, 0x1EE5B), (0x1EE5D, 0x1EE5D), (0x1EE5F, 0x1EE5F), (0x1EE61, 0x1EE62), (0x1EE64, 0x1EE64),
    (0x1EE67, 0x1EE6A), (0x1EE6C, 0x1EE72), (0x1EE74, 0x1EE77), (0x1EE79, 0x1EE7C), (0x1EE7E, 0x1EE7E), (0x1EE80, 0x1EE89),
    (0x1EE8B, 0x1EE9B), (0x1EEA1, 0x1EEA3), (0x1EEA5, 0x1EEA9), (0x1EEAB, 0x1EEBB), (0x20000, 0x2A6DF), (0x2A700, 0x2B739),
    (0x2B740, 0x2B81D), (0x2B820, 0x2CEA1), (0x2CEB0, 0x2EBE0), (0x2F800, 0x2FA1D), (0x30000, 0x3134A), (0x31350, 0x323AF),
];

/// The code points `Character.isUnicodeIdentifierPart` holds for.
pub(super) const UNICODE_IDENTIFIER_PART: &[(u32, u32)] = &[
    (0x0000, 0x0008), (0x000E, 0x001B), (0x0030, 0x0039), (0x0041, 0x005A), (0x005F, 0x005F), (0x0061, 0x007A),
    (0x007F, 0x009F), (0x00AA, 0x00AA), (0x00AD, 0x00AD), (0x00B5, 0x00B5), (0x00B7, 0x00B7), (0x00BA, 0x00BA),
    (0x00C0, 0x00D6), (0x00D8, 0x00F6), (0x00F8, 0x02C1), (0x02C6, 0x02D1), (0x02E0, 0x02E4), (0x02EC, 0x02EC),
    (0x02EE, 0x02EE), (0x0300, 0x0374), (0x0376, 0x0377), (0x037A, 0x037D), (0x037F, 0x037F), (0x0386, 0x038A),
    (0x038C, 0x038C), (0x038E, 0x03A1), (0x03A3, 0x03F5), (0x03F7, 0x0481), (0x0483, 0x0487), (0x048A, 0x052F),
    (0x0531, 0x0556), (0x0559, 0x0559), (0x0560, 0x0588), (0x0591, 0x05BD), (0x05BF, 0x05BF), (0x05C1, 0x05C2),
    (0x05C4, 0x05C5), (0x05C7, 0x05C7), (0x05D0, 0x05EA), (0x05EF, 0x05F2), (0x0600, 0x0605), (0x0610, 0x061A),
    (0x061C, 0x061C), (0x0620, 0x0669), (0x066E, 0x06D3), (0x06D5, 0x06DD), (0x06DF, 0x06E8), (0x06EA, 0x06FC),
    (0x06FF, 0x06FF), (0x070F, 0x074A), (0x074D, 0x07B1), (0x07C0, 0x07F5), (0x07FA, 0x07FA), (0x07FD, 0x07FD),
    (0x0800, 0x082D), (0x0840, 0x085B), (0x0860, 0x086A), (0x0870, 0x0887), (0x0889, 0x088E), (0x0890, 0x0891),
    (0x0898, 0x0963), (0x0966, 0x096F), (0x0971, 0x0983), (0x0985, 0x098C), (0x098F, 0x0990), (0x0993, 0x09A8),
    (0x09AA, 0x09B0), (0x09B2, 0x09B2), (0x09B6, 0x09B9), (0x09BC, 0x09C4), (0x09C7, 0x09C8), (0x09CB, 0x09CE),
    (0x09D7, 0x09D7), (0x09DC, 0x09DD), (0x09DF, 0x09E3), (0x09E6, 0x09F1), (0x09FC, 0x09FC), (0x09FE, 0x09FE),
    (0x0A01, 0x0A03), (0x0A05, 0x0A0A), (0x0A0F, 0x0A10), (0x0A13, 0x0A28), (0x0A2A, 0x0A30), (0x0A32, 0x0A33),
    (0x0A35, 0x0A36), (0x0A38, 0x0A39), (0x0A3C, 0x0A3C), (0x0A3E, 0x0A42), (0x0A47, 0x0A48), (0x0A4B, 0x0A4D),
    (0x0A51, 0x0A51), (0x0A59, 0x0A5C), (0x0A5E, 0x0A5E), (0x0A66, 0x0A75), (0x0A81, 0x0A83), (0x0A85, 0x0A8D),
    (0x0A8F, 0x0A91), (0x0A93, 0x0AA8), (0x0AAA, 0x0AB0), (0x0AB2, 0x0AB3), (0x0AB5, 0x0AB9), (0x0ABC, 0x0AC5),
    (0x0AC7, 0x0AC9), (0x0ACB, 0x0ACD), (0x0AD0, 0x0AD0), (0x0AE0, 0x0AE3), (0x0AE6, 0x0AEF), (0x0AF9, 0x0AFF),
    (0x0B01, 0x0B03), (0x0B05, 0x0B0C), (0x0B0F, 0x0B10), (0x0B13, 0x0B28), (0x0B2A, 0x0B30), (0x0B32, 0x0B33),
    (0x0B35, 0x0B39), (0x0B3C, 0x0B44), (0x0B47, 0x0B48), (0x0B4B, 0x0B4D), (0x0B55, 0x0B57), (0x0B5C, 0x0B5D),
    (0x0B5F, 0x0B63), (0x0B66, 0x0B6F), (0x0B71, 0x0B71), (0x0B82, 0x0B83), (0x0B85, 0x0B8A), (0x0B8E, 0x0B90),
    (0x0B92, 0x0B95), (0x0B99, 0x0B9A), (0x0B9C, 0x0B9C), (0x0B9E, 0x0B9F), (0x0BA3, 0x0BA4), (0x0BA8, 0x0BAA),
    (0x0BAE, 0x0BB9), (0x0BBE, 0x0BC2), (0x0BC6, 0x0BC8), (0x0BCA, 0x0BCD), (0x0BD0, 0x0BD0), (0x0BD7, 0x0BD7),
    (0x0BE6, 0x0BEF), (0x0C00, 0x0C0C), (0x0C0E, 0x0C10), (0x0C12, 0x0C28), (0x0C2A, 0x0C39), (0x0C3C, 0x0C44),
    (0x0C46, 0x0C48), (0x0C4A, 0x0C4D), (0x0C55, 0x0C56), (0x0C58, 0x0C5A), (0x0C5D, 0x0C5D), (0x0C60, 0x0C63),
    (0x0C66, 0x0C6F), (0x0C80, 0x0C83), (0x0C85, 0x0C8C), (0x0C8E, 0x0C90), (0x0C92, 0x0CA8), (0x0CAA, 0x0CB3),
    (0x0CB5, 0x0CB9), (0x0CBC, 0x0CC4), (0x0CC6, 0x0CC8), (0x0CCA, 0x0CCD), (0x0CD5, 0x0CD6), (0x0CDD, 0x0CDE),
    (0x0CE0, 0x0CE3), (0x0CE6, 0x0CEF), (0x0CF1, 0x0CF3), (0x0D00, 0x0D0C), (0x0D0E, 0x0D10), (0x0D12, 0x0D44),
    (0x0D46, 0x0D48), (0x0D4A, 0x0D4E), (0x0D54, 0x0D57), (0x0D5F, 0x0D63), (0x0D66, 0x0D6F), (0x0D7A, 0x0D7F),
    (0x0D81, 0x0D83), (0x0D85, 0x0D96), (0x0D9A, 0x0DB1), (0x0DB3, 0x0DBB), (0x0DBD, 0x0DBD), (0x0DC0, 0x0DC6),
    (0x0DCA, 0x0DCA), (0x0DCF, 0x0DD4), (0x0DD6, 0x0DD6), (0x0DD8, 0x0DDF), (0x0DE6, 0x0DEF), (0x0DF2, 0x0DF3),
    (0x0E01, 0x0E3A), (0x0E40, 0x0E4E), (0x0E50, 0x0E59), (0x0E81, 0x0E82), (0x0E84, 0x0E84), (0x0E86, 0x0E8A),
    (0x0E8C, 0x0EA3), (0x0EA5, 0x0EA5), (0x0EA7, 0x0EBD), (0x0EC0, 0x0EC4), (0x0EC6, 0x0EC6), (0x0EC8, 0x0ECE),
    (0x0ED0, 0x0ED9), (0x0EDC, 0x0EDF), (0x0F00, 0x0F00), (0x0F18, 0x0F19), (0x0F20, 0x0F29), (0x0F35, 0x0F35),
    (0x0F37, 0x0F37), (0x0F39, 0x0F39), (0x0F3E, 0x0F47), (0x0F49, 0x0F6C), (0x0F71, 0x0F84), (0x0F86, 0x0F97),
    (0x0F99, 0x0FBC), (0x0FC6, 0x0FC6), (0x1000, 0x1049), (0x1050, 0x109D), (0x10A0, 0x10C5), (0x10C7, 0x10C7),
    (0x10CD, 0x10CD), (0x10D0, 0x10FA), (0x10FC, 0x1248), (0x124A, 0x124D), (0x1250, 0x1256), (0x1258, 0x1258),
    (0x125A, 0x125D), (0x1260, 0x1288), (0x128A, 0x128D), (0x1290, 0x12B0), (0x12B2, 0x12B5), (0x12B8, 0x12BE),
    (0x12C0, 0x12C0), (0x12C2, 0x12C5), (0x12C8, 0x12D6), (0x12D8, 0x1310), (0x1312, 0x1315), (0x1318, 0x135A),
    (0x135D, 0x135F), (0x1369, 0x1371), (0x1380, 0x138F), (0x13A0, 0x13F5), (0x13F8, 0x13FD), (0x1401, 0x166C),
    (0x166F, 0x167F), (0x1681, 0x169A), (0x16A0, 0x16EA), (0x16EE, 0x16F8), (0x1700, 0x1715), (0x171F, 0x1734),
    (0x1740, 0x1753), (0x1760, 0x176C), (0x176E, 0x1770), (0x1772, 0x1773), (0x1780, 0x17D3), (0x17D7, 0x17D7),
    (0x17DC, 0x17DD), (0x17E0, 0x17E9), (0x180B, 0x1819), (0x1820, 0x1878), (0x1880, 0x18AA), (0x18B0, 0x18F5),
    (0x1900, 0x191E), (0x1920, 0x192B), (0x1930, 0x193B), (0x1946, 0x196D), (0x1970, 0x1974), (0x1980, 0x19AB),
    (0x19B0, 0x19C9), (0x19D0, 0x19DA), (0x1A00, 0x1A1B), (0x1A20, 0x1A5E), (0x1A60, 0x1A7C), (0x1A7F, 0x1A89),
    (0x1A90, 0x1A99), (0x1AA7, 0x1AA7), (0x1AB0, 0x1ABD), (0x1ABF, 0x1ACE), (0x1B00, 0x1B4C), (0x1B50, 0x1B59),
    (0x1B6B, 0x1B73), (0x1B80, 0x1BF3), (0x1C00, 0x1C37), (0x1C40, 0x1C49), (0x1C4D, 0x1C7D), (0x1C80, 0x1C88),
    (0x1C90, 0x1CBA), (0x1CBD, 0x1CBF), (0x1CD0, 0x1CD2), (0x1CD4, 0x1CFA), (0x1D00, 0x1F15), (0x1F18, 0x1F1D),
    (0x1F20, 0x1F45), (0x1F48, 0x1F4D), (0x1F50, 0x1F57), (0x1F59, 0x1F59), (0x1F5B, 0x1F5B), (0x1F5D, 0x1F5D),
    (0x1F5F, 0x1F7D), (0x1F80, 0x1FB4), (0x1FB6, 0x1FBC), (0x1FBE, 0x1FBE), (0x1FC2, 0x1FC4), (0x1FC6, 0x1FCC),
    (0x1FD0, 0x1FD3), (0x1FD6, 0x1FDB), (0x1FE0, 0x1FEC), (0x1FF2, 0x1FF4), (0x1FF6, 0x1FFC), (0x200B, 0x200F),
    (0x202A, 0x202E), (0x203F, 0x2040), (0x2054, 0x2054), (0x2060, 0x2064), (0x2066, 0x206F), (0x2071, 0x2071),
    (0x207F, 0x207F), (0x2090, 0x209C), (0x20D0, 0x20DC), (0x20E1, 0x20E1), (0x20E5, 0x20F0), (0x2102, 0x2102),
    (0x2107, 0x2107), (0x210A, 0x2113), (0x2115, 0x2115), (0x2118, 0x211D), (0x2124, 0x2124), (0x2126, 0x2126),
    (0x2128, 0x2128), (0x212A, 0x2139), (0x213C, 0x213F), (0x2145, 0x2149), (0x214E, 0x214E), (0x2160, 0x2188),
    (0x2C00, 0x2CE4), (0x2CEB, 0x2CF3), (0x2D00, 0x2D25), (0x2D27, 0x2D27), (0x2D2D, 0x2D2D), (0x2D30, 0x2D67),
    (0x2D6F, 0x2D6F), (0x2D7F, 0x2D96), (0x2DA0, 0x2DA6), (0x2DA8, 0x2DAE), (0x2DB0, 0x2DB6), (0x2DB8, 0x2DBE),
    (0x2DC0, 0x2DC6), (0x2DC8, 0x2DCE), (0x2DD0, 0x2DD6), (0x2DD8, 0x2DDE), (0x2DE0, 0x2DFF), (0x2E2F, 0x2E2F),
    (0x3005, 0x3007), (0x3021, 0x302F), (0x3031, 0x3035), (0x3038, 0x303C), (0x3041, 0x3096), (0x3099, 0x309F),
    (0x30A1, 0x30FA), (0x30FC, 0x30FF), (0x3105, 0x312F), (0x3131, 0x318E), (0x31A0, 0x31BF), (0x31F0, 0x31FF),
    (0x3400, 0x4DBF), (0x4E00, 0xA48C), (0xA4D0, 0xA4FD), (0xA500, 0xA60C), (0xA610, 0xA62B), (0xA640, 0xA66F),
    (0xA674, 0xA67D), (0xA67F, 0xA6F1), (0xA717, 0xA71F), (0xA722, 0xA788), (0xA78B, 0xA7CA), (0xA7D0, 0xA7D1),
    (0xA7D3, 0xA7D3), (0xA7D5, 0xA7D9), (0xA7F2, 0xA827), (0xA82C, 0xA82C), (0xA840, 0xA873), (0xA880, 0xA8C5),
    (0xA8D0, 0xA8D9), (0xA8E0, 0xA8F7), (0xA8FB, 0xA8FB), (0xA8FD, 0xA92D), (0xA930, 0xA953), (0xA960, 0xA97C),
    (0xA980, 0xA9C0), (0xA9CF, 0xA9D9), (0xA9E0, 0xA9FE), (0xAA00, 0xAA36), (0xAA40, 0xAA4D), (0xAA50, 0xAA59),
    (0xAA60, 0xAA76), (0xAA7A, 0xAAC2), (0xAADB, 0xAADD), (0xAAE0, 0xAAEF), (0xAAF2, 0xAAF6), (0xAB01, 0xAB06),
    (0xAB09, 0xAB0E), (0xAB11, 0xAB16), (0xAB20, 0xAB26), (0xAB28, 0xAB2E), (0xAB30, 0xAB5A), (0xAB5C, 0xAB69),
    (0xAB70, 0xABEA), (0xABEC, 0xABED), (0xABF0, 0xABF9), (0xAC00, 0xD7A3), (0xD7B0, 0xD7C6), (0xD7CB, 0xD7FB),
    (0xF900, 0xFA6D), (0xFA70, 0xFAD9), (0xFB00, 0xFB06), (0xFB13, 0xFB17), (0xFB1D, 0xFB28), (0xFB2A, 0xFB36),
    (0xFB38, 0xFB3C), (0xFB3E, 0xFB3E), (0xFB40, 0xFB41), (0xFB43, 0xFB44), (0xFB46, 0xFBB1), (0xFBD3, 0xFD3D),
    (0xFD50, 0xFD8F), (0xFD92, 0xFDC7), (0xFDF0, 0xFDFB), (0xFE00, 0xFE0F), (0xFE20, 0xFE2F), (0xFE33, 0xFE34),
    (0xFE4D, 0xFE4F), (0xFE70, 0xFE74), (0xFE76, 0xFEFC), (0xFEFF, 0xFEFF), (0xFF10, 0xFF19), (0xFF21, 0xFF3A),
    (0xFF3F, 0xFF3F), (0xFF41, 0xFF5A), (0xFF66, 0xFFBE), (0xFFC2, 0xFFC7), (0xFFCA, 0xFFCF), (0xFFD2, 0xFFD7),
    (0xFFDA, 0xFFDC), (0xFFF9, 0xFFFB), (0x10000, 0x1000B), (0x1000D, 0x10026), (0x10028, 0x1003A), (0x1003C, 0x1003D),
    (0x1003F, 0x1004D), (0x10050, 0x1005D), (0x10080, 0x100FA), (0x10140, 0x10174), (0x101FD, 0x101FD), (0x10280, 0x1029C),
    (0x102A0, 0x102D0), (0x102E0, 0x102E0), (0x10300, 0x1031F), (0x1032D, 0x1034A), (0x10350, 0x1037A), (0x10380, 0x1039D),
    (0x103A0, 0x103C3), (0x103C8, 0x103CF), (0x103D1, 0x103D5), (0x10400, 0x1049D), (0x104A0, 0x104A9), (0x104B0, 0x104D3),
    (0x104D8, 0x104FB), (0x10500, 0x10527), (0x10530, 0x10563), (0x10570, 0x1057A), (0x1057C, 0x1058A), (0x1058C, 0x10592),
    (0x10594, 0x10595), (0x10597, 0x105A1), (0x105A3, 0x105B1), (0x105B3, 0x105B9), (0x105BB, 0x105BC), (0x10600, 0x10736),
    (0x10740, 0x10755), (0x10760, 0x10767), (0x10780, 0x10785), (0x10787, 0x107B0), (0x107B2, 0x107BA), (0x10800, 0x10805),
    (0x10808, 0x10808), (0x1080A, 0x10835), (0x10837, 0x10838), (0x1083C, 0x1083C), (0x1083F, 0x10855), (0x10860, 0x10876),
    (0x10880, 0x1089E), (0x108E0, 0x108F2), (0x108F4, 0x108F5), (0x10900, 0x10915), (0x10920, 0x10939), (0x10980, 0x109B7),
    (0x109BE, 0x109BF), (0x10A00, 0x10A03), (0x10A05, 0x10A06), (0x10A0C, 0x10A13), (0x10A15, 0x10A17), (0x10A19, 0x10A35),
    (0x10A38, 0x10A3A), (0x10A3F, 0x10A3F), (0x10A60, 0x10A7C), (0x10A80, 0x10A9C), (0x10AC0, 0x10AC7), (0x10AC9, 0x10AE6),
    (0x10B00, 0x10B35), (0x10B40, 0x10B55), (0x10B60, 0x10B72), (0x10B80, 0x10B91), (0x10C00, 0x10C48), (0x10C80, 0x10CB2),
    (0x10CC0, 0x10CF2), (0x10D00, 0x10D27), (0x10D30, 0x10D39), (0x10E80, 0x10EA9), (0x10EAB, 0x10EAC), (0x10EB0, 0x10EB1),
    (0x10EFD, 0x10F1C), (0x10F27, 0x10F27), (0x10F30, 0x10F50), (0x10F70, 0x10F85), (0x10FB0, 0x10FC4), (0x10FE0, 0x10FF6),
    (0x11000, 0x11046), (0x11066, 0x11075), (0x1107F, 0x110BA), (0x110BD, 0x110BD), (0x110C2, 0x110C2), (0x110CD, 0x110CD),
    (0x110D0, 0x110E8), (0x110F0, 0x110F9), (0x11100, 0x11134), (0x11136, 0x1113F), (0x11144, 0x11147), (0x11150, 0x11173),
    (0x11176, 0x11176), (0x11180, 0x111C4), (0x111C9, 0x111CC), (0x111CE, 0x111DA), (0x111DC, 0x111DC), (0x11200, 0x11211),
    (0x11213, 0x11237), (0x1123E, 0x11241), (0x11280, 0x11286), (0x11288, 0x11288), (0x1128A, 0x1128D), (0x1128F, 0x1129D),
    (0x1129F, 0x112A8), (0x112B0, 0x112EA), (0x112F0, 0x112F9), (0x11300, 0x11303), (0x11305, 0x1130C), (0x1130F, 0x11310),
    (0x11313, 0x11328), (0x1132A, 0x11330), (0x11332, 0x11333), (0x11335, 0x11339), (0x1133B, 0x11344), (0x11347, 0x11348),
    (0x1134B, 0x1134D), (0x11350, 0x11350), (0x11357, 0x11357), (0x1135D, 0x11363), (0x11366, 0x1136C), (0x11370, 0x11374),
    (0x11400, 0x1144A), (0x11450, 0x11459), (0x1145E, 0x11461), (0x11480, 0x114C5), (0x114C7, 0x114C7), (0x114D0, 0x114D9),
    (0x11580, 0x115B5), (0x115B8, 0x115C0), (0x115D8, 0x115DD), (0x11600, 0x11640), (0x11644, 0x11644), (0x11650, 0x11659),
    (0x11680, 0x116B8), (0x116C0, 0x116C9), (0x11700, 0x1171A), (0x1171D, 0x1172B), (0x11730, 0x11739), (0x11740, 0x11746),
    (0x11800, 0x1183A), (0x118A0, 0x118E9), (0x118FF, 0x11906), (0x11909, 0x11909), (0x1190C, 0x11913), (0x11915, 0x11916),
    (0x11918, 0x11935), (0x11937, 0x11938), (0x1193B, 0x11943), (0x11950, 0x11959), (0x119A0, 0x119A7), (0x119AA, 0x119D7),
    (0x119DA, 0x119E1), (0x119E3, 0x119E4), (0x11A00, 0x11A3E), (0x11A47, 0x11A47), (0x11A50, 0x11A99), (0x11A9D, 0x11A9D),
    (0x11AB0, 0x11AF8), (0x11C00, 0x11C08), (0x11C0A, 0x11C36), (0x11C38, 0x11C40), (0x11C50, 0x11C59), (0x11C72, 0x11C8F),
    (0x11C92, 0x11CA7), (0x11CA9, 0x11CB6), (0x11D00, 0x11D06), (0x11D08, 0x11D09), (0x11D0B, 0x11D36), (0x11D3A, 0x11D3A),
    (0x11D3C, 0x11D3D), (0x11D3F, 0x11D47), (0x11D50, 0x11D59), (0x11D60, 0x11D65), (0x11D67, 0x11D68), (0x11D6A, 0x11D8E),
    (0x11D90, 0x11D91), (0x11D93, 0x11D98), (0x11DA0, 0x11DA9), (0x11EE0, 0x11EF6), (0x11F00, 0x11F10), (0x11F12, 0x11F3A),
    (0x11F3E, 0x11F42), (0x11F50, 0x11F59), (0x11FB0, 0x11FB0), (0x12000, 0x12399), (0x12400, 0x1246E), (0x12480, 0x12543),
    (0x12F90, 0x12FF0), (0x13000, 0x13455), (0x14400, 0x14646), (0x16800, 0x16A38), (0x16A40, 0x16A5E), (0x16A60, 0x16A69),
    (0x16A70, 0x16ABE), (0x16AC0, 0x16AC9), (0x16AD0, 0x16AED), (0x16AF0, 0x16AF4), (0x16B00, 0x16B36), (0x16B40, 0x16B43),
    (0x16B50, 0x16B59), (0x16B63, 0x16B77), (0x16B7D, 0x16B8F), (0x16E40, 0x16E7F), (0x16F00, 0x16F4A), (0x16F4F, 0x16F87),
    (0x16F8F, 0x16F9F), (0x16FE0, 0x16FE1), (0x16FE3, 0x16FE4), (0x16FF0, 0x16FF1), (0x17000, 0x187F7), (0x18800, 0x18CD5),
    (0x18D00, 0x18D08), (0x1AFF0, 0x1AFF3), (0x1AFF5, 0x1AFFB), (0x1AFFD, 0x1AFFE), (0x1B000, 0x1B122), (0x1B132, 0x1B132),
    (0x1B150, 0x1B152), (0x1B155, 0x1B155), (0x1B164, 0x1B167), (0x1B170, 0x1B2FB), (0x1BC00, 0x1BC6A), (0x1BC70, 0x1BC7C),
    (0x1BC80, 0x1BC88), (0x1BC90, 0x1BC99), (0x1BC9D, 0x1BC9E), (0x1BCA0, 0x1BCA3), (0x1CF00, 0x1CF2D), (0x1CF30, 0x1CF46),
    (0x1D165, 0x1D169), (0x1D16D, 0x1D182), (0x1D185, 0x1D18B), (0x1D1AA, 0x1D1AD), (0x1D242, 0x1D244), (0x1D400, 0x1D454),
    (0x1D456, 0x1D49C), (0x1D49E, 0x1D49F), (0x1D4A2, 0x1D4A2), (0x1D4A5, 0x1D4A6), (0x1D4A9, 0x1D4AC), (0x1D4AE, 0x1D4B9),
    (0x1D4BB, 0x1D4BB), (0x1D4BD, 0x1D4C3), (0x1D4C5, 0x1D505), (0x1D507, 0x1D50A), (0x1D50D, 0x1D514), (0x1D516, 0x1D51C),
    (0x1D51E, 0x1D539), (0x1D53B, 0x1D53E), (0x1D540, 0x1D544), (0x1D546, 0x1D546), (0x1D54A, 0x1D550), (0x1D552, 0x1D6A5),
    (0x1D6A8, 0x1D6C0), (0x1D6C2, 0x1D6DA), (0x1D6DC, 0x1D6FA), (0x1D6FC, 0x1D714), (0x1D716, 0x1D734), (0x1D736, 0x1D74E),
    (0x1D750, 0x1D76E), (0x1D770, 0x1D788), (0x1D78A, 0x1D7A8), (0x1D7AA, 0x1D7C2), (0x1D7C4, 0x1D7CB), (0x1D7CE, 0x1D7FF),
    (0x1DA00, 0x1DA36), (0x1DA3B, 0x1DA6C), (0x1DA75, 0x1DA75), (0x1DA84, 0x1DA84), (0x1DA9B, 0x1DA9F), (0x1DAA1, 0x1DAAF),
    (0x1DF00, 0x1DF1E), (0x1DF25, 0x1DF2A), (0x1E000, 0x1E006), (0x1E008, 0x1E018), (0x1E01B, 0x1E021), (0x1E023, 0x1E024),
    (0x1E026, 0x1E02A), (0x1E030, 0x1E06D), (0x1E08F, 0x1E08F), (0x1E100, 0x1E12C), (0x1E130, 0x1E13D), (0x1E140, 0x1E149),
    (0x1E14E, 0x1E14E), (0x1E290, 0x1E2AE), (0x1E2C0, 0x1E2F9), (0x1E4D0, 0x1E4F9), (0x1E7E0, 0x1E7E6), (0x1E7E8, 0x1E7EB),
    (0x1E7ED, 0x1E7EE), (0x1E7F0, 0x1E7FE), (0x1E800, 0x1E8C4), (0x1E8D0, 0x1E8D6), (0x1E900, 0x1E94B), (0x1E950, 0x1E959),
    (0x1EE00, 0x1EE03), (0x1EE05, 0x1EE1F), (0x1EE21, 0x1EE22), (0x1EE24, 0x1EE24), (0x1EE27, 0x1EE27), (0x1EE29, 0x1EE32),
    (0x1EE34, 0x1EE37), (0x1EE39, 0x1EE39), (0x1EE3B, 0x1EE3B), (0x1EE42, 0x1EE42), (0x1EE47, 0x1EE47), (0x1EE49, 0x1EE49),
    (0x1EE4B, 0x1EE4B), (0x1EE4D, 0x1EE4F), (0x1EE51, 0x1EE52), (0x1EE54, 0x1EE54), (0x1EE57, 0x1EE57), (0x1EE59, 0x1EE59),
    (0x1EE5B, 0x1EE5B), (0x1EE5D, 0x1EE5D), (0x1EE5F, 0x1EE5F), (0x1EE61, 0x1EE62), (0x1EE64, 0x1EE64), (0x1EE67, 0x1EE6A),
    (0x1EE6C, 0x1EE72), (0x1EE74, 0x1EE77), (0x1EE79, 0x1EE7C), (0x1EE7E, 0x1EE7E), (0x1EE80, 0x1EE89), (0x1EE8B, 0x1EE9B),
    (0x1EEA1, 0x1EEA3), (0x1EEA5, 0x1EEA9), (0x1EEAB, 0x1EEBB), (0x1FBF0, 0x1FBF9), (0x20000, 0x2A6DF), (0x2A700, 0x2B739),
    (0x2B740, 0x2B81D), (0x2B820, 0x2CEA1), (0x2CEB0, 0x2EBE0), (0x2F800, 0x2FA1D), (0x30000, 0x3134A), (0x31350, 0x323AF),
    (0xE0001, 0xE0001), (0xE0020, 0xE007F), (0xE0100, 0xE01EF),
];

/// The code points `Character.isIdentifierIgnorable` holds for.
pub(super) const IDENTIFIER_IGNORABLE: &[(u32, u32)] = &[
    (0x0000, 0x0008), (0x000E, 0x001B), (0x007F, 0x009F), (0x00AD, 0x00AD), (0x0600, 0x0605), (0x061C, 0x061C),
    (0x06DD, 0x06DD), (0x070F, 0x070F), (0x0890, 0x0891), (0x08E2, 0x08E2), (0x180E, 0x180E), (0x200B, 0x200F),
    (0x202A, 0x202E), (0x2060, 0x2064), (0x2066, 0x206F), (0xFEFF, 0xFEFF), (0xFFF9, 0xFFFB), (0x110BD, 0x110BD),
    (0x110CD, 0x110CD), (0x13430, 0x1343F), (0x1BCA0, 0x1BCA3), (0x1D173, 0x1D17A), (0xE0001, 0xE0001), (0xE0020, 0xE007F),
];

